x,y,time,ID
25.0,25.0,1.0640002108289404,0.0
24.894211527691496,26.23465922328386,1.2145367333924413,0.0
24.468342190962183,25.952299562711428,1.1612558280433074,0.0
23.99248633692831,24.33283122097433,1.0947043810511108,0.0
23.410917213021374,25.364605358727477,1.0224008950726613,0.0
22.400301530400228,25.209517781343727,0.9405222589228146,0.0
21.427258904046564,24.094343372431737,1.1502188618059794,0.0
23.15199576737553,25.650573396852764,0.9030926025435844,0.0
24.617713453389758,25.23261625243496,1.108267734893663,0.0
24.713850422300766,25.86442214198221,0.9818558272667166,0.0
24.82972110915408,24.821919566411307,1.1400189818344368,0.0
24.726017552022174,26.246992547767167,1.0397195004597948,0.0
24.961776608855686,28.1172076023446,0.8818997984191288,0.0
26.174527604239962,28.727297516084857,0.9824185946694163,0.0
27.543450648038082,28.618346726337784,0.9901009180796634,0.0
27.70652624439929,29.127701901436506,1.0944783293374898,0.0
28.916228852613635,29.641063278987843,1.0220882081106821,0.0
29.775022624172784,29.525814696822824,1.1201652859882836,0.0
29.398987948738046,30.498460948576593,1.019337909722544,0.0
30.72824778935954,30.82037503712284,1.0935635603085407,0.0
32.10248208655594,31.06862480017361,0.9236155074979447,0.0
34.02568778307906,32.14986554710262,0.9753978873073684,0.0
34.48889150891395,30.12946228598786,1.132050958287033,0.0
33.253855396226704,32.393648838096084,1.1487054975389823,0.0
32.06569221146208,32.007780462135365,1.1573782832543063,0.0
33.53005911230729,31.332924704523947,0.9459856150320964,0.0
32.40317397442725,30.990670792743032,1.1462206805419837,0.0
30.778998151530867,32.73550878778453,0.7057187797284761,0.0
31.83963775870049,32.171379258668146,1.04570744306944,0.0
31.858119499161706,31.54368465136642,1.0216968796240284,0.0
31.291530784601797,31.33036332164441,1.0969723218386283,0.0
30.996888237032245,33.35315577787545,1.0520014529283919,0.0
29.693274129301415,32.72742177312037,1.3068440768645269,0.0
28.853193917423088,32.53887770989388,1.1342391846098023,0.0
29.177810170755954,33.88676827095636,0.8201676847131034,0.0
27.913305527327626,34.080991965901525,0.9689394151579931,0.0
28.640786423730397,33.504202870769106,1.091933134414974,0.0
28.64768887952543,33.282567007791926,1.196102937566999,0.0
28.98570064164937,33.73057847951128,1.0906719436410566,0.0
29.646537140459863,33.597746129017764,0.9220596867415163,0.0
29.9103434741406,35.366242706397884,1.028821090918734,0.0
29.60118575703177,35.74957717055923,1.1157550735941923,0.0
28.999143110645306,35.40199601628158,1.015456933974438,0.0
28.923014718617434,33.89240340514963,0.8414063876576452,0.0
28.38083304070378,32.822802845772316,1.0338462192353526,0.0
27.821166246606047,32.182516933224484,1.06400628938925,0.0
27.40225363855236,33.26767600729327,0.9902809686679147,0.0
27.26442914344508,32.751908089091934,0.8735040306240417,0.0
25.66614939192321,35.40153542106576,1.0942934360937926,0.0
25.30261982035689,34.78736329239941,1.111833281403255,0.0
24.695898088769727,33.48812053650247,1.1205741038341162,0.0
25.4243341933164,34.077897245044035,0.7608341617110168,0.0
25.922145875782277,35.306236580123475,1.0619525278023092,0.0
26.709209853800466,35.54468476799773,1.1058903775408961,0.0
26.3066551349118,35.66209429144716,0.7470954791926173,0.0
25.239931225537486,36.27785887159615,1.136102955026835,0.0
25.253581377982798,35.27604016453455,0.9951046269285226,0.0
25.189608927240414,34.51087190842968,1.113589013997241,0.0
25.129469371425166,34.412564612207106,1.0249707655285285,0.0
24.344547880014108,34.066050327652945,0.7668636762949186,0.0
24.424025204790624,34.525092958168266,1.0364277177736545,0.0
24.089251746165367,34.96054769905011,0.8168485436363486,0.0
23.0858746204492,35.37938826178682,1.0287286169902183,0.0
24.0467336951707,35.35260720428087,1.0273541606558012,0.0
22.172324686821145,35.211500667167705,1.1211003139167461,0.0
21.207889819806766,35.98735213126896,0.8615801343669207,0.0
21.07526860324498,36.239095803678296,1.0342060602775318,0.0
21.762840742977907,37.36275507684937,0.8883077707962025,0.0
20.453860821631494,37.04734333897255,1.0856043958293022,0.0
20.94401363445353,37.434802278488135,0.9926552980498944,0.0
20.06203850593415,37.31696100825113,0.9589726649169062,0.0
20.600718405450493,35.183187741022735,1.0095766049362822,0.0
19.356713919973696,33.93747110729314,0.9984586181586029,0.0
18.17297348510815,34.33076526665562,1.2159039384632484,0.0
18.198781555733,34.453495147771676,0.9178223605350417,0.0
18.96319845425751,34.65159937416353,1.0718127322671038,0.0
19.01319580827875,33.59993732792469,0.9860927591079729,0.0
20.05624367339922,32.2407735207293,0.9592811864433013,0.0
20.71855153707213,30.078423140005903,0.8772540839822155,0.0
20.06943595389372,29.31093428684696,1.0973698772113676,0.0
20.961650772308758,28.068197497766164,0.991946982012142,0.0
22.570274775661428,28.06652512079188,1.0147075158735674,0.0
22.48625496844012,27.827709632144757,1.1494080810014238,0.0
21.805180562732144,29.134719859146692,0.9986604844388639,0.0
20.410560869683778,29.157879166753702,1.0006243189937856,0.0
21.210339910699336,30.451297923481338,0.8975701275555521,0.0
22.035251211793536,30.788292921795215,1.0611316867447613,0.0
22.2190104188197,30.59497816276004,0.8377770317477459,0.0
23.06033784059193,31.138767271295315,0.8790874929695282,0.0
23.57952392596369,31.04716764949039,1.2340645781028174,0.0
24.08701804829703,32.734712650281104,0.8846709609696585,0.0
23.725582378209893,32.45144853285049,1.0653063671661087,0.0
25.941741924613176,30.99180310813081,1.2137305153731046,0.0
24.43978749630678,29.841355130044402,0.8806615479579893,0.0
24.10295582919183,30.002828438171182,0.8391585850138753,0.0
23.98724042522785,30.491600896226405,0.9673329991389995,0.0
23.796509986334776,29.14948434769943,1.0555776953437555,0.0
23.781888773609737,30.13650420616497,0.8538896547799332,0.0
23.935103339492183,29.529702365220356,0.9419029481252726,0.0
25.005351992810958,30.898561978006008,1.0921770958128487,0.0
24.072426291956234,28.67060887480305,0.8342014896034566,0.0
24.3302481008219,29.92392427595404,1.114710839347039,0.0
22.91405187131463,29.80219071126313,1.1216637869277748,0.0
23.759038043717013,31.17151026827932,0.9228018531627022,0.0
24.970821183748477,31.407277981437627,0.9805629347927467,0.0
26.584999886609463,31.846388498781444,1.0219190423783515,0.0
26.81709785954329,32.461594580539554,0.9627465374940135,0.0
26.676530181383466,32.143956850346726,0.9501377224711394,0.0
25.398065222591438,32.03709721180563,1.0069316652540972,0.0
25.844376907204477,33.52751189412679,0.8294440753026591,0.0
23.841394134431162,33.85797288171673,1.038242920260208,0.0
22.765428681348393,33.300274861335055,0.9932470685145761,0.0
21.358621462770294,33.152585753784635,0.8997091760882288,0.0
21.712553301213678,33.158011698846096,1.1470802981461632,0.0
21.7520937121684,33.55799598700722,0.986237901561429,0.0
22.44617003107916,33.54884701503334,1.0355705298283726,0.0
21.641621917809378,34.07410516486666,1.1444585137556442,0.0
20.82198249730279,33.393003160620204,0.8244185590025549,0.0
21.6141156367168,33.45772748261887,1.1202719232815008,0.0
20.42071451780894,35.17694121597807,1.1126134965660153,0.0
21.91986697053595,36.15657003928892,0.9795967919288514,0.0
22.83315380532796,34.62390697939098,0.9125224817501956,0.0
23.0607123422573,34.57076392923901,0.9621019792076503,0.0
22.756860304760007,33.986639295311356,1.0330889872340592,0.0
23.190013709760052,34.863768434901964,1.1514659958314521,0.0
22.29268862020702,35.54770412480777,0.9892235571388621,0.0
22.82988213449331,34.976967080763856,1.2230409492801844,0.0
22.755647350904095,33.698146761410555,0.8643505609316147,0.0
22.162030201804967,33.78887164786819,0.8612838893073549,0.0
23.03574306333805,34.93880480057234,0.9027225181082554,0.0
23.609524353386426,36.27772535062936,0.9511563242485728,0.0
23.19445091941774,35.785751341438036,0.930648463766275,0.0
23.354237813818106,34.47500502562207,0.9425061938870788,0.0
24.13694202991921,33.27156688780947,1.0095003282761836,0.0
24.22862779481827,33.54105744914948,0.7714861949101762,0.0
24.529014297819767,32.81257464705034,0.9131617258019908,0.0
25.11136382529007,32.30915631609031,0.9220883590760717,0.0
25.42340867297668,31.449360286528467,1.1211867227656316,0.0
27.74727218568734,32.635424652396466,0.847756233252115,0.0
27.263141147348442,32.924899869474395,0.9036301878669282,0.0
27.324226313448644,33.427234511684794,0.9598472096263332,0.0
25.644245252848975,32.84331914248414,1.0359076883015692,0.0
24.826188475547458,33.52467404015241,0.9235823862998287,0.0
24.69251665889775,34.19828923184762,1.0508730568769697,0.0
23.8420473587768,34.53917491644541,1.189360297702361,0.0
24.71464531672931,35.41799892918796,1.0806625672850365,0.0
24.594650267785042,33.90091420700905,0.9523024590802975,0.0
25.423562920474755,33.69568943302455,0.9826608924535051,0.0
25.5156398484537,33.80962407038228,0.9481808188660479,0.0
26.438910599138723,34.12997675778752,0.8992056767908151,0.0
23.550883665806715,33.854663078220185,1.2345433849977483,0.0
25.4197930155661,34.617698565521515,1.1741346560065795,0.0
25.856099569331896,34.563196406074525,1.0370492755649752,0.0
25.79363261052572,34.92441573098562,0.9401961499860396,0.0
25.533843803534605,33.702643305366756,1.0276391244041452,0.0
25.659975646257596,32.612960985739115,0.9434853100665216,0.0
25.892947631404486,32.939431956651426,1.107373051785666,0.0
25.501775488877428,31.296163486269617,1.0648330377994137,0.0
24.955133448387393,31.25836303441127,0.9720663275002389,0.0
23.88448468445971,30.464164612279816,1.050313297907818,0.0
24.37442435738195,30.827427797431046,1.0093191420067205,0.0
23.833837904360582,30.449196886736765,1.119947619303725,0.0
23.741019381385193,31.772258441376373,0.936310285177496,0.0
22.3466186345821,33.42286545803387,0.8773686092787687,0.0
22.32131189031091,32.90875596133252,1.166212884703418,0.0
21.011663517627124,31.848798442607364,1.1502426386267726,0.0
21.06484612415837,29.50119673946339,0.9682116168538705,0.0
19.898077417855543,30.282228377750993,0.8328298444337544,0.0
19.642719460990293,31.65544217078536,1.0204500903316112,0.0
19.65360106354777,30.866528178699276,1.013182213249081,0.0
21.653844131318436,30.431437411762985,0.972552463508664,0.0
20.963131227788104,30.303449612281867,1.0468303857226076,0.0
22.149584230383812,30.842590809450588,1.0608247038169418,0.0
23.310092908489484,29.755086099215095,1.0659079703416934,0.0
21.320601803337546,30.96864289303795,0.9893077824331018,0.0
21.94353921348676,30.700885685149487,0.9410136006534793,0.0
22.24059456711278,32.4406444297065,1.1760266095665663,0.0
21.420954582059018,32.9785689703334,1.0714134003190263,0.0
22.267722680992318,34.70961965130938,0.9802762510981482,0.0
22.840409353658472,36.38769358184852,1.127972566677099,0.0
25.865025827845628,37.022185335376285,0.9772566160533476,0.0
25.02507055066167,37.32777382499194,1.0166205172731047,0.0
24.75132301590966,37.46927744845542,1.0821904179704345,0.0
22.520683462681465,37.88593992611367,0.7987774712053936,0.0
23.103588834034106,38.11894049218427,0.8864512444704328,0.0
23.768811253919292,39.05226801372798,1.1036410854831158,0.0
24.373483287936633,38.85001276193059,1.083150389255607,0.0
23.379690979088565,38.418038418530365,0.894758590275551,0.0
23.0536145318976,38.835288345288674,1.0070223859161478,0.0
23.12869556202136,39.63641037791378,1.1150829829977313,0.0
22.885299053152597,39.86487104340915,0.9663980365950143,0.0
21.460867760056274,39.94274947214895,1.0062979940379242,0.0
18.816635980061005,38.81858814737726,1.0469295680971293,0.0
18.616052273238754,39.91658822100119,1.146165251221038,0.0
19.072799857647592,40.69629769687221,0.7549598297588472,0.0
18.80451791840229,41.037020123914935,1.0476562827759195,0.0
20.200365148778243,41.849385999108684,1.0696357062392468,0.0
19.55745751653601,40.8070954736208,1.1288508318619768,0.0
21.76269540786705,39.628585136327,0.8666338348230453,0.0
21.071110077757883,39.40095696523436,1.0120446753729286,0.0
20.971123093113913,37.43032379941508,0.9680183189384008,0.0
22.18705876465927,37.428572330183606,0.9149206543659552,0.0
22.659077468096864,35.66826603549417,0.9803451131990033,0.0
22.084668212532293,35.08655122578859,0.9866268332244132,0.0
24.059177543431495,34.40242059296973,0.9696794854548484,0.0
24.39449806496186,34.263826087308146,0.8979167595286182,0.0
23.50760573853467,33.31276210845947,0.8562983890589134,0.0
24.81107628767452,33.2478271222634,0.888264551992556,0.0
24.70600238555035,32.60188090099538,0.8980385490678311,0.0
26.184655108095576,33.18851940489767,1.0227551272917321,0.0
26.279028889247666,33.06197020478965,0.9905358271382518,0.0
26.0579919316824,32.9911611873856,0.9116929732793626,0.0
26.377999611483528,32.730159532070985,0.8537554391270976,0.0
26.529248953249404,31.88574946677973,0.9314976961496431,0.0
24.992771709192834,32.58269060075063,0.9665092769570715,0.0
25.794678585805272,30.633363332569996,0.9128426540808685,0.0
25.769297254344856,30.761762661824037,0.9313014400171269,0.0
24.529306388815566,31.366007627967534,0.7880098192186771,0.0
25.377610068984755,33.10772829376856,1.0049962330654527,0.0
24.273236745530877,32.10734138720671,1.0620679340394719,0.0
23.239655903788208,33.40429341214842,1.0021379229080054,0.0
23.287523342744613,33.755870756431605,1.049715522133423,0.0
22.39199306310437,34.732173240172806,1.092475403834785,0.0
24.785454725744902,36.020758985781505,1.0364175527184771,0.0
24.672417759871955,35.42260838230109,0.9308569297300677,0.0
26.217888704861824,34.81470487702782,1.1409251206749518,0.0
24.71629525033395,34.51839620830685,0.9695646294690131,0.0
25.311106101752596,34.26155386028363,1.0094523595152256,0.0
24.86760845127133,34.20360408691409,1.054356770352614,0.0
24.978095875059957,34.41554710161614,0.9043251688192746,0.0
26.077686204224793,33.71394919388164,0.8622476511227167,0.0
23.8524175662986,33.1001048248268,1.008976538520767,0.0
22.727781131335682,32.87924152780535,1.1134583488152943,0.0
21.313776597259903,32.98952856343398,0.8137759460485947,0.0
22.562042362256037,31.707837309381627,1.0148060867842,0.0
23.537874538352266,31.11524731073171,0.9072013241643926,0.0
22.99730486021225,29.994267019919935,1.0062106746152701,0.0
22.959338712398136,30.3085764988,0.9176608424678369,0.0
19.795708886972303,29.29082249242059,0.9536960740525922,0.0
18.154359512485755,30.054692976753476,1.0011433264993146,0.0
17.975931470865884,29.746928314287242,1.0431063223074497,0.0
20.370765457021008,31.305739957320473,0.987469003608321,0.0
19.224279654928107,32.41880775065095,0.9466663995025376,0.0
17.16587657795234,32.18798702545905,1.086276366934773,0.0
15.908778053155864,33.31459512546816,1.0515462727757572,0.0
14.284981801430293,35.23355184190641,0.972016340894226,0.0
14.530771761071865,35.28986792439811,0.931363247448412,0.0
14.406631620483605,33.44562112279812,1.0674505003489358,0.0
14.849521598558294,33.374556008726785,1.0542766761904518,0.0
15.533614158518372,34.36232318544075,0.8470968351823039,0.0
14.821225934216796,33.49422696812103,1.1494294092286717,0.0
15.070284625258045,33.43685452951393,0.9962899135218276,0.0
15.838492994120696,33.84344319921727,0.9961081904409084,0.0
16.443989505990977,33.56122850697778,0.8813862400072223,0.0
15.678718925337973,35.88148092575709,0.9512494675541247,0.0
15.375976028904114,35.80865499698641,1.002764174415484,0.0
14.999739678318734,35.846145574547585,1.1032591482846101,0.0
13.830057123353937,35.63253272281545,0.9961211747783386,0.0
13.676693232234927,34.760478294572266,1.0965781638555607,0.0
15.17882562912622,34.26989173131876,0.9671684142011434,0.0
12.921904486823824,34.41448028217029,1.0051544746610184,0.0
9.878635554814315,34.86654246076448,0.9834894275263036,0.0
8.691287605729121,35.3253670808984,1.0118334784192429,0.0
8.90865464993469,36.39981790510618,0.9381650643390356,0.0
9.263658489939694,34.22767529015227,1.0231111972985814,0.0
9.639076842540847,35.81315533277674,0.9523309365842655,0.0
9.644355532347612,36.137292995621365,0.8662495211744612,0.0
10.216019562055914,36.53491087123903,0.9907517087221169,0.0
9.658735178907932,37.17973366561167,1.0153212841722348,0.0
9.266634221446212,37.67253678571267,1.0784776457871963,0.0
8.916886482476231,38.61943572641923,1.0749692870372392,0.0
8.389127880355222,37.79902733226553,0.9376558663700426,0.0
9.909760578134597,34.96581461396737,1.023414640293914,0.0
7.942138325218404,34.80439127054546,0.9508589866248703,0.0
8.615066269542766,35.26643242774522,0.9734747908841976,0.0
11.232461879308463,34.974255125752705,1.1389844460204726,0.0
11.634363885455588,35.07518099267063,0.9632027000072894,0.0
10.41482554460779,36.590451378661754,1.032824970647366,0.0
8.787266743716879,36.44622005510125,1.01254204390106,0.0
7.66581810368002,37.525139122238386,1.0098326546175422,0.0
6.53776305562364,38.20106677944648,1.1039570944553707,0.0
4.612946233531667,37.78864312885967,0.8691538836436652,0.0
5.383060961457532,36.33666784813359,1.0260727917001549,0.0
6.06255068323417,35.89768672714952,1.0813814432100362,0.0
6.532123373795575,36.38107667848745,1.1360994468774561,0.0
8.342523351009568,37.76519175171598,0.9743801002034367,0.0
8.181060757074986,37.191477878347186,1.150086823593309,0.0
10.20861946384491,37.75621434085022,0.8451272826234186,0.0
10.999012758384964,37.24973077217017,0.8737948276311794,0.0
10.75957721605871,37.642528936476566,0.9217253471539057,0.0
9.798937003790135,38.7400026765611,0.882542763624796,0.0
9.215781644469466,39.237317324434976,1.0406539502065262,0.0
8.680352944104623,40.66095492303224,0.9957669344694462,0.0
9.832650219557022,39.96204300136978,0.9751802159484312,0.0
9.786092291901788,40.40782971896751,0.9796584613937058,0.0
11.420052698670801,38.51948603788467,1.1708398228468682,0.0
11.080427668938672,39.254403262956814,0.9389843016627748,0.0
11.226406902103147,37.73745734831371,1.1117738759582452,0.0
12.130002308885024,39.94256200741838,0.7448172402514421,0.0
11.842572149482038,39.57417798666052,1.052265731813106,0.0
12.547840940713145,39.91767683084911,1.228361360736647,0.0
11.902906199688873,39.29685627933447,0.9228567092050453,0.0
10.790344154522856,39.209756887865964,1.1814337953852276,0.0
9.755781634529216,40.00580160133882,1.1369803561203482,0.0
10.144947068955178,39.32086309487029,0.9043679534168216,0.0
9.802528969935137,39.50919255005798,0.9194999782329764,0.0
9.043915798797324,39.745493783562864,0.7824732144027718,0.0
8.19900786623613,39.320661861804005,0.932107039628545,0.0
6.891973460400959,38.25755847324159,0.9545740311924635,0.0
6.934991562568511,40.25918428711215,0.9613608436012006,0.0
8.05764298706346,40.899312352658626,1.022232802977971,0.0
9.287242698753918,39.690554172178295,1.0628664978804376,0.0
8.980549377198386,39.47423139556982,0.8512562800374375,0.0
10.809197533833949,40.56726437678183,0.9757037440906768,0.0
10.231994672952869,40.6317756590836,0.8809776329759831,0.0
10.0476591750796,40.94289485368008,0.790771219446294,0.0
10.151865291641725,41.81105212574577,0.8581055131687019,0.0
8.532148361639074,40.423377363525724,1.0449520463175845,0.0
8.05170340981253,40.858746781651675,1.0667757859454092,0.0
8.375723687515555,41.837100471695024,1.0440055559374533,0.0
9.684916174882929,41.940670234742264,0.9140418907541228,0.0
10.046606650539516,40.418360641404675,1.1766834577726364,0.0
10.363797463474338,40.39513042603386,0.8652816165812174,0.0
10.813383919311862,40.048616396466265,1.140463959023934,0.0
11.382408532652146,41.23120144803543,0.9728971490340039,0.0
10.77319268088387,41.72305768292264,0.8059075135571268,0.0
12.129074013340961,41.22870828805567,0.9870742227265007,0.0
9.845052502520552,41.70438063657458,1.0269038433790054,0.0
9.085988733610398,42.27146450500205,0.9929912213909718,0.0
9.229044003948719,41.94378736459829,0.9598537274644187,0.0
9.84412244999761,42.237465790174305,0.9677458978717038,0.0
10.18293884554082,41.47841344518482,1.0453743617612343,0.0
11.820182702267706,42.15695706644734,0.98916600475671,0.0
11.571020440342382,41.054162058150375,1.1164028386471212,0.0
10.84414588723614,41.845924908750995,1.0841067233004988,0.0
10.40036219853216,43.263375569774055,1.0421932866986943,0.0
13.450952580839026,42.14172305510427,1.0358333107386763,0.0
13.813131541936198,41.21580024942423,0.7751106232363715,0.0
13.800659018419445,40.368528505245976,1.1885244608532446,0.0
13.136625152371607,39.69842141701423,1.06187010756384,0.0
13.345841964387278,40.17973322634726,1.050487900313083,0.0
13.313128086496265,40.49478504085642,1.1835596387217724,0.0
12.979680295493415,40.17651674837875,0.7964595171531389,0.0
12.579766965772146,40.21724159242309,0.7961031321962138,0.0
11.468958484519971,40.31020649010961,1.1342799104557895,0.0
11.434757917290517,40.729166302630574,1.021406838403076,0.0
11.678310721214213,40.43502874042239,0.9826330578776049,0.0
12.939663799447432,39.79344244662146,0.8755298392734339,0.0
12.151826025335758,41.4252911050421,1.0308808199516863,0.0
12.096749248185068,41.25318919265583,0.9316284804494099,0.0
12.226760730946195,40.563296400609126,1.0222892975462368,0.0
11.349991293889321,38.60497817131261,1.056514432881608,0.0
12.462161301548166,37.367497253950916,0.931217009577846,0.0
14.34823114116939,36.81975570460354,1.002860616296644,0.0
14.823334573602644,36.42202115193272,1.0127327684761402,0.0
15.822931047288272,36.39792686893543,0.9125834803042581,0.0
16.795277991043104,37.10933178317275,0.9244986757078075,0.0
15.915692994622368,36.2763442055166,0.955200044242867,0.0
16.11592315710526,35.124722823265195,1.1317828005276325,0.0
15.794403628369027,33.244609038183945,1.0267797517767894,0.0
16.062741951048793,35.39312236934662,0.8508823290199005,0.0
16.71888351607275,36.63590536488936,1.0964727307040958,0.0
14.896282346713122,34.8015020830511,1.126429109253749,0.0
15.775781109077194,36.252718393560265,1.0207042453077904,0.0
15.232128488445069,35.03416969126104,1.095348726059315,0.0
14.702200229390257,36.224910360722944,1.0615204630720092,0.0
15.152806217721551,37.04054964937643,1.0538070137937492,0.0
14.993430633069966,37.77610355752125,1.081541057680951,0.0
13.913079245838214,38.17998616161667,0.8999727938622591,0.0
12.497111029841339,36.493657229202725,1.0029907009115662,0.0
13.892227194645653,36.95849643477486,0.9432242620188065,0.0
13.1087128769765,39.135222712652464,0.7796218174295488,0.0
12.64113463228296,40.621098279021666,0.9823501065383599,0.0
14.075400448699172,41.99912461249639,0.8268216935406953,0.0
11.399352371807094,42.95730555657013,0.9871603133907252,0.0
10.193943826148175,43.743777496557584,0.9774372958560318,0.0
11.220491731370123,42.993226744610986,1.1618899054793654,0.0
10.698664413486945,42.50558061068541,0.8713560988279937,0.0
10.500997010725815,42.06753226354378,0.9866425608285335,0.0
10.263823957581785,41.54937755167873,1.0238629327710524,0.0
9.342521564973127,41.581214702015494,1.015747674721713,0.0
9.653039782515837,42.58740521250937,0.845047821840691,0.0
8.838579025865718,40.52258917310631,0.8231944086320261,0.0
9.789187477250232,40.97659832105207,0.9196303401125003,0.0
10.11840746560824,41.878850215153165,0.969597183956598,0.0
9.883221510950195,43.356056476276684,0.9575624457044877,0.0
9.581042153231603,45.07032851999691,1.1258289436475053,0.0
10.0853747790706,45.067041771918554,0.9911303271093607,0.0
10.631496699642428,46.88506463799865,1.0218705175161793,0.0
11.688132703301441,47.057069623016176,1.0416092365109932,0.0
12.778842589831669,47.8554419823423,0.9693179442358268,0.0
12.420507236706497,47.98226139497799,1.0777064860421133,0.0
11.498049065778305,49.134572518674055,0.9757965982715271,0.0
11.87344841965168,48.00222419482819,1.0069704526919545,0.0
13.049583219174364,48.541178872091336,1.1574943802764084,0.0
11.593621783375434,47.461809650107064,0.9845393863173035,0.0
11.814413997895716,48.80484542613578,0.9673688078722886,0.0
13.842241002714033,47.69177072483392,0.8833689908073385,0.0
12.812202594095723,47.054277678116755,0.8714650077980077,0.0
14.239667697260241,48.629144803754215,1.037122578421249,0.0
12.769804470909808,47.32423795816933,1.2013859697291074,0.0
14.677707270209716,44.40151437402256,1.0399686088007336,0.0
14.278704612395032,44.19985358547494,1.015191578079811,0.0
13.44276691086988,44.27091832099044,1.1383680167492172,0.0
11.919488564837728,44.138387035210194,1.0071720237128297,0.0
11.131146278698374,45.11509168993036,1.0252207143765713,0.0
10.598591161311008,44.68154605090238,0.9444514516894094,0.0
10.163204990676688,46.017891159570446,1.0257117457733091,0.0
8.57862027497801,47.11232173136301,0.8942256664563826,0.0
10.166993595973473,48.801292050031456,1.257143508898701,0.0
6.876906403239554,50.49761163417632,1.0838406998995607,0.0
7.685268286533682,51.551264423569336,0.9735617042878596,0.0
9.078146296598295,51.07303248083718,0.8849991596467466,0.0
7.367331809140761,53.02832851415477,0.9967254756963745,0.0
7.162839350044457,52.70393521927776,1.0464019888858374,0.0
7.897998828876077,52.18771738850352,1.1094322483407744,0.0
5.597910833783025,52.717881463065,0.8939776633025488,0.0
4.045879914595181,53.85626609714421,1.0486435766155962,0.0
4.7790458366463,55.247598595273715,1.0431038512709967,0.0
5.828597666630069,54.38695203040504,1.0534158217859417,0.0
7.199030950399665,53.39849376236469,1.0231926010118202,0.0
6.100998216064575,54.80359676698923,1.0035367692506063,0.0
6.041856598009657,54.247110756266935,0.9907423128120469,0.0
6.001665205247228,55.34099429786702,1.0576985789578253,0.0
6.382120557759782,53.733160684957355,0.9611410041369369,0.0
6.161996677111082,53.010485243028484,1.1115498380628552,0.0
5.706532432861811,53.87866796851571,1.1215267900292023,0.0
7.126539411784131,55.60160616884299,0.975824254289688,0.0
6.868741974297519,55.1726352300171,1.1360774714097466,0.0
7.189643093347993,56.331267840733766,1.0075044520838594,0.0
6.694387917975586,55.60928291427332,1.0114387834633265,0.0
7.8560285703195225,54.85938353064279,0.8570848537074911,0.0
7.638023871488128,55.257147345238025,1.006575866321688,0.0
5.88031631012829,54.92030350407897,1.0572381943260802,0.0
4.257978248534702,55.2215038795419,1.1304228550941122,0.0
5.019505549889197,57.279544334985765,0.9615073570699706,0.0
5.419119798585391,58.97943603620824,1.0113774186292646,0.0
6.624157711797183,58.51188122115012,1.137450737484374,0.0
6.063981947131393,56.66458646585875,1.144962309161123,0.0
4.5426652661069875,55.309985646362335,1.0223694092967914,0.0
4.829146786982029,55.42630164406614,1.0399346696757426,0.0
5.709114236892999,56.565048669967716,1.0049917573662706,0.0
6.227462187924946,56.31348263657925,1.0275141797282799,0.0
6.7491684953137066,58.40898425099384,0.9084871080530061,0.0
6.530949546969981,58.677443548618925,0.8542140986733995,0.0
5.0779420763928655,59.03456354048807,1.0108833982208616,0.0
4.800347651760007,58.64470623587213,0.843177704659341,0.0
5.472187034078643,58.19142136485566,0.9783696245851463,0.0
4.943964852825747,59.33501707907106,0.9019900255254474,0.0
3.862752504561927,60.190862586730404,1.0955200746877267,0.0
2.7516208704025944,61.08789710417999,1.134002942553232,0.0
1.5890971226588073,61.72975856387847,1.0045358950430918,0.0
1.3046914589855378,60.09075029941473,0.8363819273480174,0.0
0.7597025163724659,61.555942235397815,1.0621007655979458,0.0
1.7147519904331738,62.363851582529804,0.9272821802572007,0.0
2.8128710078681656,60.88495410222319,0.8524208655747322,0.0
2.1312345020972794,61.81075984365096,1.0197405339604626,0.0
2.3166164445280906,62.436861098135225,0.9366248905333612,0.0
4.507440822716302,62.3253040998643,1.0404504544276039,0.0
5.540463133155487,63.833567383659506,1.0825249118885434,0.0
4.414047600079282,62.522187066371835,0.9526997252587838,0.0
5.344558018117177,63.3372698377628,0.8671377591822643,0.0
5.027702473032956,62.862554250610025,1.0186967142926193,0.0
5.222575553081716,62.6319080992342,0.9418125783201732,0.0
4.410436788987137,62.724370560661846,0.9892498717628845,0.0
4.502251329011079,62.298233471555626,0.8062261920927986,0.0
3.6828671561557664,61.804737752486176,0.8257744462555748,0.0
4.6444481603493735,61.56876599967974,0.9836474346947562,0.0
6.997381731243845,61.12080816053595,1.0902859072525757,0.0
4.600861264237622,61.57631055669761,1.0892334800765724,0.0
2.4915241765782845,60.113351989793884,0.9423264020416364,0.0
3.247659033787473,58.80649126006575,1.1037789297423166,0.0
4.614422040423043,59.02389285299341,0.9913385804219204,0.0
4.068361829284415,57.67025996473679,0.8541494576474742,0.0
4.68252886973454,58.289591326847074,1.128254149956947,0.0
4.447548720118124,58.393574047179335,1.2066642953915325,0.0
4.1544501461621435,60.477353294281606,0.8983653371127724,0.0
3.8810090445160594,59.754642644254744,1.1105313639002625,0.0
3.2280576735594395,58.766964001095126,1.2401331554287802,0.0
4.245199614953195,56.37442251802209,1.0130139755626875,0.0
3.795553775638454,55.731323059858504,0.8406148647220814,0.0
0.6479459860410617,55.549844619955564,1.1584302483817934,0.0
0.38236058046663635,58.16495771413312,1.2633367288068993,0.0
-0.3773965379837698,56.69790900712216,0.8218759042873928,0.0
-0.23880146267664115,56.02539057050367,0.8730856694730706,0.0
-0.6917031204114614,55.8101516718845,1.0148477260787947,0.0
-1.3169720396410944,56.18437376174111,1.2284773436713035,0.0
-1.986271109907801,56.89568189118352,1.1400456677167046,0.0
0.27079128387618234,58.13047664866551,1.2336585923343892,0.0
3.1504910759684344,60.64878254692496,1.053281809970445,0.0
2.1397205719211065,60.84959595339854,0.9884027211472012,0.0
2.4196489962650762,61.60365197281038,0.8917992644590906,0.0
1.0885752303285399,63.047839253611755,0.9927330776673933,0.0
2.2082786899063356,62.77742417281564,0.8313406431848036,0.0
1.6159804185110254,60.3258806454521,1.111122334011114,0.0
1.2689178926614497,60.04171960080482,0.9138640445384082,0.0
0.8858633625102226,59.81718453710408,0.8672973088233966,0.0
0.6280527255302424,60.342125647916525,1.0464031157825702,0.0
0.956896406964783,60.59274191882059,1.0809244867492946,0.0
1.7151346782582386,60.372773857968085,1.0452551391659477,0.0
0.2660600178944683,60.43086044167612,0.9485080521456548,0.0
0.28299971829462706,61.760132204323035,1.111027144234327,0.0
0.3521812946910442,61.17281912799213,0.8720751264269642,0.0
-0.2132126957009221,60.39078006632396,0.9137329382320187,0.0
-0.3276222258949302,60.31178392154086,1.0240758802611958,0.0
0.9561257305853932,60.47468781904929,1.02057381483014,0.0
1.415608242780361,59.70884256982042,1.0028314061784853,0.0
2.8891826652042747,57.62033927172881,1.122982288799028,0.0
0.8843459434081887,57.485710460297724,0.8492796670777712,0.0
0.5877423799493112,58.85400878243793,1.0780546487883462,0.0
1.0160467359435918,58.93773655762597,0.9107636000184717,0.0
2.71495267223233,59.31283651965643,1.0372853687692385,0.0
1.434551305548673,58.74333893718232,1.0362157408074393,0.0
1.7382650684722623,58.98392902665699,1.0109895875587145,0.0
0.6949301500810826,58.54420472873275,0.9668221011590381,0.0
0.4821102367022544,59.27299937105726,1.0999079213186633,0.0
1.9058794227139346,58.5063000643323,1.0277597579554472,0.0
0.04708399457840162,59.362197092632925,0.9053307934016656,0.0
0.5461883221529702,57.992870603634024,0.8903392608619074,0.0
1.2150743500959897,57.8882535401622,0.9973728351131383,0.0
2.6452385284509043,58.31353379736924,0.9575578321467804,0.0
3.257480359852795,57.78889931538177,0.8569964330905513,0.0
2.8845238497296966,59.147286240858655,1.2231897089393882,0.0
3.6868207809541937,57.25033813471097,0.9382737073758087,0.0
4.3852263500655555,57.159336015688105,0.8742018406476112,0.0
2.981503284702659,54.41311435597376,0.9539487909946625,0.0
3.356643551431869,57.445246087043955,1.0366153200999402,0.0
3.50124234349072,59.951355451491374,1.0656136953053168,0.0
2.493921461080029,60.13367565523332,1.0240025922278002,0.0
1.3508874686409738,61.54340526872961,1.058127271607088,0.0
0.2937362478235202,60.67443910008045,1.0585375512063107,0.0
0.7160373619290599,58.37746975507656,1.0592776243711948,0.0
2.6127367024923815,57.58743708951816,1.1026333806804887,0.0
2.8985027344396954,58.50969382933614,0.9244979787250769,0.0
4.258402141173699,58.66793985813216,1.1959371595907904,0.0
3.360761347813719,59.61593124083705,0.8497952765190531,0.0
2.897813186551084,57.89139144666911,0.9796072279337878,0.0
3.0373978304464475,56.96247507129119,0.9614639084752722,0.0
2.356251041272536,58.05002742292585,0.917123544470463,0.0
2.5036325424237207,57.278318607691,1.01061793953784,0.0
2.17820289001922,54.92166180398293,0.9596250542731929,0.0
2.545410124553949,54.706351896679564,1.0453023641918335,0.0
3.1880540442739256,54.729055337386285,0.9155623673494886,0.0
3.77589796746388,55.60250724733738,1.001594785565101,0.0
3.6219704764817795,57.00872570705838,0.8055342208608902,0.0
2.8802160222219344,57.09242704805557,0.9631756611700487,0.0
1.9704127932871667,56.3439952319143,0.8226203144216663,0.0
1.36560634452446,57.25223622950432,0.9723386651415364,0.0
3.313984617635506,56.68928807697903,1.123181438199737,0.0
3.6437045439104434,56.39171811406582,1.1001254851079048,0.0
4.047557393196758,58.964449632321255,0.8860348637617225,0.0
4.570829541519322,59.54881393022941,1.1524724522950285,0.0
4.157993076223367,59.838937617571865,1.1602747536073301,0.0
3.1240567857877233,58.8945425208131,0.9603154718421634,0.0
3.2029478049202553,58.38444457911101,0.8573645978575348,0.0
1.857558689925643,60.31860369704186,0.9510066819455516,0.0
1.2701759638068006,59.810300640138976,1.110376942365802,0.0
2.3975395943269833,59.694615479970366,0.8707373602952456,0.0
1.8515341303507336,61.48001296166983,1.1190673916112979,0.0
0.1216066511989844,60.20685577273606,1.0089745182420706,0.0
-0.537612802573709,60.18420460197655,0.8911322502402325,0.0
1.1182618050171875,60.322514461435965,1.2116516304113167,0.0
-0.7923037710904732,59.98682292423992,1.0000080584398723,0.0
0.25054018751512563,59.95227269264678,1.0595750153096135,0.0
-0.492928763176521,60.74907200841505,1.0628641186810277,0.0
-0.5743585940558629,60.109726851425954,0.9968651986834735,0.0
0.20291857633737442,58.22517242518673,1.0156199745410137,0.0
1.7558354788138424,57.152994694563574,1.0140844851755333,0.0
0.9467658748291812,55.55909486301636,1.027059266530167,0.0
3.555366867699381,54.86748379658428,0.875960781542993,0.0
2.6396034405964435,55.07934974826628,1.0266470386902198,0.0
3.78124019530879,56.591664262854806,1.0426922841670658,0.0
3.372567647802686,55.57032751151788,1.0286300016510874,0.0
4.417090054214396,55.98604603330269,0.9075003694323182,0.0
3.808901917761032,55.244046060329225,1.061654409901611,0.0
2.234292901205497,57.029017125629565,0.8121146285711396,0.0
2.6344543612801448,58.214230085142496,0.969715603613009,0.0
3.2705097722543526,56.48817082197617,1.1274216803006207,0.0
3.8680483880503957,56.44967380606083,1.2104687685845499,0.0
6.688655024031366,58.436455632409704,1.0067820330148636,0.0
5.5281532247806755,58.20081762881674,0.9877968166792794,0.0
3.828974360807616,57.716989503205596,1.1234138214243679,0.0
4.762209460543,56.291243868344026,1.0388307633196843,0.0
6.754963116578075,56.114792300336674,0.8834467221651686,0.0
6.261466457009631,55.823842884045845,1.0386753262500903,0.0
5.992927679452755,55.51804647784451,0.8246125401615636,0.0
4.860255947536823,56.768466325505536,1.027608158656676,0.0
3.1954154050260803,56.42067680630462,0.975109160712632,0.0
1.9535262240944915,54.60761568789679,1.0583311961624604,0.0
1.945010694074456,54.46911703241738,1.0046240779911415,0.0
2.4293178323715745,52.28697838737427,1.0786035511105354,0.0
2.705703002966013,50.99091594626481,1.0992129148744791,0.0
2.062382231998619,50.9198064962318,1.0615211013045875,0.0
3.5909830050326637,53.081376248471095,1.0302946430288082,0.0
3.99039485400023,53.39212471354355,1.0819980044821575,0.0
3.0220346517300727,52.95261293213936,0.6712276170437604,0.0
2.048486154849849,53.68943247208554,0.9386153144674905,0.0
2.6004661052345712,53.47170747129863,0.9796450662264836,0.0
2.977429399575491,54.242148678735894,0.8645682444620693,0.0
2.1863382139251732,53.53067329023092,0.9768360528627175,0.0
2.246314201096734,53.365006520658554,1.0547469548693509,0.0
3.5935440343915976,53.25465015329462,1.066699214935232,0.0
2.7396046243959837,52.33427118133221,0.7926245344803268,0.0
4.607140178745147,52.53247996107483,0.7633437797904523,0.0
5.191627754499623,52.53543401353562,0.9753789780469452,0.0
5.836971072474914,53.18204781536444,1.0727389564607153,0.0
4.8673276451023115,54.30137665904705,0.8340311067361139,0.0
4.414827787699628,53.766350458176554,0.9407776945168944,0.0
5.888205147710467,53.75231649351727,0.8624724391897791,0.0
6.662658314715193,52.9621439902177,0.8639096773762034,0.0
7.6440187131277515,54.01390696462331,0.9424740452100837,0.0
6.1643074137386655,52.79163573445833,0.7267600308230373,0.0
4.786077639907466,51.338799726538554,0.9544255697328987,0.0
4.760865504987019,51.70227867711581,0.9779418462415869,0.0
4.2224975697117015,51.74253450249221,1.0125149184134747,0.0
4.842813206059847,52.14374367059158,0.8633095896634625,0.0
4.8095060596238515,52.3903124910109,0.8547179789320567,0.0
2.4155555736293346,53.365417841260715,1.1121659811813607,0.0
2.705171550664338,53.28223155789551,1.0861861150363694,0.0
3.5030786228179913,52.31611346781703,1.0235981421102702,0.0
2.4837312269079757,51.93330561754722,0.9908571260152451,0.0
2.356618667133376,50.33246878242228,0.9027211367589063,0.0
2.6586025440389043,50.56994648198067,1.0366679234911689,0.0
2.773462402498139,50.34571329859824,1.0567547532881554,0.0
2.7247488445392847,49.72796322084095,0.897612027167646,0.0
2.460971847692913,51.58997202229052,1.055945642708991,0.0
2.33522012252487,51.92119880612501,0.9122189043238483,0.0
2.6728405109077644,51.432468011648005,0.848833760836102,0.0
2.7515763325018257,54.314457345786515,0.961019128254315,0.0
3.043386216129596,52.4393172871933,1.143230269971961,0.0
3.564134061631723,52.61836785244077,0.9200728462829499,0.0
3.6942194966131647,52.21050890690125,0.9535727951326315,0.0
3.751304978823596,52.870075140824774,0.7481579490029323,0.0
2.440599860079271,52.90428494053957,0.9518594419140003,0.0
1.7124007159004004,52.957278475658164,1.0681042839717105,0.0
0.8562921507266898,51.12381883458724,1.039821282956975,0.0
-0.5653848692210415,48.636204388615326,0.9172250415509977,0.0
-0.18622699825205014,47.23035053915814,1.0819941053723765,0.0
-0.5496866726394345,46.20695365110936,0.9349736139415528,0.0
-0.6872392728089632,47.351939802726946,1.066064394241976,0.0
-3.218399150067385,45.78929502892015,0.8648397236607014,0.0
-3.122417493496765,46.53678578152173,1.080344554773562,0.0
-4.020739094151371,45.28519049186794,0.9362601234779181,0.0
-2.721688302651728,45.505230268106146,1.1021705503913168,0.0
-3.8173990733043466,48.5890243950074,1.196593997939427,0.0
-4.700009441556026,49.68486322787287,1.0592899414930466,0.0
-5.119067544441582,51.033988663621976,1.1293594865500696,0.0
-3.719381922442408,50.3005537854838,1.0103755277054802,0.0
-5.222453269367124,51.24457493093765,1.0958102250394948,0.0
-5.285674444994033,50.06541173113664,1.0083283119810962,0.0
-4.2541272808873165,48.88223623700422,1.0562295020763903,0.0
-3.283150471364272,49.6226380359551,0.9627607287063227,0.0
-2.204870274765709,49.55152551492114,0.9746199677647736,0.0
-3.226126314562179,49.27540195424462,1.0989496803517833,0.0
-4.186409434399582,50.20103311473134,1.0842431114265751,0.0
-4.489479019097524,49.38913843369585,1.0612189947550246,0.0
-4.742821721256252,49.65501235104571,1.0785809972531166,0.0
-4.890945715512277,49.528253603615134,0.9189145264590105,0.0
-6.4671541782394595,49.11652121979261,0.9063071437158077,0.0
-7.138471396671704,50.1222038403175,1.1364755508735613,0.0
-6.743335331210094,50.49999124859011,0.9143509367162009,0.0
-8.09046754803791,51.36016341713714,1.1613916448075008,0.0
-8.75107926494154,50.9740296331336,0.9030160820669877,0.0
-9.530666244545968,49.356241006665776,0.9956673662181077,0.0
-8.404017862107384,51.27251239102984,0.8728711793550442,0.0
-7.674582188953467,53.104664841639206,0.9155390239031473,0.0
-6.898853704657518,53.37674107890594,1.101187493187324,0.0
-6.924256641762223,51.657643532454294,0.970980458978898,0.0
-6.474798910046314,49.73450746223941,1.0105261006703374,0.0
-5.554628911428364,49.97163018779566,0.9486791456986353,0.0
-7.1029608017086305,51.34400163066018,0.9412977220889258,0.0
-6.7954001000538256,50.43074350013175,0.9443108024083242,0.0
-8.578205442142295,50.76399950805232,1.0602522617422259,0.0
-6.87771026854299,49.84955104137051,1.049072989061711,0.0
-8.047673977449408,51.161684794513086,0.9027267673449821,0.0
-8.275729258939013,50.23028637470568,1.0158386670502593,0.0
-8.550579833441892,49.57660183050901,0.9320129988915467,0.0
-8.597829589740202,49.09996734168364,1.0614520854180307,0.0
-9.945260380734421,50.056544102694154,1.0450593782622208,0.0
-9.982257140134019,50.37059883103541,1.0308491677675802,0.0
-8.894059628110378,49.07435776223249,1.1134595609901783,0.0
-9.311175631798875,50.363726041322266,0.9759214365481872,0.0
-11.174844898983874,48.39815673580404,0.8932065276791882,0.0
-11.109186718061956,48.72281272048488,1.0335863221728967,0.0
-11.597715113044758,50.484995342130496,1.0583404444612925,0.0
-10.894201785418607,50.580059389808326,1.0339683702835563,0.0
-9.384369985817019,51.303388811892944,1.1054807279165326,0.0
-9.90224111508511,50.03242013099155,1.0740775909494098,0.0
-9.47951121957895,50.38666818166096,0.765508614734007,0.0
-8.784092410228405,49.7637849834987,1.0856549892886898,0.0
-8.804869394222344,50.02633249933186,1.0257822781968817,0.0
-9.013392436769331,50.0374613387315,1.0749666281569124,0.0
-8.932946847399343,50.13821890568961,0.7917930243357659,0.0
-8.062535020259492,50.74438046437021,0.9323030511114312,0.0
-9.335918205561812,50.11052411394903,1.0724393631252132,0.0
-10.453922339315033,48.976926172197594,1.1112606057592924,0.0
-11.048638668774377,48.51552879822522,0.9565126075750138,0.0
-10.410407948102007,46.79334012284829,0.8809181682000611,0.0
-11.027607224374409,46.38365137953148,1.0811874291901014,0.0
-11.945535490220491,45.382008570109285,0.9013562927453497,0.0
-14.741648851350574,44.928086156847854,0.9653625791173124,0.0
-14.927922235132526,45.73713307920669,0.9130882241138606,0.0
-14.686336220620497,43.573586849685604,1.134401261910571,0.0
-15.60115732810223,43.43934009103186,0.9700549454232861,0.0
-12.96553456504627,42.91600429388952,0.9093884560082656,0.0
-11.060839788415855,43.3477184321266,1.1325819727409956,0.0
-11.013342668021178,42.8046116204399,0.9836680567322471,0.0
-11.068857353222823,42.466789571845545,0.8307004818651174,0.0
-11.124868969323328,43.11366297057559,1.161604606189852,0.0
-11.2739834229973,42.47826998443778,0.8554681741965262,0.0
-12.031034109904718,43.03683883799738,0.9374551980064076,0.0
-10.856808827361318,44.23374483175716,0.9501109437395322,0.0
-9.721320311804938,44.60379054280243,0.9761850967300876,0.0
-10.064677474838584,44.12595335311434,0.9444397464100425,0.0
-10.473958869492877,44.898970536373646,1.30452380647061,0.0
-11.435902765349962,43.77944484312205,0.8968672080133808,0.0
-11.958321923011924,44.635764573355125,0.8851355192177429,0.0
-11.834159264585235,44.503159439023314,1.0932993015608823,0.0
-10.079960747203042,43.1111558507777,0.907878266134619,0.0
-9.658152732301721,42.593195135953536,1.1772991799639196,0.0
-8.650263049342584,43.49200786592203,1.0229534838813765,0.0
-7.955355008668355,42.60960731011726,0.9677872408285741,0.0
-7.893142306732382,42.18271651396894,0.8415122749141886,0.0
-8.424747665642911,42.63764192443322,0.9946283877965315,0.0
-8.225866803276912,41.544505647643255,0.7333404637812317,0.0
-9.108601901343706,41.49860642440079,0.9998106186961733,0.0
-8.910330024310923,40.27887823230963,1.0226872312108242,0.0
-8.698518383372559,40.260026713932035,0.8439228357921735,0.0
-7.9273666298227905,40.204862937363245,0.9676063608183593,0.0
-7.5420972572736,40.53044601239964,1.0253217609859653,0.0
-7.4953197244827425,40.054854150579345,0.927774940037567,0.0
-8.734084999409733,39.292678553381926,0.9310847189713026,0.0
-8.608475059317021,39.688324404325854,1.102916756688029,0.0
-8.0547622109101,39.44338720671288,0.6622786899112317,0.0
-9.010506652685399,40.21220799908045,1.1703164586698758,0.0
-10.190078617107792,39.7120733114904,1.1059681064993088,0.0
-9.482745334890659,39.98941462920446,1.1027584306555849,0.0
-8.989144577723284,39.55036828033951,0.8612330746135664,0.0
-9.27941909293291,38.168176517699266,0.9093392075516842,0.0
-10.205808554183816,39.30466030098986,1.1015658692511263,0.0
-8.15502392332142,40.95881688311122,1.15291362705435,0.0
-7.669673014397618,40.17512104461545,1.1017808333799788,0.0
-7.691410443459917,40.395770200705975,1.0331297879778423,0.0
-7.439765300975999,39.8539343020063,1.1055194432509872,0.0
-7.149296542653193,39.37674847126068,1.0178268964816763,0.0
-7.688352460178502,38.40186702899345,0.9160840519398925,0.0
-10.086033859441594,35.629011387344505,1.0771736404845849,0.0
-7.834841380456224,38.400880343470355,0.9315336369086494,0.0
-9.02478904212,40.22187260242227,0.9713323862719242,0.0
-8.912496181868118,40.77181124359385,0.9571390385857041,0.0
-8.515234837709011,40.30839697052861,0.9698293174339049,0.0
-8.49501880538111,38.73561191734953,0.9396970266091753,0.0
-8.528142878097231,38.14657373830718,1.0142319374088042,0.0
-8.418274213745415,38.81939872721707,0.9043997984137957,0.0
-9.834388402192863,38.46237108144562,0.9508465050271171,0.0
-9.042971914410092,38.4465403982121,1.0048137346798112,0.0
-7.034336369851549,37.64086286564143,0.9838898248559803,0.0
-6.165491311846999,38.56904758819785,0.9271887022099364,0.0
-9.399630711630369,38.87324373518458,1.0640393608845877,0.0
-10.915882390654728,39.33756832680694,0.9407410975772139,0.0
-12.056617844006826,39.38347736015794,1.225810164886832,0.0
-12.985229599596233,39.86249257766913,1.0232408456422146,0.0
-11.116489470062248,41.10341336785501,1.0596607398051325,0.0
-12.99114251596788,42.84678918961826,1.0767036581707619,0.0
-12.76491520684283,42.289394562503105,0.8554183661571099,0.0
-12.634080613100537,43.12770138407899,1.0839416001455426,0.0
-13.137683724306285,43.31118769301053,1.0945071693371138,0.0
-13.910602906153409,42.76067133572387,1.0592641331642738,0.0
-14.33748839024605,43.08626773009407,0.9065872801251988,0.0
-13.178273814585712,42.91435412555912,1.053078773890998,0.0
-12.477806862179328,43.52680803253465,0.8986017716718493,0.0
-11.83717372377167,43.86876668432568,1.2177236340480366,0.0
-12.051818037137647,43.37693224003885,0.8254163556559588,0.0
-12.868989497583073,44.04723448536386,0.7946834696353898,0.0
-12.509486680148207,42.75428123488623,0.9971110468964307,0.0
-10.95223002571137,44.890987296392815,1.1652133155163835,0.0
-10.453138819135932,44.2099385131491,1.000143622586539,0.0
-8.385326677484992,44.04748798742361,1.1340177671013743,0.0
-7.020360898785462,44.937611140364446,0.9727548183281429,0.0
-6.0210731636397075,46.03131763893619,0.9687666840090661,0.0
-6.598844519276047,47.39301704528255,1.1065077997096058,0.0
-6.706735484895787,46.84283921291766,0.8746277948501096,0.0
-5.997466987799347,44.818083562752975,0.8958682897103685,0.0
-6.168640647196663,45.73802113138388,1.0593747627553904,0.0
-6.555158999315299,45.91336186777784,1.0029124346720546,0.0
-7.879832746207257,45.38082735757831,0.8130328650041392,0.0
-7.790075175618816,45.87297646883951,1.0755814577106146,0.0
-9.063054303199252,45.98340140946085,0.8237844118957265,0.0
-9.302704349318525,45.56544051945312,1.0068059122075839,0.0
-10.416821088460056,44.42740269471245,1.0236912830018328,0.0
-10.208676506973351,45.9038394136924,1.038807438262308,0.0
-10.054590404376796,46.30343837088428,1.0168619633430946,0.0
-10.956285891725768,43.88837746676338,0.9539175971577021,0.0
-11.372920607999848,44.58961819663226,0.8978076161331245,0.0
-12.242779993915617,44.42790117951004,0.9345690154354362,0.0
-12.575441763983022,45.35769386171118,1.0019662526329258,0.0
-11.807648897169436,44.11330821674061,1.1052728069658315,0.0
-13.199770753820562,44.56131993413046,0.9664008503520215,0.0
-14.516595201246762,43.30676569469066,0.9542876881742126,0.0
-13.505268353539442,43.43135193379955,1.0273942325178123,0.0
-12.556675438779623,43.263255998088326,0.9311659972931333,0.0
-12.393845252171896,41.17844093462722,0.7582795072485251,0.0
-11.17818133935059,41.64681679610782,0.9124774659432087,0.0
-12.683022692928692,40.38991117382423,1.1470673878329252,0.0
-12.266182317787404,38.53789549715038,0.9068180084252724,0.0
-13.599725748112185,40.07416633274268,0.9695336642700031,0.0
-14.190926382357347,39.688200976515105,0.8208203213114489,0.0
-14.06316470449018,39.338551157668135,1.0927883622922627,0.0
-13.004994343983721,38.93468607911468,1.0702845132041636,0.0
-11.515647940467701,40.4285648516302,0.8052204547824575,0.0
-11.098829846500257,41.37501920453049,0.992494882288781,0.0
-9.797714452489908,41.922889420986024,1.2572620072882317,0.0
-10.191572337185693,42.35538658988823,0.943066403744452,0.0
-10.372742314777046,42.89943441530725,0.9879002018946584,0.0
-10.433362189187045,41.82820089313075,1.1096813832352397,0.0
-9.404131932535854,41.820571524130706,0.9796141813726157,0.0
-7.80672564025421,41.51074180544281,0.840842775605158,0.0
-8.071541997255556,42.01416700458077,0.9951495380741838,0.0
-9.026264375528678,40.53413708333335,1.1741809761522928,0.0
-8.615881953942523,41.03224759494084,0.9371320651345829,0.0
-9.418805058703706,41.3836239359605,1.183235005697398,0.0
-10.355108750706808,40.412209340354664,1.1004279201701777,0.0
-9.009952932268376,39.56600475626039,1.0143967167053456,0.0
-9.185672291436939,39.41197649077621,1.1051803485156069,0.0
-8.616015114798277,40.17188972680678,0.9324060235834927,0.0
-10.06230615902173,39.57467328407564,1.107660367600138,0.0
-8.134547727947131,39.083667041433614,1.000239681654104,0.0
-8.222903170148225,40.548571806695634,1.1782614258683857,0.0
-8.528747046529368,39.43308687131355,0.9069872336406135,0.0
-7.567736708696142,40.085443626568576,1.0731865141811683,0.0
-9.269342024394785,40.499697325545,0.935321493818893,0.0
-8.660640700005045,41.95610797589713,0.9509239019896567,0.0
-8.053258139020082,41.389513494351306,0.993021425320253,0.0
-9.127365196855212,42.653469354289605,0.8551830775010351,0.0
-8.868794144666435,43.6230239700397,0.8667791979803451,0.0
-8.510949716759388,43.50862881104427,0.8228890280158966,0.0
-7.983746300475781,43.027915657075155,0.9748965283378839,0.0
-7.914104449600138,43.281817896259646,1.029708381394437,0.0
-8.796680556997202,42.380276463811555,1.0512418248818927,0.0
-7.194285007444588,42.86237853976724,0.9918090650087502,0.0
-8.49882627017812,43.12668543118898,0.9720510540700973,0.0
-10.841385052543433,43.92295588009106,0.8717706939797507,0.0
-10.322967865515334,44.914884028071235,0.8539187717590503,0.0
-10.438757908548896,46.246456019833715,0.811546258589265,0.0
-11.238632324529384,45.473745888678636,0.9619844540429475,0.0
-11.964279847352469,45.736315866342906,1.036823897869536,0.0
-13.219213543508832,47.279770310123084,0.92758297554658,0.0
-11.197263818853777,46.952025946245556,1.1958768677110008,0.0
-13.013755300456571,45.37931542528662,1.0547201840250766,0.0
-14.031775699730032,46.29972179423768,0.8717409657690327,0.0
-14.966938877645342,47.60642131971366,0.9819400917788927,0.0
-13.625213190330097,47.70283177349794,0.8905014108032325,0.0
-12.392234328136576,46.847719209175104,0.9912145441438156,0.0
-12.67142417760592,44.978929264516346,1.0524528444295433,0.0
-12.337206673997262,43.97192806224421,1.0517288583474944,0.0
-11.369795093217085,44.21482429597456,0.9613107569604503,0.0
-11.560352030895714,44.20133852096355,1.1863278228170127,0.0
-11.072507725219236,45.28452145280369,0.987379606189815,0.0
-10.807870250337189,45.48845068732652,0.9299897869318942,0.0
-11.239910963779069,43.96712608692692,0.8794591761935424,0.0
-9.501364231189596,42.45376870125032,0.8677718774437746,0.0
-8.240266693858883,42.558907658562404,1.0426904770332717,0.0
-9.021556709986921,44.33339875299313,0.9526120812847374,0.0
-9.412837999627635,43.65310563565316,0.9544036467462192,0.0
-7.970202903060452,44.143462679650334,0.9034879604974905,0.0
-8.252110591456873,43.655311501213156,0.9767890036853301,0.0
-6.486607230807394,45.02054249144642,1.1327155576546273,0.0
-6.132555216471775,46.053544482469874,1.0784246852018518,0.0
-6.506031610976403,46.46920371627316,0.9405722636648166,0.0
-5.279236304079279,47.85169049633548,1.0147951031960685,0.0
-5.910475727033824,45.99671501615228,0.9401738350771105,0.0
-6.432442213380046,45.540602525558924,0.906747942031528,0.0
-8.180067514299367,45.01587982538027,0.8399190899555848,0.0
-8.189038842276807,44.747479846372876,1.1666908288431697,0.0
-7.181651965192086,44.84263480957465,0.9659587844619768,0.0
-6.216554042443358,43.28811330156659,1.0037251143783186,0.0
-5.493775629221982,42.16196086648685,1.0289091122398784,0.0
-3.8661967944826805,43.429486149142896,0.9509714558220796,0.0
-4.705730401836544,42.628065963832576,0.8421937063169341,0.0
-5.375085087760775,42.88770017337106,0.8783820717882749,0.0
-6.27795901192427,42.39744458351649,0.9196948382372684,0.0
-6.681018348263219,43.41056222532427,1.1473179162374811,0.0
-7.019168890605554,43.476319827377246,1.1178884151173067,0.0
-5.764464992859215,42.07532768888824,0.9774329232930511,0.0
-4.457341012044908,41.02378293889338,1.0316848883916123,0.0
-3.4275852579871695,41.84640459205024,1.054655134819762,0.0
-3.341021370095183,42.415503172320435,1.1036979159923683,0.0
-2.7858549913861745,43.630271960052724,0.9625568088559602,0.0
-2.1976836663604047,42.621215104314636,1.0290620132976758,0.0
-1.0643616202355388,42.9094410251141,1.1816909513096223,0.0
-1.5968708878919335,41.19665941794339,1.0127456533767012,0.0
-1.171648617788355,40.74995696926159,0.8097366947100204,0.0
-1.16746449683805,42.10683970939921,0.9770631991475406,0.0
-1.4470138351247974,41.96390869246308,0.9742101129736854,0.0
-2.580599516720799,40.284021304551295,0.9596263288732051,0.0
-3.28181663213756,40.24012893272443,1.0231919712212019,0.0
-3.581049681916453,38.83202275336515,0.9645029674544392,0.0
-2.762267094794299,38.39825129659438,1.0549172742419108,0.0
-4.6234544856723305,38.64357014605044,1.095497315260252,0.0
-4.04966291291389,37.86140640197492,0.9265569771945746,0.0
-4.030698896612145,37.45165988854718,0.8837353151831703,0.0
-3.9883471141438847,36.23913243342295,1.2218900523534,0.0
-4.50166475153728,36.9465755518087,1.0175945987243238,0.0
-4.326560845059813,37.07731216871278,0.8397143228783704,0.0
-3.123725986463511,36.297056117713616,0.9350029227879212,0.0
-2.8257202670987316,36.40759162370744,0.9265757733431303,0.0
-3.0213910459577464,35.022920301887424,0.8768249945008901,0.0
-2.292016274613639,36.593151471116116,1.124517198567668,0.0
-1.9171801796156958,35.95303929796269,0.8142573307320589,0.0
-1.5708229325108822,35.30173356390065,1.2148090693102565,0.0
-2.4934087036961925,33.99162490727425,1.055424116928825,0.0
-1.2002348611216556,34.92308983397587,1.0850040645000962,0.0
-2.8176269525929,33.81943416662887,1.043563622539924,0.0
-1.8304865408534448,35.193270974568236,1.1336574881294499,0.0
-1.2509463811153019,35.54431513025725,0.7590023671028756,0.0
-0.6968912436284119,34.5189561758729,0.8994869469119872,0.0
-2.656907437779877,34.581217596263414,0.9643218634351646,0.0
-2.7102254325818906,34.415023819095644,0.9463299961775383,0.0
-4.2337387686251144,35.89594443107534,1.1275215205159497,0.0
-5.222130901050017,37.13922234263765,1.0689134094213029,0.0
-3.858200138711492,36.13158735338528,0.9983629295426159,0.0
-3.4501815448941047,37.54054255008442,0.9361746584747603,0.0
-4.340292856063095,36.303156465120985,0.8834889268643743,0.0
-4.064636279559031,37.41927565635915,0.9566253031283904,0.0
-6.9192061284459205,36.40855992504203,1.0222919945577236,0.0
-7.079158476783319,36.79487474486172,0.8563492322984252,0.0
-6.203547865948025,37.32620584662208,0.9878052054938425,0.0
-6.984196351866899,38.638177785093234,0.966722027318709,0.0
-8.220622777232322,39.79054740528803,0.9778304732817289,0.0
-7.470623120564257,40.16203416766251,1.0177424936307855,0.0
-7.682286519653373,40.37544546143768,1.2685708246466765,0.0
-6.710114781962036,39.47087724100701,1.163497543710894,0.0
-6.584234634350024,39.708560131331915,1.0504201336542658,0.0
-7.170423192495395,40.7089058570358,1.1290892864872784,0.0
-6.797357305144849,40.117853289947256,1.104293615249058,0.0
-5.926952693147395,40.13463424962522,0.8888292316757944,0.0
-6.516084014622531,40.31196781492687,1.0337710769799329,0.0
-5.701335436807001,39.86298625544431,1.0032181969918992,0.0
-5.326966509636664,40.19381255703937,0.8707448714904671,0.0
-3.9312585038064807,40.74635577935435,1.0243658541717995,0.0
-3.990214527898668,42.16558346379317,0.923824325984573,0.0
-3.8098441357081794,42.866511528536314,0.9864462172803882,0.0
-3.480212203132184,42.76127550964508,0.9465251317289144,0.0
-3.3804203822569017,43.96479533799181,1.0954287067737043,0.0
-2.8407356836132,41.764710749504445,0.9482401465656416,0.0
-2.9602240338665813,41.48869920862954,0.8990920236611655,0.0
-1.3797372561955235,41.68198940680014,1.033789947493239,0.0
-0.2694540244056146,40.06854960915254,0.8558717458974285,0.0
0.4590252591996616,42.82061981522314,0.9186074204760886,0.0
-0.09129608040607007,40.82485271170476,0.993149582556983,0.0
1.148762297473382,40.54953907727469,0.9062864548027811,0.0
0.27620469014890836,40.85499152724626,0.9216265149382061,0.0
-0.21463367622995552,41.331204766939024,1.225716069767707,0.0
-1.0948211517877127,41.09986761026797,1.0816359382546248,0.0
0.713711951280214,40.27675444716923,1.0312623391163065,0.0
2.081837827395897,40.073966012867515,0.9553850413108247,0.0
2.0206080684727397,39.844730109017306,1.0001693672488814,0.0
0.7193791310578925,39.74299239200053,1.2056396966993284,0.0
1.6373796338329336,37.518609001654596,0.9172973791982274,0.0
1.0228048206097835,39.52022057970099,0.7924878981850985,0.0
0.40567488570454735,41.23239418747521,0.9540002348826925,0.0
-0.05503241997476886,40.9263031282309,0.9455108927238277,0.0
0.4278337814627003,42.26126905387362,1.0373685261855021,0.0
0.7919614637386287,43.5752160961191,0.9776451057936031,0.0
0.1355597174663788,43.426887350787865,1.258446002778296,0.0
0.13076382382545865,42.256947570007746,1.0867759412055542,0.0
-0.5188337332156319,42.966760113650814,1.1579386216997567,0.0
0.47402331109539997,43.698759390916365,1.1024510433462402,0.0
1.5401180346650483,43.36510412345807,1.0305656067530153,0.0
1.1403192890592067,42.78699280780374,0.842272567994311,0.0
0.9747548635605929,43.34940604191167,0.9342044331579109,0.0
1.6173674150841644,44.7872002169852,1.0422429619509017,0.0
2.569540237042664,42.045591047337325,0.9727839209444847,0.0
2.427202228611997,42.874698663279204,0.9795183401047982,0.0
0.7497240082176376,43.55226240464335,0.9256757851114896,0.0
0.2511443196639005,42.34446150745922,0.8534876737096924,0.0
1.042251026774843,42.18063004302939,1.0856393243814977,0.0
1.228047453725626,43.330289896975195,0.9389549136188288,0.0
0.23162198892411268,42.60156481697937,0.9543741978558846,0.0
0.07549517212813406,42.127012868555276,1.0350927977680175,0.0
-0.24914635570094634,42.867924110115744,1.0483802145259506,0.0
-0.5721768600271034,41.14556558044422,0.8422008101685414,0.0
-1.0522112927069556,42.45869540081223,1.0880330548935007,0.0
-2.611376572159708,43.908622928705384,1.0120084832860339,0.0
-2.893906897857308,44.88880017100229,1.0961239725520515,0.0
0.28075751040900243,45.47310120471146,1.0921309933672352,0.0
-0.8827833265799832,47.04302454806164,1.1140615573530122,0.0
-0.9207683172330241,45.79759971199637,1.0304924979423884,0.0
1.0989162278282936,46.369202886203446,1.0004589520382743,0.0
2.2280699451010615,47.75557858815127,0.9901703742940428,0.0
3.463026714715986,47.20617729681305,0.88625566402045,0.0
3.607147942109961,47.268567175913795,1.054260695368711,0.0
2.721739749314784,47.49884028207397,1.12342112732189,0.0
3.8413706061332613,47.19444465041689,0.9193982253139125,0.0
3.2253081968491526,47.40428779759231,0.8501690451554037,0.0
4.005799501186409,46.168677997004984,0.947027894130958,0.0
2.5207008425459128,46.533201865310104,1.0254259610899648,0.0
1.5072984174384656,47.359478530262294,1.056574425891124,0.0
1.8791529489729406,47.71259297251394,0.9224182212827535,0.0
1.6119235182179514,47.51650041138431,0.958435397363821,0.0
1.8054262414908973,48.005643820329965,1.0104753890333165,0.0
0.9731847080253577,48.67108214363156,1.0617891827442836,0.0
0.39832974023121287,47.73413058463663,0.964468354522483,0.0
-1.0823014848835435,47.65107924454495,0.9605686287929016,0.0
-2.192888039359148,48.85149912891136,0.9368437552631326,0.0
-0.6805002889597336,47.28218196918005,1.1195425369824292,0.0
-0.8129806714307439,46.631945693886024,0.9928722086126719,0.0
-1.2345350689220487,47.99914251609799,1.0067924229574952,0.0
0.318962303934907,46.26314167637249,1.1386165467527292,0.0
0.2927569949209967,45.36904451024435,0.947297782942192,0.0
0.3207542967776641,46.24588488035679,1.1047418305752854,0.0
-0.8404705060047074,46.261860780352634,1.304471935730994,0.0
-1.408762259140617,48.41444906717505,0.9748136731774617,0.0
-1.7333033283331285,48.650686779103715,0.9819006701817878,0.0
-2.487037097957697,48.38005446339952,1.0963409620389875,0.0
-0.24316028423504077,46.759815264210104,1.0595840192272339,0.0
-0.7677211494369847,47.431356195140324,1.0323629738625901,0.0
1.0727201197776108,46.102999627850444,1.1075177325479224,0.0
-0.06691012718186751,45.01081882211214,0.8867683302002436,0.0
-0.1652768225123444,45.42940531528583,0.9081327059116119,0.0
0.5993419749843161,45.88344536688088,1.1671156616948408,0.0
0.4421921642751375,48.05599178215051,0.9339650712087174,0.0
1.4208810522326174,46.672702486407815,0.8238904136642351,0.0
1.4132621761936794,48.49943282295263,0.9697386615538895,0.0
-0.6876062313791851,47.848119496871114,1.0371284279768356,0.0
-0.8481803650034048,49.36223471562533,1.2272789967477133,0.0
-0.25611232346501733,49.67975749246327,0.9518349580679406,0.0
0.6755193311193002,49.92480596212075,0.9599558252727284,0.0
0.2083369995398867,50.8990542630623,1.028853098708224,0.0
-1.0077379435318758,50.63721789546446,0.9699507159897378,0.0
-1.3167129811023894,50.31402316505752,1.1189257413788862,0.0
-3.599856351767613,48.77830348927654,0.9791157585069465,0.0
-3.2737328705489777,47.82884864548932,1.0410196659506237,0.0
-4.02884782189789,47.35935290935578,0.8430476444889344,0.0
-2.667674226610031,50.04613970216642,0.9647236929912392,0.0
-3.4663639098032544,50.99555673131068,1.053010711404029,0.0
-4.619033204948043,49.94734010969263,0.9519006417265008,0.0
-4.275183985480204,48.57755660107795,0.9922037839681785,0.0
-4.614000105943042,48.71154287608256,0.9047087170049847,0.0
-3.2148786402088687,47.03627508819996,0.8881023642396078,0.0
-3.2025517488157007,47.72591775554696,1.052151405167332,0.0
-2.8826798045719744,48.82627062415842,0.9130249818603029,0.0
-1.9272744724404953,48.788932585174074,1.0651236794995882,0.0
-0.3020787072085067,48.40307447474753,1.2117708673604701,0.0
2.143778801747457,50.40251310155741,0.9583361236936846,0.0
2.5787346058659217,51.34331237074121,0.9544340655472484,0.0
3.0666496243967982,51.90426223983797,1.1144486451217779,0.0
2.3426872293430607,53.12216658491885,1.017938149297328,0.0
1.7756442590851078,51.942517743479314,0.8745787517470706,0.0
0.514640057287371,52.07205582634374,1.023649737695214,0.0
1.4020706546744015,51.33562877621324,1.048031161247769,0.0
1.8428251134291855,51.07102122819245,1.0736163891712842,0.0
2.462739192050442,53.275559844374364,1.005008308205602,0.0
4.303688545959412,53.90899039010063,1.0408876495689328,0.0
3.1386116587940456,53.70839693577806,1.073600408137906,0.0
3.068910922673656,54.38535700696482,1.1000202882035306,0.0
1.713836071848806,55.9982676326018,1.0053002055781013,0.0
1.6215294328222742,54.82639598124051,0.9943664884994364,0.0
1.6737098414770597,56.59337312724182,0.9170387974170457,0.0
0.24843274972546325,55.29287122401946,1.0348433473669032,0.0
-0.24704737428645135,53.96438851717105,1.043968256533889,0.0
0.04629734004679162,53.23647611973823,0.947092214903168,0.0
-0.25997935169768105,53.23395075888621,1.084888709063136,0.0
-1.2364415988313455,53.801024140528995,0.9870411980079477,0.0
-0.6750099721025066,53.02091284066305,1.0493782193210328,0.0
0.06344891460408708,53.69666333011683,1.025979554650494,0.0
0.5185490324338348,54.3546089129324,1.0590994649621919,0.0
0.8065881357137643,56.03769077402765,1.0900428623984664,0.0
0.8655538503972992,58.23503232199475,0.8551452426080737,0.0
0.19910893989017264,57.948396598339,1.29160002424724,0.0
-1.2529443422932058,57.10774164944024,0.9258534134560604,0.0
-1.5406705207633642,57.60186508734785,1.0144585742701187,0.0
-1.4100744526746056,57.58127941983458,0.9826605817167613,0.0
-0.8554012788368932,55.94315501912006,1.0606066364476987,0.0
1.6968482339640907,55.26116266885066,1.1189150752216304,0.0
1.026620791361856,54.861088159374745,1.0130026507453227,0.0
1.3854979734685213,53.59299645903565,1.0228470820644497,0.0
1.6697324735827972,53.43012978945939,0.9744639873290415,0.0
1.6046466480136907,53.35959349910883,1.0041704006169039,0.0
0.6876290703954752,50.89349296683404,1.1393093600455335,0.0
2.4407298831600612,49.594388591188626,0.9828236485746749,0.0
2.7588863924217235,47.548449536887695,1.0540312300823238,0.0
2.196587678085453,46.00474639300592,1.0260039262831797,0.0
0.48310735656115167,46.53402024673973,1.1395840537225446,0.0
0.6319925734788256,47.68800963003476,0.8471514184483396,0.0
-0.007420428117237421,47.48172470137286,1.0735534330144203,0.0
0.38318464607306213,45.25214115701325,1.0342837188853287,0.0
-0.6909503585522487,43.96243151089627,1.0003432522641222,0.0
-0.7109740733879684,45.96325869258304,1.0123987196242483,0.0
-0.6083158615165772,45.74206492776917,0.9355066216759349,0.0
-1.6274514292272784,45.912237772279255,0.8569580313623235,0.0
-0.5066852698141924,45.24047872329392,0.7760919518048117,0.0
1.289777572996969,46.332884052787364,1.0507465647370902,0.0
1.1917750201024322,45.46120890263679,1.0134048855124036,0.0
1.0178009986308205,44.563412944229015,0.8238079999640268,0.0
2.0452025533006566,43.80791985628215,1.0572123805086884,0.0
2.134945701839548,43.26854440627557,0.8346273606846721,0.0
1.2107976330046823,43.79415140641623,0.7807001559694101,0.0
1.357447005283865,43.67842090402467,0.8319744732574896,0.0
0.8335957140032169,43.554756075582326,0.897572321816787,0.0
1.2243914742104718,43.59885587090077,0.9504183071477719,0.0
4.075441381333231,43.48808514686113,0.9027075632735596,0.0
5.256219234243541,43.120850056992545,1.0398800859257236,0.0
4.547466629569579,43.66235236989662,1.1417087370783616,0.0
5.338938364761427,44.93129301855816,1.223145751949855,0.0
6.261349513858162,44.70454018333516,0.9414997013535463,0.0
5.783027853747885,44.15994087253718,0.9693440837437236,0.0
6.806791563678145,45.07102565630186,1.0753978330479665,0.0
7.655033498676904,45.182571111490546,0.9169332158664347,0.0
7.809955047744613,45.885638844484134,1.0784471455861333,0.0
8.41044410323834,46.14100877379072,1.008620348840837,0.0
9.97864899449292,46.236051330224036,0.9952599454595616,0.0
9.79819580569835,45.688091151933904,1.073806855334314,0.0
8.918859414198145,45.95415868597368,0.9440878411167462,0.0
7.064365327527989,45.58042838647759,0.896577507209211,0.0
8.563793149573288,45.98701009725416,0.9184530072339538,0.0
7.422558884927029,45.325906930731996,1.0576922177244237,0.0
8.038050412059823,46.48143301564437,1.0487814352042322,0.0
8.667979921629598,47.097276161074035,1.137653368393459,0.0
6.804089634022384,47.35545530490359,1.0226391755061373,0.0
5.682564793582127,49.23569538044617,0.969353347592439,0.0
3.0166568277803805,49.21763809204932,1.0375738121876399,0.0
3.3112990908709605,50.8927874682995,1.106997082982225,0.0
2.088719328630833,53.52805853305948,1.0829502028262927,0.0
2.9466726083278267,54.63593033715997,1.0201804624233322,0.0
3.2948219077529384,55.87775129363913,0.9611512224307641,0.0
3.265519956537285,57.20479143209127,0.8970081972821087,0.0
2.7565949804396612,56.7649273480677,0.9511502738675767,0.0
1.7237590865970736,56.88221032256078,1.0336491600818172,0.0
1.2864118151328476,57.95089275031464,0.994333581402192,0.0
2.0574990405148204,56.74109726167777,1.1451818542092989,0.0
3.7351448189196645,57.560559019423955,0.7853721342046657,0.0
4.221201497040866,57.69525270402444,0.9979093719681338,0.0
4.505967039928557,57.55448530421542,0.9132892665906174,0.0
4.661670731334966,57.37516154724137,1.019806209962408,0.0
4.098110395268178,56.2642137000319,1.070564295049569,0.0
3.595407671861665,57.38041328602555,1.0688021479275154,0.0
4.022991081064085,56.853875660913715,0.9934494123442685,0.0
3.0812359311618023,55.73377477653724,0.9538615489909325,0.0
2.2049484817891347,55.71880791186737,0.9526357990738774,0.0
2.9312335690509475,55.769304736205235,0.8191037291793267,0.0
2.928331968633206,57.21589865620315,1.0636217600541882,0.0
3.280702374033667,54.02804625802168,0.979923225774676,0.0
0.5105277948016729,54.89591277533174,1.002799589215851,0.0
-0.7513592196979253,55.002780322005044,0.9839240652055119,0.0
-1.1400642293123209,55.66110312320762,0.9217129298639721,0.0
-1.826838324998855,55.776646659293654,0.9021013125266647,0.0
-1.9665649873508992,56.74733969762316,1.057508914468001,0.0
-3.824223408854293,56.114898625797544,0.9664980918402241,0.0
-0.6135576066916415,56.52396946919893,1.118968398085292,0.0
-1.8335852215749469,57.23142081848636,1.120293652230271,0.0
-2.433301983729735,57.79847102210644,1.1367870339484654,0.0
-1.2635604937437628,57.18934084138666,1.0282615963960586,0.0
-1.7321258801699582,59.1567332125647,0.8441633499509114,0.0
-2.449319968851409,58.65514889423956,1.061822799767953,0.0
-3.9192811439314132,56.21662487758015,0.999529558025928,0.0
-4.646306258995279,59.290864326243074,0.9614974731489496,0.0
-5.503921428290346,60.59194524143214,0.956477766879492,0.0
-6.3829747560073296,60.25216679548017,0.9245102792764571,0.0
-6.4706927870538,59.89247581431418,1.0002134945379166,0.0
-5.407009568517682,59.799902905681456,1.0548802923399845,0.0
-6.663717523865852,58.071107568979336,1.0832172102136877,0.0
-5.472103814232465,56.905575282155326,0.8892333420929971,0.0
-5.837472601882476,58.0113116613074,1.024617757325033,0.0
-5.327593551721588,58.669773647102595,1.0894264239650273,0.0
-4.789576068250068,57.686105147722756,0.998108447457146,0.0
-3.374426842685083,57.97727278641732,0.8742248138094837,0.0
-3.490780529802898,57.50338208452149,1.011355963281359,0.0
-6.140200625527122,57.10759553434181,0.9041414202877776,0.0
-5.828749091863244,56.4526760801988,0.977977291017545,0.0
-5.4085870143948425,55.67273093500559,0.9333829484476835,0.0
-5.691893896441916,55.662504308964074,0.8492937271723107,0.0
-5.181449771974594,55.49095923522158,0.9847155283805881,0.0
-6.813115841278974,56.39005462963911,1.0314758459770452,0.0
-7.179011679931821,57.01316707445526,0.9274792583420552,0.0
-7.676011980861454,59.63056571733837,0.898450788292064,0.0
-8.180857433875865,59.26556594526717,1.0010907094924284,0.0
-8.841468572270436,59.300128695852166,0.9825077052711706,0.0
-8.896588657471028,59.39748412876042,0.9848964216734681,0.0
-7.764744208574202,60.79534203602082,0.9201130186294002,0.0
-8.53853734254765,60.661018367930076,0.9291637998317774,0.0
-8.47492822730521,60.88428797523885,0.9752753238657019,0.0
-8.042423152355799,61.8453226690345,1.147671035264739,0.0
-5.889961413613874,61.12210706641096,1.1126114658504724,0.0
-4.590079702546414,62.502426195458575,0.9919049222535792,0.0
-4.491484787226586,62.027426973270344,0.973534898288594,0.0
-5.8305669684981165,62.5643229412399,0.8800893897874134,0.0
-5.5935827935863776,61.74386566313524,1.0031582028694388,0.0
-6.544218516269616,61.279250031656865,0.8925376450482516,0.0
-5.160115634800094,61.8650867713762,1.1224075489954113,0.0
-5.013771622181278,61.95039653577754,0.7176080955897364,0.0
-5.683386726962901,63.424168136804354,0.9322493838210298,0.0
-4.866140821761522,64.43925414846784,1.1334784709894676,0.0
-4.136202006076141,66.23609732697446,0.9687025711482413,0.0
-5.358480188611843,66.80590008874555,0.7812065483459674,0.0
-5.471688920639432,65.6597574231675,0.9412432334761199,0.0
-6.794250321914943,65.21820159295265,0.9523693628717731,0.0
-6.76306360738137,66.65784610562433,1.1806357514976917,0.0
-7.169869809462301,67.15639531928724,0.9796747656262892,0.0
-7.956001686129692,67.22084058932454,0.9707280536416495,0.0
-8.199109795132278,70.01175884917892,0.9657819437823773,0.0
-9.266238808227737,69.5420540302719,1.0973554747072871,0.0
-9.9625646232975,70.33574575021011,0.8340865679271422,0.0
-9.49458484229174,72.0582619403986,0.7274229309632689,0.0
-8.770166803159857,71.4844156078647,1.02778409990321,0.0
-8.632857779122341,71.92354617064467,1.1524766758199156,0.0
-7.358991205830303,71.70400690266447,1.0776731684654022,0.0
-7.444501258060483,72.05775056513296,1.0097243860181848,0.0
-6.643592932955849,72.51234936241819,0.8326381587907392,0.0
-5.829450810052048,71.84971816987513,1.1573071324396103,0.0
-5.454478673656436,71.54192255204377,1.0610747055951206,0.0
-5.809634344274242,73.02006742309675,0.9816769418286228,0.0
-5.54558923649403,73.43942010658965,1.1280947197297804,0.0
-6.08779788110779,74.48638631523558,1.0035184207356467,0.0
-5.000059581138601,73.09455029325561,1.0730408342880215,0.0
-4.891616415258459,73.36100490059253,0.8221736807546843,0.0
-6.046502987305475,72.56069885242898,1.016122289667241,0.0
-6.38158534422354,72.38644923539866,0.9340682734754991,0.0
-7.403341438850029,71.94406484949066,0.8219253085445415,0.0
-5.888665170710464,72.2216860805168,1.1337690226451191,0.0
-7.3926389640200005,71.95011440828192,1.063537222377505,0.0
-8.140752593942258,72.00157405920962,1.0999224869897184,0.0
-8.431022487812806,71.59628969696739,0.893787386890151,0.0
-8.407091446204532,74.06944846991715,0.9918216748145376,0.0
-9.530740074462217,73.64090751437674,0.8783423615646493,0.0
-9.480938121521556,72.95812067430502,1.0986370563705898,0.0
-10.026746884488064,71.29818338375328,1.1139388998365471,0.0
-8.818480555518667,69.40357667962516,0.9316075596428685,0.0
-8.996659235915946,68.73576200151568,0.9908110391710077,0.0
-7.892410961533574,68.76735537204918,1.007101634302635,0.0
-10.041505020793036,67.8909694611911,1.1275461962937658,0.0
-9.826497722554366,68.02151985972809,1.0412410473665834,0.0
-10.088104883824231,68.4278262265766,1.0116552799616967,0.0
-10.664615853239297,69.0681946895079,0.988313214866689,0.0
-10.334373260399925,69.45011933220226,1.0340471616940075,0.0
-9.809546967343989,69.98591536858387,0.9027840970128138,0.0
-10.432568021804668,70.9387752207159,1.2638956063191162,0.0
-10.188308786208678,70.27857002830805,0.9199062404096034,0.0
-10.52670850124872,70.95117209821842,1.0039408161567633,0.0
-10.473954535152036,71.28867855581045,0.9735971802298434,0.0
-10.21798913432152,70.50604815965374,0.8449932858151352,0.0
-9.533840670025743,70.83233714908707,1.0633055192775247,0.0
-11.373168228112272,70.53342131925127,1.0777692140413886,0.0
-11.559433613918744,70.49638859130324,0.9302137925824021,0.0
-12.749772466826162,69.65965384862763,1.1578267013766579,0.0
-12.557973886727023,71.63788354925568,1.230056731388461,0.0
-12.185635262945667,73.02879311262433,0.9485813523122284,0.0
-11.422510291645128,72.72985282544592,1.0430634492955777,0.0
-10.933798194140353,73.69263393302589,1.0661340250614624,0.0
-12.138386353094974,71.57521908996334,0.9390599780133935,0.0
-11.691791367601525,71.16605882879097,0.9297588677576546,0.0
-12.00152466297643,70.96668246266512,1.0883375021053225,0.0
-12.460488042897577,70.57819755554269,1.1163281219795123,0.0
-12.722312267081799,69.69888067643949,1.0004385370746403,0.0
-13.324348625765117,71.55463853944411,0.8365509803480815,0.0
-13.482070430929243,71.7268179784068,0.9447077804383808,0.0
-14.90788714054419,71.71907713192795,0.7727101273110559,0.0
-14.677518693426578,72.44207639227874,0.9510701014093834,0.0
-15.227881288467211,72.24759871392469,0.9225075796935673,0.0
-15.15634732715033,71.81148896503136,1.055921899341267,0.0
-15.338735673120821,71.8435241566215,1.0458729548877526,0.0
-15.463712849426061,72.95398952642279,0.9074365194126562,0.0
-14.505774657611692,73.51399035073584,0.9152554024194033,0.0
-15.439946977872943,73.47110860452122,1.0456216253207113,0.0
-16.992150509367953,73.10467069624184,1.109936858625522,0.0
-16.277751882704152,73.84363102056427,1.015792019026866,0.0
-16.10290443655724,74.36283873058613,1.0330288225162054,0.0
-15.91208819448028,75.83927242497836,1.036602992899863,0.0
-13.7921491050964,77.70135342044982,0.8926898416221882,0.0
-14.886320486436421,77.5219063719068,0.7732066907211623,0.0
-13.90956590813244,78.92756331483713,0.8106045756231803,0.0
-13.389879073620932,82.17470783472388,1.0854214480044673,0.0
-13.730965005036408,80.87267305986579,0.860839075628022,0.0
-13.075005861948686,83.15456327190388,0.9497419535226067,0.0
-10.25191042071677,83.2169990065693,0.9470100851704039,0.0
-10.470404707950559,83.69726415262515,0.8411595296503176,0.0
-11.45044119004845,83.9801026662633,1.0440351585887158,0.0
-12.235881653978826,84.82609423671514,1.0188744706360078,0.0
-11.84530826227269,84.13951555170283,1.0852646586634276,0.0
-11.155418796040154,84.11157621280817,1.2265718386833462,0.0
-11.374809955034742,83.65813162021806,1.0078765648518613,0.0
-12.098531416533497,83.88316931912816,1.0270775972035984,0.0
-12.278152932857104,84.08939618881348,1.0992753856113175,0.0
-12.876727281497292,83.95645317553559,1.0720805183311677,0.0
-12.374166455878617,85.4760546718188,1.0453309858300566,0.0
-12.554016614224578,87.19048491841082,1.1108640488312473,0.0
-12.335646574739886,88.16465685732241,0.9255295085970143,0.0
-13.456598866027294,88.83713485318135,0.9723044034883981,0.0
-12.843018828432463,88.44228864462052,0.9341617892158757,0.0
-11.512541244267561,88.85504144812978,1.0686516956416314,0.0
-11.746623819038025,89.54695442223584,1.035960685929804,0.0
-12.061783914137614,89.56949781526208,1.0032768046778404,0.0
-13.1373863507136,90.8365587261971,1.0096289230893543,0.0
-12.157625794398598,89.67933562434888,0.9510172714193156,0.0
-11.438482697720529,89.80876798092947,0.9828114719382519,0.0
-12.86685872343669,88.27028871410157,0.9020946710502405,0.0
-13.067223784725497,87.1255394565617,0.9916493892685457,0.0
-13.370252780100367,86.43079315816146,1.0233377065912896,0.0
-13.019548413902431,86.79954357544332,1.2176159969266134,0.0
-11.543792977192567,85.95736217979183,1.0528996661395909,0.0
-12.0061946960397,85.06886125713415,0.8875868831417855,0.0
-13.211439041440498,86.01304087183604,1.1271853212829133,0.0
-14.598959073802481,85.2431812713459,0.8392382434046273,0.0
-14.62830069897442,86.51452511887922,1.0310782757896493,0.0
-14.697731055277018,86.53356413175429,1.037653669514489,0.0
-15.811007507961198,86.02976054276799,1.0850540702695242,0.0
-15.047943277071381,85.82219415323468,1.0926866896294873,0.0
-14.042479836365636,86.51533484933464,0.9481155589485382,0.0
-13.396815798409564,86.43544840843977,0.8417400842798615,0.0
-14.401118409109321,85.67562773677076,1.1408283543196427,0.0
-14.358976090616675,85.55722806376326,0.8892254163861676,0.0
-15.662873956540139,84.92223005553114,0.9597923248674854,0.0
-16.978874504306667,85.44666495248366,1.0486679041566196,0.0
-16.519397707940076,83.05210024097927,1.1302831431170723,0.0
-14.667923288093869,82.9483889911851,0.9291395126960929,0.0
-13.98408671728319,84.19772146282195,0.8959303437031023,0.0
-12.594357863506513,83.12200033422849,0.9742264583396479,0.0
-11.158124781507912,82.91485580502447,0.9537738030850595,0.0
-11.850638087441174,84.33977101151753,0.9937480482169201,0.0
-10.60236950938723,84.28759911066416,0.9850503839815786,0.0
-11.898791808418665,84.5896308058061,1.053533562675348,0.0
-11.641569128097569,83.93971624382758,1.0239448420939214,0.0
-11.027849564015229,84.3156439351269,0.9845925306121599,0.0
-11.400600215035965,84.9647048036106,1.0850039069699178,0.0
-11.09227441640576,85.64824176395028,0.9925723802708837,0.0
-10.568278954042839,87.77035337950498,1.0482114116292085,0.0
-11.50458101951115,87.31331018575955,1.1020786559190414,0.0
-12.163572472026562,86.17954904189173,1.0191539342921556,0.0
-11.890385896470553,87.99041386681927,0.9868315216125653,0.0
-11.141232532888047,86.64415470432145,1.0621801784874922,0.0
-9.948126997993933,85.77605551003064,0.8869503173263618,0.0
-10.295951940651609,86.54332783882751,1.0124491606727932,0.0
-11.215079119817387,85.19393166667814,0.9671553723599096,0.0
-10.014142404981229,86.31483286299637,1.1200082168200365,0.0
-8.56815909547084,84.40265353276051,0.9930485686329338,0.0
-7.6404935273055985,83.92511324716763,0.9763208979245516,0.0
-8.086714069700095,81.96307720665524,0.996579015938963,0.0
-9.84927294670984,80.91109056376855,0.7782835962253187,0.0
-10.248368645081733,80.66336300423337,0.8751687722640697,0.0
-10.603736040959594,81.83477054427858,1.0837882500563014,0.0
-9.704006240570973,83.69967753833733,0.8107447609053462,0.0
-8.029489085454964,83.60055118413732,1.031510252897425,0.0
-8.54214817074267,84.24308607978642,1.123951429318875,0.0
-8.571867533610533,83.29177074296999,1.0342179869240744,0.0
-7.688662868628553,84.28195009788864,1.1218094713619897,0.0
-6.977097700280425,85.42077722026303,0.9517358214423831,0.0
-7.434799369018641,85.70855032669367,0.9554837826525611,0.0
-9.213179177173071,87.01715138220096,0.7431792745466359,0.0
-9.294275074722615,86.51157453400505,1.0728655439608623,0.0
-8.82805749941907,85.39509569011399,0.9945350480912521,0.0
-11.716711357970794,85.28419118858969,1.1664004636630523,0.0
-10.904480229783704,84.43784990210938,1.2100655080467337,0.0
-10.612088460646907,83.62116337623252,1.0757389861893694,0.0
-10.34604538010461,82.83270316274782,0.8614382604639081,0.0
-9.36144032262697,82.1033755951325,1.0931337330033677,0.0
-9.125122230271472,82.63933351482562,0.7959890141507232,0.0
-7.972876100464198,81.66511020224713,0.9913767794740725,0.0
-7.362606146852285,81.91257152071947,0.9432187434715363,0.0
-7.3708458235968966,81.88593403788755,0.923880789540338,0.0
-8.177139046508039,81.58909161741052,0.8558678993956083,0.0
-7.392025599681891,80.73694143442128,0.9312110360838957,0.0
-7.472974344075194,81.31516484943215,1.0704910359405777,0.0
-9.178769322105415,80.84771718719917,0.9327776777250996,0.0
-10.651819249253036,81.50268846039798,1.135636524153173,0.0
-10.414929054740842,82.05346259070939,0.8808013724563233,0.0
-8.709803838850322,82.27173899687303,1.0320957830408093,0.0
-8.918195916835254,81.36972976940957,0.9961478845199407,0.0
-10.202696589325129,81.80779074127506,1.2634152495715663,0.0
-11.94009241540496,80.28676228417527,1.0220644431575845,0.0
-12.434338512862785,80.73198530762595,0.9925585901750003,0.0
-14.442805265791003,81.1698179481409,1.0480511289691463,0.0
-13.951679402080337,80.4654041816354,0.89337545798529,0.0
-14.796513994439255,81.00154718828468,0.8911025800105172,0.0
-13.792189155933245,80.9072523299016,1.140002827503066,0.0
-14.359217430350025,80.43123313996385,1.067988201521692,0.0
-14.561240927341114,79.08725670493409,1.068193132467631,0.0
-12.13135769799205,76.71068744966361,0.8186255712429263,0.0
-12.30050690189602,76.7578478843059,1.0806001349046002,0.0
-13.684275414969267,76.2246686981386,0.9437446177509526,0.0
-13.929619611077536,76.74315122679565,1.0779225111178055,0.0
-16.795519465890866,76.90932193887951,0.9710949140547386,0.0
-16.53442166931395,76.48817523030556,1.1086340137062771,0.0
-16.19810264594299,78.70339958477528,1.0460095894513781,0.0
-15.313820390866107,78.841709144737,1.1173926080652126,0.0
-15.54387819019113,80.73514774895365,0.9205828167819835,0.0
-15.219912734160301,81.05446973757009,0.8919122331402412,0.0
-14.169933449387104,82.35760990641673,0.8476459925688156,0.0
-13.679113235048517,82.7501996090458,0.9948770347823475,0.0
-13.610316149877123,84.49020115323421,0.9753910432314735,0.0
-12.013724737531362,84.58675342202105,1.0175667997748676,0.0
-11.817980877850456,83.6098201871185,0.9880891895240609,0.0
-12.157597902297832,82.86253043537835,1.1442564816703247,0.0
-13.274664178480112,82.82665702338367,0.9218318477545262,0.0
-13.20932124137148,82.55899917729923,1.0639969674824354,0.0
-13.234974515010183,81.58876330799606,0.8882441975024274,0.0
-13.52791141768444,82.93527921418024,1.0528258939175592,0.0
-16.298044756226897,82.698202784146,1.0912780233561532,0.0
-15.113166678260868,82.68375014949872,0.8510654805171673,0.0
-15.42362486310455,83.40921353222818,1.260586323514883,0.0
-17.63243383414421,83.6610133524042,0.8634598090021984,0.0
-18.808995593439835,82.40045620369665,0.9544822806933093,0.0
-18.78362638829233,82.96725955931048,0.9659165723976734,0.0
-19.656580367911165,84.0788090860136,0.9658380987516029,0.0
-19.72041429971535,84.7388441933429,1.0855081364918269,0.0
-20.673063889154548,84.4084581055182,0.938949829915178,0.0
-20.60848962146564,85.13872088871462,1.0858357493748325,0.0
-20.15389060779878,85.52498540485797,0.9994577888049904,0.0
-19.30221878804212,84.8921596255205,1.083826727684032,0.0
-18.81829843119858,87.24497750892309,0.9762294201959093,0.0
-18.75101337959881,89.3270222340189,0.9538484982756502,0.0
-16.974021184861584,88.77798608984206,0.9815624208982809,0.0
-17.185539141680554,89.68000365672624,0.9550023325928853,0.0
-17.719142651583283,88.9053453492632,1.214537762008025,0.0
-17.24599845822829,89.03006266348515,0.9370420354097736,0.0
-17.64208066464435,87.47794385741183,1.0425086946766946,0.0
-17.074213431462148,87.49223471968216,0.9584157284492285,0.0
-16.231108711624554,88.07736920709128,1.0078776907075562,0.0
-16.061574977540033,86.62198880933583,1.181636149567689,0.0
-15.119746361784909,88.04938438877913,0.8565612402386525,0.0
-16.06659234119713,88.38626129998522,1.0032422575667221,0.0
-15.51922078535366,89.88500579377526,0.9301906727762949,0.0
-15.623015128532435,90.62227786560325,0.9437441767324615,0.0
-14.866931761392923,91.37713245220203,0.9893376614940511,0.0
-17.33100367428682,89.99229149612422,1.0068833401062138,0.0
-17.15633016768866,90.42661498207603,1.0079146937649492,0.0
-15.929226637989357,89.91667708118406,0.957541462196313,0.0
-15.560108524419,90.94144901478519,1.036590088094935,0.0
-15.625318473897561,90.16413175413747,1.084264680559146,0.0
-14.621613542460755,91.78664489239401,0.941467517054243,0.0
-14.330940851745645,91.28751895705642,0.9786930349854482,0.0
-13.607796817853766,91.40499441678044,0.984513243815059,0.0
-15.567319547139345,90.40757234554368,1.0205742978831736,0.0
-15.94620358671994,91.35950578900034,1.1704217127716927,0.0
-16.129725214888328,91.67842231956385,1.0187743634634232,0.0
-16.423179828342544,91.08270202463477,0.9114789001274644,0.0
-16.921836702837965,90.75471138051711,0.9188067137963124,0.0
-16.71170590648512,91.64973054876862,1.068831279345594,0.0
-16.48777734356301,91.87282540599283,0.8804107955342649,0.0
-15.985036890688562,92.38197510951606,1.1054105746692457,0.0
-13.92688767821474,92.27879750429352,1.078525044399433,0.0
-12.428211519249519,93.02089953026397,0.8796389424935477,0.0
-13.148232122340751,93.69018110293239,0.8983543285283786,0.0
-13.224083774930062,94.12761797756178,1.2065434532473567,0.0
-13.004645831078204,90.80596970791922,1.1120285502014349,0.0
-13.277736856653014,91.45375598190664,0.9386775175133475,0.0
-14.77845608610995,91.50747761645005,1.086314980243966,0.0
-14.801250791812086,93.06134871258222,1.078175631780893,0.0
-17.161336506538973,94.62548620364737,1.0640024254786635,0.0
-16.68406787827472,93.41558670605873,0.9665284564118369,0.0
-15.819685455309527,94.47556759875195,1.0788436788183309,0.0
-14.519102726900876,94.34671587385984,1.0584135929872025,0.0
-14.583730762226287,93.38634769090591,0.9333611732233424,0.0
-15.451794739318563,93.85781540954733,0.8564200304882803,0.0
-14.60505069202402,93.05128599332788,0.963589660985517,0.0
-14.697803954965446,93.59665637276308,1.2160253073693776,0.0
-12.987573038744898,94.56432010169856,1.1474343631903414,0.0
-13.123052449809206,95.17475092864207,0.8975841837852229,0.0
-12.990097238625571,95.5499780134327,0.9834345236577618,0.0
-13.153786904973442,95.67504424802891,0.9048437075747503,0.0
-12.390881179021669,96.59148456926599,1.0971449098522268,0.0
-12.231650123027428,97.99564284492317,1.0764693763072999,0.0
-13.036731405567105,96.13098645160879,1.0208638751168033,0.0
-12.644489085003897,96.26245208949076,1.0974269708757676,0.0
-12.287645855760251,96.93973856417833,1.182870364322587,0.0
-12.833965739075419,96.87331859840046,1.1196453756557958,0.0
-12.597764873382287,96.48216850948613,1.118260986585259,0.0
-14.018891328318032,96.66203456535712,1.0054682462550477,0.0
-15.75717107829782,95.16843984935346,0.9766506462587612,0.0
-15.702483770373945,94.83329541295035,1.0162204619862387,0.0
-15.789054428773373,95.46683678021625,0.9033275857040943,0.0
-15.720654165375562,96.06577802873205,1.0112284051301192,0.0
-13.805353464019197,96.07275877144782,1.0016296653003811,0.0
-13.775592927274483,94.38368418440297,0.9348042271291833,0.0
-13.463802733770521,92.3123946533878,0.9661786023137142,0.0
-12.54367678123065,93.14466873279973,1.0286637072592086,0.0
-11.59098147948507,93.3968590936083,1.136708071711455,0.0
-12.874933565025788,91.34223349264181,0.9248646613427485,0.0
-11.468179759405585,91.85784645684379,0.8234778208581666,0.0
-12.015509869204537,90.46445896958912,1.0286323108406548,0.0
-12.742221979731767,89.57490976111006,0.9153401720259782,0.0
-12.781746958154958,90.99434243343613,1.2126922788525534,0.0
-14.20674266944072,94.85360797608955,1.0850333887733559,0.0
-13.378099748883594,94.12793515409881,0.8989614502287424,0.0
-13.373901705650663,94.36659907414789,1.0430020030536358,0.0
-12.37150047106199,93.9339010688047,0.9570034232465878,0.0
-14.118628146174444,95.2317416601684,0.9871441544837096,0.0
-14.793440130370955,94.73663047296007,1.0340662721396738,0.0
-14.125166100307737,95.9187211830363,0.9057791473556336,0.0
-15.13660621577603,96.50048015031447,0.6409616658254895,0.0
-13.83050725584766,96.76172177318948,1.075904112598074,0.0
-12.29728528357055,96.65075446626959,1.1343472375358528,0.0
-12.033149697932204,96.03385406664376,0.8311306733510956,0.0
-12.708201118727407,95.86302308129804,1.0627774899706897,0.0
-14.54405639103648,97.15717861230334,1.0330531612127107,0.0
-14.170433729267664,97.02533250761395,1.0308991024334642,0.0
-14.300389702495014,97.10041673647308,0.9439357967313655,0.0
-15.210240153943756,96.48197317556745,0.9407604648673604,0.0
-16.369000670607985,97.60299818972912,1.0481497026554498,0.0
-17.711181284639412,97.91900734643882,0.9758653052295172,0.0
-18.040040871391533,98.386348324503,1.0529417936845686,0.0
-16.196727348753583,98.60864544186447,0.9721292827310307,0.0
-16.12918562835438,100.0887540049591,1.11206193067427,0.0
-16.61781767112445,100.80433673973897,0.9968727376011132,0.0
-15.564886800539782,98.73782771691556,0.926211800544895,0.0
-15.322409071177198,98.79979317067922,1.1458665141459334,0.0
-15.123282542342297,100.32322900771496,0.93562400061228,0.0
-14.790508620225857,100.3809369794669,1.1033368513336528,0.0
-13.697154518319598,101.16136312689108,0.9893571256312387,0.0
-14.80848180034906,100.68207260257724,0.9044476850162517,0.0
-14.409556251560204,99.90364708836958,1.0140518951156816,0.0
-14.219653358412742,99.8809595063488,1.0743079850336001,0.0
-14.572103420999865,100.64073307306603,0.9913512645582742,0.0
-14.266879314270753,101.0411584733418,1.0628634399264298,0.0
-13.158560475677485,101.37115175488513,0.987880754112073,0.0
-14.292587873478602,100.19050681818881,1.0841809430581024,0.0
-14.126552992025365,101.30191769032818,1.1057336384107659,0.0
-16.045648985024137,100.66112386592745,1.1913570529735817,0.0
-15.200483566289146,100.1806312959975,0.8687017399503296,0.0
-15.313219198845443,100.43493977847952,1.1158053355279816,0.0
-14.475119971531582,100.41842402341845,0.9669929563634029,0.0
-13.115530786604701,99.00964310197855,0.9729788128367767,0.0
-13.677344311487728,100.67787058333103,0.9353962636285427,0.0
-12.846575563975422,100.74526322071334,1.1010732676660429,0.0
-13.887966762582803,101.25161330671813,1.0216783046813567,0.0
-14.766687681033991,101.54391328586324,1.0598605972572526,0.0
-14.618813401564708,101.59965778881757,0.9304339268189512,0.0
-15.153027427343048,102.62364738231024,0.9994530472338544,0.0
-15.524879916144348,102.48638042513414,0.8978963304767552,0.0
-16.619656270601197,103.85083331821524,0.813687773362744,0.0
-17.57490332151972,104.82328380642944,1.1293572684565554,0.0
-18.479066249892057,105.52361852987279,1.0208258735754265,0.0
-19.0471385973652,106.65847651537689,1.1326184761666327,0.0
-17.88131751297825,107.7035842981112,0.9499417507673013,0.0
-16.785323954726373,108.07383950500075,0.9480403178355213,0.0
-16.363809249757896,106.96674809646164,0.9259902666352533,0.0
-17.663962899186206,109.21768998910485,1.0294070509734934,0.0
-16.68457407830843,109.23390665469371,0.7784315964195085,0.0
-17.393368991295496,107.50611226595491,0.9788753096507005,0.0
-17.271971863308238,107.6625738060914,0.8952630663075895,0.0
-17.37381944052461,110.07321177742752,0.9706275346657106,0.0
-16.373048842120426,110.27752270725082,0.9430727546902248,0.0
-16.457822028744012,108.7616203291185,1.0833875950243064,0.0
-16.087111918280524,109.06961018053647,1.0784707206370914,0.0
-15.832441074995392,110.24700233002406,0.9441354369336991,0.0
-13.892393977192734,108.81985375504796,0.9726656731053871,0.0
-14.204925208411462,110.20755181524828,1.2036559549224524,0.0
-14.351463236560491,108.49050677494634,0.9801050721142816,0.0
-14.601153369891115,107.18418207205121,0.961652208382131,0.0
-13.531689699487375,107.69543816711736,0.9401446872295239,0.0
-13.53769145064736,106.51766266796446,0.9461293245718896,0.0
-11.692675805837025,105.71116258360993,0.8393473063534154,0.0
-10.20880694071857,104.94011686864133,1.0602735702362862,0.0
-11.311677168187655,106.19016319311042,0.9532377672298673,0.0
-10.551573669003233,106.47839531138368,1.131277124045765,0.0
-9.225602071075052,106.80845511769938,0.9640362056161811,0.0
-9.574108653652946,108.95297526060669,0.8327702832977543,0.0
-8.640148573559443,108.003183716476,1.0894383802937746,0.0
-11.138577879327858,106.0355956617956,1.0871846716228082,0.0
-10.106506107036008,107.51626356271738,1.144622902664825,0.0
-12.993131730298463,107.71444040370483,1.0558919734097973,0.0
-12.09004682834576,108.49199181817661,0.9607344602528834,0.0
-11.385350671628117,108.59772901737914,1.019327391435803,0.0
-11.776942021883796,107.57035632433868,1.0702926127342458,0.0
-10.495214532613632,108.05256635163028,0.9331534689898617,0.0
-12.212672096307852,106.6422935501377,1.05234755526082,0.0
-10.138940413187674,108.00511975273132,1.0834131948191241,0.0
-9.510933232537,107.62006579438385,0.8603366730710595,0.0
-9.833471395554792,107.25090165757852,1.0418460024085494,0.0
-10.701300072635815,105.60188903892708,0.9334536167837868,0.0
-9.90969084459653,105.16441808306693,0.9793504993496138,0.0
-9.873914265371118,107.07293110929885,0.922499740085366,0.0
-9.922431501348319,108.17309292672064,0.8792773922192582,0.0
-10.828045688584178,107.54530440991894,0.9132075534090018,0.0
-11.511035899515647,108.05618020544239,1.1192794466070166,0.0
-11.389791153368318,106.88258031290022,0.947941046110191,0.0
-11.621634461534004,106.31424371064661,1.1861521479972967,0.0
-12.928544832606091,105.78926556067114,0.8991296739454891,0.0
-12.371264597381407,106.15870259420605,1.1509687005566613,0.0
-14.085036132399432,103.83279105517185,0.9746783020840631,0.0
-13.64599336163401,102.83011837877754,0.8457290167163387,0.0
-13.621137264271274,102.79936331246171,1.0550824221912913,0.0
-11.769311189206661,99.98060439154172,0.9560171604914375,0.0
-11.438027294537076,99.18934170309288,1.1046393426527665,0.0
-11.652586559243902,98.5338954742626,0.9179698413336411,0.0
-10.861386128879854,97.50308693198545,0.9486327300293271,0.0
-11.211981418985047,96.67895500207611,1.0260619761617835,0.0
-10.627162195334106,98.59379226873907,1.0811832735290636,0.0
-9.313854447435766,98.45664179699817,0.8122085037545367,0.0
-10.08717406086616,97.79818324442097,0.7879880365207064,0.0
-10.068566953503847,98.94719412235801,0.9458763539540154,0.0
-8.813485353608261,98.47046416524107,0.9703745929597974,0.0
-9.291208592878553,98.92046205510579,0.9108262567947164,0.0
-7.1331640507778395,98.1699791041809,0.9101421246691301,0.0
-5.536896802599058,97.65620639454121,1.049854856567023,0.0
-6.666783856112698,97.62137199313518,1.0094369848945715,0.0
-6.3636512118555855,98.04136527842681,1.149282163929506,0.0
-5.2991354324242375,98.16518806620631,0.9439177673634189,0.0
-4.521853606278276,98.40285547189326,1.0334170164756002,0.0
-3.8767640452239527,97.63911376218579,0.8101268043959584,0.0
-3.685163204317707,98.94693495062057,0.9816975138147824,0.0
-3.431341238121173,97.78243188458293,1.0415267287171899,0.0
-4.551106497952896,97.63789027094987,1.1443200707050818,0.0
-3.5421756098572867,96.70254778821841,0.9870299455766843,0.0
-1.6151868328924786,96.63152101881906,0.9367192035728836,0.0
-2.1711958971878618,96.71159810637468,0.9938784347017329,0.0
-1.2833334577724878,96.81706617079125,0.9633933854378002,0.0
-1.2456463314331145,96.2555831610692,0.8919044449502874,0.0
-1.8645882258767295,97.54042030097251,1.2469390691852842,0.0
-2.3391781433754835,98.84028865498261,0.8594070308965505,0.0
-0.5231442760072194,98.74916116728049,1.2045699565543502,0.0
0.002664903415253106,100.3181133658194,0.9871918304986784,0.0
-1.5892345494654267,99.1882418370978,0.8183898711170401,0.0
-1.245425424534253,99.62564148146771,1.1295494996486635,0.0
-1.0266183554032362,99.59517115915199,0.9393108178399597,0.0
0.6470523549198066,98.06380014217484,0.8497915825374025,0.0
0.8406797797835638,95.8992571066141,0.7949836715368865,0.0
1.3194450111287068,95.23617213714392,1.1441595905347546,0.0
2.156726662636663,94.77636810127761,1.0291291277282815,0.0
2.0428124858690113,93.53727963932127,1.1177585547171724,0.0
0.17718680718504126,96.00251943838225,0.9062077560380938,0.0
-0.12273349615255194,95.89715957757963,1.1331840001260538,0.0
-0.6291040525867737,96.2380942823465,1.0185213902719024,0.0
1.3047440011640972,95.22498337746356,1.0819477757492284,0.0
-0.4491348900695631,93.95334539973442,1.0400472739760322,0.0
-0.5237527059507333,93.38595881750672,0.992436427715546,0.0
-0.3897514508940401,94.20084996286195,0.9072756648191975,0.0
-1.4038788038029677,96.42395491868936,1.116920120969907,0.0
-0.6090208561383617,95.53177459504033,0.8629190417683961,0.0
-1.569128579125113,96.67916896240263,1.0744551440059396,0.0
-2.157527150497142,96.16974615964548,1.010944495808924,0.0
-4.253015134805456,95.18761043358381,1.0488512612194465,0.0
-6.6382071104724965,94.90954055001382,0.9265832350678889,0.0
-6.268576936442675,94.22457030243267,1.033763730210602,0.0
-7.147287630931887,93.5230002031853,1.0167546431864036,0.0
-7.8408626222085855,91.92826101673457,0.8615478875124644,0.0
-8.144019532727702,92.4199228717464,0.8529018095066496,0.0
-6.997793029098434,92.95468978180737,0.9909016079306802,0.0
-8.381728111768128,93.6787286506291,0.970941075412803,0.0
-8.17484681903604,92.99336996196747,1.086162732098611,0.0
-7.258395116744024,93.40481764432405,0.9235862003479329,0.0
-5.963842332005568,93.31731950974803,1.0996696547567506,0.0
-7.186068933858188,92.09114121444641,0.9359543104140838,0.0
-8.373847586111644,92.69434841257198,0.9190575628265999,0.0
-8.666552978545964,94.02247010459007,1.0860015683388384,0.0
-7.825110767084567,94.68887089767706,0.9370058461105064,0.0
-7.35023423980136,93.6736525047695,1.054355701795031,0.0
-7.316072771826587,93.76221325236375,0.9751375155537341,0.0
-7.638971039193768,92.00730990081043,0.9834749850882513,0.0
-7.3401639890374595,91.40038461253836,0.837623753218724,0.0
-7.55505366772402,91.39400277681979,1.214791425083115,0.0
-8.693903422895064,92.21512912629021,0.962086646180175,0.0
-8.526620353222432,91.25307937573601,1.0006916031306727,0.0
-7.244751576519471,92.26661329747716,1.0484882160997744,0.0
-4.849581483135355,91.92397980036141,1.1234287273381651,0.0
-6.13122359107992,91.45428818276943,0.8852038447870938,0.0
-5.8098031137764945,90.97638244739457,0.872156561149493,0.0
-4.430077060367477,89.67943443314707,0.9938844387015228,0.0
-4.1537332859507,88.76070201311879,0.9961175782780504,0.0
-4.4908141022028865,88.07108566878067,1.081706999707644,0.0
-5.641229379193712,88.54130516147947,0.8457636811696503,0.0
-6.606958292171505,88.74314635109835,1.0360702265835047,0.0
-7.7134636458620385,89.52486583804121,1.1311769341735725,0.0
-7.079039956242184,89.08947047768099,0.8944609757422451,0.0
-7.331257220556392,89.15826958149623,1.05494424806693,0.0
-7.051601200280055,89.14971539367325,0.8295241124012376,0.0
-7.057224875014912,88.56042511272692,1.0397032023714718,0.0
-7.824205301776626,90.048435548643,0.9405268752313106,0.0
-5.929816523386304,90.08143745614105,0.9132293358776248,0.0
-5.426853116928292,91.22528075719175,0.8951535348471423,0.0
-5.524697404680788,90.89340004845029,1.1448033323476592,0.0
-3.742193556386358,91.97740679039944,1.0648857304532537,0.0
-2.5877789245196565,93.4182902652758,1.1973988036950862,0.0
-0.332512861280604,94.46034654970785,1.1270769442130844,0.0
-0.9183252028957563,94.57372378781537,0.8913084835230896,0.0
-1.5055616552196112,93.81488198300552,0.9750434961282852,0.0
-2.5778109366605273,92.9260771242412,1.0484380547411405,0.0
-1.6700905492091391,93.00960401891524,1.1076155079844316,0.0
-2.250017219079592,94.09601056382796,0.987120548463689,0.0
-0.660187876428269,93.1083609606761,0.9306756374226535,0.0
-0.7063816483835966,93.55449022110983,0.833760582544923,0.0
0.42541218596314395,92.34397475337951,1.0458536159541836,0.0
-0.3569215897229394,91.85358697897229,0.9990804392388538,0.0
-1.5331850021830142,90.11359442547284,0.8059100258311733,0.0
-1.2158489078956305,91.44958454652387,0.9258323674331408,0.0
-2.6107939269718834,90.61370622646216,0.9302477393338682,0.0
-1.6073736675519186,92.1586547463098,1.0602752281170829,0.0
-1.9112553289888783,90.75672044257658,1.0167696121011007,0.0
-3.7907528986700214,89.75934381482861,1.124596850605444,0.0
-0.3326867659528592,90.571871288072,1.1859469806491614,0.0
1.1511859883289048,87.30871551620194,0.9004680605842955,0.0
1.7392636659005591,87.33627049941249,1.095910108280452,0.0
3.0753779022920185,89.7139835547314,0.8590613483580289,0.0
3.4639382171182627,89.02894434150782,0.8721136898308139,0.0
3.988534563851667,88.27484139271256,1.0199268971453985,0.0
3.7850005154699145,88.9469803904947,0.8859190518827478,0.0
4.0275087280541335,90.17449321293488,1.1370051341746583,0.0
5.055178011818588,92.32815028883326,0.8398571999096708,0.0
5.336129034377672,93.26478413712651,1.0838737813028498,0.0
4.707144952202603,94.47856304022423,0.9029201654109406,0.0
5.158876402027106,94.6789448148472,0.8536189067389879,0.0
5.281994647739957,93.60747153130133,1.1728414179472262,0.0
5.55907707343707,93.43208776370318,1.1146726056073804,0.0
7.492101463951619,92.08438122111103,0.9015357108577248,0.0
7.439460054627137,92.244456597132,0.9593804839063944,0.0
7.909210929546309,92.6804722592006,1.0287519064875406,0.0
6.845234929211502,93.00451144608752,1.1214018191954205,0.0
6.818455246171519,93.62166058599315,1.0722036769931242,0.0
5.907376160609477,94.5020499724719,1.1125245558775099,0.0
4.5931875913996185,93.89018617817233,1.0165262005467919,0.0
2.746411077422615,93.7498465094525,0.9704293048009984,0.0
3.7315587879200156,94.02532356730181,0.8978388831962378,0.0
3.8547369248230905,94.63297767256438,1.0235223680785555,0.0
3.7288161540939564,93.8636761313939,0.8234360798154369,0.0
5.018393644271387,92.04286287306832,0.9637655147979156,0.0
4.901973442291731,92.33730341548231,0.9630053345433756,0.0
4.2693963905552,93.10360431552981,1.0310344881237712,0.0
3.472779481352761,91.68038934306578,1.0433784564632493,0.0
3.4312488738235967,91.66073576681178,0.8816992200225305,0.0
3.117795925188561,92.2134447933881,1.1181839737115358,0.0
2.401875644040018,93.16526133125723,1.1117346867112852,0.0
1.537160806822448,93.08213539969175,1.0551326662723133,0.0
1.1637340074391858,94.2493523934151,0.9389812446937778,0.0
1.2464123543359293,94.58780396977396,1.1491463733707392,0.0
0.2126211465582308,93.61797200386553,0.8877505722444692,0.0
0.7559057475764106,94.30169017105015,0.9288567736108451,0.0
1.4730034497082882,94.73537703239955,1.1198840391451093,0.0
1.3613250570626463,92.888280217151,1.0018899724911687,0.0
1.5622949153183048,93.87538372665854,1.0980860974680189,0.0
1.2907274815367167,94.01525254770668,0.9028856099379139,0.0
0.9791818331034008,92.70830900336233,1.1034136097440472,0.0
1.3797817152672793,90.93294685214292,1.0645984763898515,0.0
0.22484153829410808,91.63381912643868,1.083728833020055,0.0
1.01032440571614,92.5192788986207,0.951095427650027,0.0
0.08507475633470987,92.91132490284456,1.1360245827189968,0.0
-0.6881532911887713,92.46216268880654,0.9006338323935079,0.0
-0.46380209803945927,91.59859108208504,1.0294264676298834,0.0
-0.14969874224255353,92.81483432594852,1.031399655125889,0.0
1.8370094983067156,92.15701968385663,0.8744828035154402,0.0
1.8442904963669737,91.68879623493238,1.1064799585841492,0.0
1.6151836638711328,91.41989490644583,0.9748931367993048,0.0
2.9959750371867218,91.55258204206515,1.1480586337910683,0.0
3.899475394463932,91.16429496092213,0.8666680898646267,0.0
5.438302469162116,90.68616881027879,0.9860952426535582,0.0
7.609822821901025,90.63538920351526,0.8016752204271926,0.0
8.981558131595984,89.6140530993338,0.9427176862153366,0.0
9.37708390433851,88.57932915766222,0.9627333751089232,0.0
8.967570346849326,90.01485018172973,1.0904361402969225,0.0
10.89171451533429,90.16138689376812,1.0885490489001237,0.0
10.289647124121782,90.32036947228121,0.9847036824911192,0.0
10.080939658281292,90.90186279478905,0.99959919496222,0.0
11.295849547178673,91.45526728459181,1.115715242085809,0.0
9.816551654352168,90.82388350105914,1.1505856515457573,0.0
10.50183170224097,90.37280783031123,0.932217982650582,0.0
11.785650872176062,91.58999005555403,0.8592561311130431,0.0
13.122454873040143,92.38117765094465,1.1120766124082964,0.0
10.998508508107765,93.14788823064487,1.0929999221867877,0.0
11.259992361506983,92.98382290632875,0.8382135493498069,0.0
12.46623620522562,92.60468743710972,0.9184306153185253,0.0
11.321254421715588,93.26721867303293,1.0370547094615634,0.0
10.524725135255107,93.0126691158813,1.0407459789849256,0.0
11.040413606701732,93.59191038924298,1.177556984872401,0.0
10.439708267311893,94.43558303733958,0.7958803209791279,0.0
11.210461213923784,94.896171030378,0.9958368095875071,0.0
9.349245339510912,94.99566043403838,1.0859361257654512,0.0
8.890311498506144,95.14141231947508,0.9809807582022405,0.0
8.500119816725785,93.75669623184871,1.0465576930074585,0.0
8.635133292410563,94.49915887869214,1.1115133388333436,0.0
6.579536038761288,94.76961440202692,0.9855939655740055,0.0
5.673426453212982,94.37760759099491,0.9819716356267555,0.0
5.669862866257047,96.1707780467989,0.9572776318937211,0.0
5.147719954863663,96.3455715000092,1.1242817993483216,0.0
5.679299712938174,94.62803306734523,1.0710149654215482,0.0
5.155986865507501,95.17430942474525,1.0056395323647385,0.0
6.599894718610707,95.04813717931768,1.127396799208881,0.0
7.886945753637707,94.54341806250181,1.0790401846912299,0.0
8.721463407653973,96.06283545347152,0.9604863875000181,0.0
7.415265117782602,97.21171340637893,1.1584681418562248,0.0
7.120568167484038,96.02702831514267,1.0200160596482688,0.0
6.8290853192406145,95.56993912187762,0.9182377116774625,0.0
6.038807971003913,94.11118296771772,1.04819093162974,0.0
6.696638567901919,94.71776030316461,1.0168118888818705,0.0
6.4725032927325366,94.32952688748233,0.8379999940918226,0.0
6.941498421610323,93.71956767868181,0.9023802839512755,0.0
6.924538008158419,92.22603184058748,1.026815798566436,0.0
8.362609908695813,91.18045520386826,1.1227965302721081,0.0
7.400583456556792,90.9619498938062,0.9931853560454899,0.0
6.982884373463185,90.31123952655682,1.075817974715285,0.0
7.565103033087319,91.00138868397553,1.163726131242074,0.0
5.851357761352737,90.72304799608199,1.005658118240772,0.0
5.9148396651801765,90.4949561313328,0.9612144667869641,0.0
5.0167320951523795,92.17523388250686,0.9571325744707244,0.0
4.919694762855172,92.85545935214184,0.9880700498335135,0.0
4.104212795945035,93.18945277444631,0.9657729298349708,0.0
5.317393334414086,92.21474158110121,1.2436324059457793,0.0
5.76568624816799,90.54715442291139,0.9146806585682865,0.0
7.242215204125902,91.27975216172513,0.9109767750739028,0.0
6.602780427648159,90.91068265159862,1.259647774963707,0.0
5.083571734370337,90.04448398106068,1.1752688431579361,0.0
5.97255343879501,89.83429789169612,1.0790298119619208,0.0
6.601055971095184,90.80790919956601,0.9603650440442512,0.0
7.24982095974501,91.66800000767527,0.8560655012416489,0.0
6.129928574209723,91.21155195861041,1.0689289837001192,0.0
5.2414643834081565,91.33104175774356,0.8670980944965889,0.0
6.204242886973184,90.56419716776817,1.0176897177438042,0.0
9.615140023334758,90.25134096992835,1.0238692627590857,0.0
10.477410556565209,90.48072492336694,0.9483238377725233,0.0
10.360394441239375,90.3088928349563,1.0841541888233748,0.0
10.658232306098268,90.79584937635819,1.0702293328547159,0.0
10.223456102721707,91.77887869841648,0.8111696693130953,0.0
11.114547469409326,92.20129124668038,1.0720680338099202,0.0
12.206082290931528,93.44564495317009,1.154753796796168,0.0
11.753787958360167,93.31686280508559,1.0453825834229051,0.0
11.842688555244704,93.04044665482184,0.9882648048027813,0.0
12.023949582488948,91.45639477226318,0.935637642249247,0.0
13.286564075470329,91.42878613080916,0.9512725089635109,0.0
12.816027946042187,91.77305607464137,1.2871996812106303,0.0
13.444590446183584,91.92637702455146,1.102936888875515,0.0
12.260007007684942,91.03396320152768,1.0755399218783182,0.0
12.041142321777766,90.97060925663999,0.8595676572111197,0.0
13.166576867483208,91.3393582611566,0.9971852277069629,0.0
12.840158987979992,91.22923312758215,1.1450348342947565,0.0
13.573540491401326,90.94757898959544,0.9643374746234837,0.0
13.514107637497043,90.4984103583347,1.0279268085671325,0.0
13.997142140220221,91.20607752019002,1.0450976939455188,0.0
13.039950240124346,91.40979141539843,0.9311661494527352,0.0
12.102055623110296,89.26459988743616,1.1258461893605436,0.0
12.394909512682924,89.79237345445328,1.0128236012058105,0.0
14.237620117092883,87.98760412582199,0.9878668318209178,0.0
14.278890395930928,87.94975992774809,1.1282436851010418,0.0
17.11348205277171,87.27520854080456,0.9878339178135843,0.0
17.133159970410347,88.32547635346397,0.933659759414345,0.0
18.01778857948179,88.72194331440038,1.179869451916111,0.0
19.775747847236804,89.03854977916914,1.0162578784568015,0.0
20.459250978147843,91.03442070614551,0.9217749774425175,0.0
20.595799838901616,90.15028837066653,1.1013727978987045,0.0
20.532211603030095,90.89021393050838,1.100512362683816,0.0
21.836382146783677,90.08880241604221,0.980424284054595,0.0
22.07567820243801,89.01591806952685,1.0256882632617694,0.0
21.64507112347235,91.36734226201533,0.9991644766522982,0.0
20.77993919451572,91.21989915828226,1.2146892117213735,0.0
20.490191369398495,92.06925718548526,0.9713882000339779,0.0
20.99690885864709,91.95439109871784,1.0159179748225717,0.0
19.5611766354316,90.50740657193066,0.9484815050887794,0.0
19.886326204395523,90.39403890587921,1.031344684200144,0.0
20.930932625690364,89.80586112697742,1.1067736619445059,0.0
21.406454072421447,89.37080299824696,0.9659583320469122,0.0
21.144098890279587,88.29029592943172,0.9182865498503114,0.0
20.04340523763459,86.31554158284042,1.0473579139965266,0.0
20.40721112098692,85.0681232317042,0.8725782119523854,0.0
21.764354568692074,85.07597111674832,1.1104291876504417,0.0
20.281510036555254,86.24102267919973,0.8555870532832993,0.0
21.14928454977104,86.19361844982167,1.028204599587053,0.0
22.681469578487327,87.04970531606655,1.208869671840755,0.0
22.73149085007862,86.54975242391055,0.9873801567519741,0.0
22.45824107393487,85.35966953277104,1.0606173131530972,0.0
21.54347053062306,85.63083161207658,0.8859327693439445,0.0
19.936706268528674,86.61208230568882,1.160621297692681,0.0
20.026874687196948,86.85402833728978,0.9238789881815381,0.0
18.252404216565807,86.65888658715242,0.8413960447906647,0.0
18.80760497258551,87.45893149055578,0.970513424207136,0.0
17.935189387790352,87.88489066319862,1.05808341163374,0.0
18.47333719443371,87.49229874856148,1.0286786972948294,0.0
17.70211902158433,88.44884421097231,1.078383831670639,0.0
16.781213314347415,88.91171314531574,0.898599518100314,0.0
15.361471289331408,89.81508015736348,1.087253821130905,0.0
14.800430251003828,90.98073082368141,0.9392307403811152,0.0
15.816125684515303,90.92576478083387,1.1470042308526183,0.0
16.051301749882406,92.50305334269794,0.9982016877884325,0.0
16.55993893641646,90.82579881560237,0.9782384654001395,0.0
15.22431367818818,90.17187680526037,1.0986340288270249,0.0
17.18618839722306,89.5462514977849,1.0191394823569662,0.0
16.068394411856037,89.34848829142481,0.7441515053890799,0.0
16.302297894674243,88.65382704303532,1.1062555958122022,0.0
16.94937466894403,88.0645431630679,0.9170427868808997,0.0
17.24241382735359,87.85847784671249,1.0441568359978906,0.0
18.120267581734243,86.9623605563774,1.0658404450277326,0.0
17.152369845420903,86.67953586368189,1.1367871344627096,0.0
17.985207683959533,87.60580868837798,0.9687078987007881,0.0
18.87922433410424,88.66208879369174,1.0485541475387659,0.0
19.780737944265415,88.71202082185026,0.9494486467614764,0.0
19.097115123251218,88.00617431299945,0.8957167068690844,0.0
19.806727547957948,87.8906534174652,1.0139514479697591,0.0
19.492125215220465,86.1977331443451,1.0339260028628268,0.0
19.206623784018205,84.8916539631457,0.937423667135278,0.0
19.452760964790016,85.68685706570824,1.0656951368126704,0.0
20.678584258529643,84.96031140494487,1.0962098013922712,0.0
21.5748401556313,84.6516728820221,1.140499838294321,0.0
21.008285475931526,85.77384616251055,1.076734279466591,0.0
20.76732532953697,86.13998873490493,1.0806947573075885,0.0
20.970934921402794,83.64331256041174,0.9669571048929683,0.0
19.11696730497244,83.12790257600506,0.979827141236765,0.0
18.04119474804903,83.87007866598634,1.0569998987015168,0.0
16.296969371801985,82.82911910560041,0.7285600187184404,0.0
15.28189802997451,82.4941419926854,0.9425092493236098,0.0
13.58546992658438,82.90139046229172,0.9308709015783221,0.0
13.993397024664965,83.00639926478691,0.7957926038470252,0.0
15.039653986388151,84.20986438349942,1.0895032980921069,0.0
15.331411195752034,85.11480568685354,0.8530883441506824,0.0
15.620326853486358,83.2035042792432,1.1366784332200202,0.0
15.511568851059982,81.90418256535466,1.1103435203570855,0.0
15.88898720943229,81.42198861896425,0.9613840973624953,0.0
15.863206478201239,82.1485797124135,1.0003070667005136,0.0
14.926100236433564,83.13210091653927,1.079798969712796,0.0
14.79009621389228,84.31029366092736,1.0673508796437168,0.0
11.918251861314598,83.63015071551494,1.1126361096450141,0.0
12.434981790102091,82.07822758448977,1.0592321398116629,0.0
12.676000267709954,81.73107041121386,0.8987079482878684,0.0
12.34288685152711,81.24784223012107,1.0154926397126327,0.0
11.885270714887763,79.9794180327514,1.0568129669472326,0.0
10.257753041491581,78.80863664724038,0.8740760850344085,0.0
11.500379002981726,80.51486394914495,1.1657080915471083,0.0
11.712351472338208,78.4993567663749,0.9051595049147223,0.0
12.3264515253622,78.62657029880596,0.9694239313745497,0.0
11.679436153582214,80.1778306981848,0.9536791690627813,0.0
10.705321490482362,81.73689729032694,1.041153679447425,0.0
11.952568307633165,83.24487100387645,1.093427594155494,0.0
13.699803498042256,81.97845465186407,1.1062204995237743,0.0
14.703947423292899,81.78693200913156,0.9334279922153539,0.0
13.867875910329714,80.849035221736,1.048041391088138,0.0
14.555940766680385,81.63220359506772,0.976791105251624,0.0
14.969688399465882,81.34873217378639,0.9893622658884373,0.0
15.602281542017606,80.24067478689034,0.9557674958460571,0.0
16.08264844968621,81.34134281756302,0.89056414352193,0.0
15.906828651471667,79.43528635867109,1.1890894464044046,0.0
16.22787182472357,79.06165982436362,0.7616144879351263,0.0
16.19838699686818,79.77919304687879,0.9864631497615156,0.0
15.760424374849476,81.47031868839466,1.0439429844943124,0.0
17.579854812615114,81.4811951512621,1.0110971141642067,0.0
17.635546666635722,82.3770380722318,0.8920932597731064,0.0
16.852250500275023,81.87014572228786,0.9393972634657799,0.0
16.51573195675296,82.00708468557093,1.173170412741397,0.0
16.02959229594383,83.27505354832006,0.9192328961931115,0.0
15.952110517061069,83.795649230794,1.02185826808536,0.0
17.975973418236823,84.45214556955531,0.9365918514554235,0.0
17.861746012830565,85.88147108418931,1.0367986753197693,0.0
16.661855586256113,84.96091855105757,1.1734592883410302,0.0
14.698821601113156,85.6921078309874,1.0317577814556964,0.0
13.66492483514367,86.41492821495025,0.8468854636030745,0.0
14.43955519139374,87.51634688235724,1.0205480551944734,0.0
14.859932668129169,87.54583867445467,0.8609871853691901,0.0
14.618132353945924,88.00429441240651,1.0062798288882895,0.0
13.607321987693416,88.5519632486597,0.9917986861680416,0.0
14.201564498819783,89.4894334960374,1.0170785998776335,0.0
14.352237086358691,90.92815800456953,0.968918671022109,0.0
15.024269548239637,90.7372402739726,0.8361511668822367,0.0
14.377260527830963,88.37506286182987,1.1347189241041953,0.0
13.426786465883692,90.25252662475634,0.850333971975233,0.0
14.208365021267864,91.18556090520053,0.7144379839890781,0.0
13.677896474509039,91.5450163596703,1.1256127068846904,0.0
12.929498508902759,90.72139162958916,0.9488617385227424,0.0
12.675892065356276,93.42093972191773,1.0175826576313654,0.0
12.532309059484135,93.46929326092076,0.9781218770836482,0.0
14.369843749776539,92.08124805499385,1.0614104753696092,0.0
14.848199553093824,92.62017406216486,0.9837385600427013,0.0
14.793686972387025,93.59425872337971,1.1974062606205103,0.0
15.398785206482536,93.98284734706169,0.9066985862685745,0.0
13.793299446709554,93.48885620425537,1.0284794952393905,0.0
14.057724322069358,93.77518473554562,0.8452248407382357,0.0
13.223995704426283,94.68736261120631,0.9195071209486682,0.0
13.479755646917784,92.16608410211296,1.106377075637813,0.0
13.820399085572602,93.34701987530494,0.9930680887443528,0.0
13.630949748890858,92.2025631922919,1.0312403984022818,0.0
13.663884606832875,92.9198029652201,0.9524880883111445,0.0
13.32435857861201,94.07297849385043,0.8648610444046726,0.0
12.852524732415375,94.36847509150427,0.9924241246684772,0.0
10.944811431415177,94.26007306084907,1.0254091090960085,0.0
11.214721194365815,94.01434550316363,1.0579499006458288,0.0
10.277846488964249,93.44157190115818,1.0170846287195323,0.0
10.63772986662795,93.45047719106766,1.145079218177008,0.0
10.529551119752835,95.13435058392902,0.7852082644918423,0.0
10.334055930504682,96.06393305060229,1.2480442851089635,0.0
10.909097193503266,96.25277005074634,1.0566656463920858,0.0
11.297822109427715,95.37784814385459,1.0421056439767467,0.0
10.978411141699501,95.02265368579417,1.168557158302458,0.0
11.875272320487529,93.01011420003576,1.0740353697780907,0.0
12.26522517569432,92.37063497932277,1.0645736610609156,0.0
12.512629088358585,92.62294508623813,1.0653075820514297,0.0
9.776871179118915,92.7054328825594,1.043175194954496,0.0
11.761864031961073,91.54853109643008,1.0144134301712069,0.0
12.01959364410342,90.268854551704,1.0539274874682798,0.0
12.187932245371709,90.43545455770618,0.9292517745164364,0.0
12.379261438177254,90.33308999176846,1.024335606439297,0.0
10.835855670709337,90.14849236174997,0.9993019952009902,0.0
10.639364856070813,90.77916212863803,0.9817454990773381,0.0
11.986532003994522,90.31265041492512,1.0275794529598574,0.0
14.341265826727197,89.76599271274755,1.1808941918004183,0.0
13.248899324266649,89.36971228694065,1.3231602229601374,0.0
15.720863353273728,88.82024798303159,0.8395092994462343,0.0
15.24725479274347,89.0536720117362,0.9309081749261902,0.0
17.095853233073342,90.78448346203758,0.9376116887064717,0.0
17.75948239705614,91.74155464525131,0.9810579334218396,0.0
17.483347804316796,93.58412049892367,1.11618963623441,0.0
18.049111939459312,94.69641995244008,0.9478634378579771,0.0
17.545735298074185,94.50385818768115,1.0592478918428092,0.0
17.240472299725074,94.42952528477218,1.0270711431629738,0.0
16.93066041245417,95.07365255599949,1.0310652912196259,0.0
17.65964147425729,95.94669670914065,0.9355595278341698,0.0
18.069472673353893,95.81422676543117,0.9537514991261198,0.0
17.94227824528211,96.65825882507212,0.985274231210094,0.0
16.903144577904673,95.60896724303207,0.9576945470896628,0.0
15.370492578135455,93.78082292205363,1.0571062417696673,0.0
17.2861723201041,92.73815444345314,1.1102651387558808,0.0
15.98919042621377,91.7863491026785,0.9821460544217994,0.0
16.688898525847854,92.21602535174524,1.045787388431064,0.0
15.406042110404432,91.58044031815108,1.062263467340592,0.0
16.496224937826092,93.11025154627374,0.8236073716871546,0.0
15.482483426966741,92.36831976005719,1.0960876279323921,0.0
14.115879001837369,90.4077338122025,0.750667232019344,0.0
13.191770246513329,90.71162207040017,1.0332010859271143,0.0
12.052510834955061,91.6989960257716,0.9455784662865082,0.0
12.733411804549224,91.26695692100733,1.1855516715406793,0.0
13.016839104450575,89.63177522977256,0.9400132430875312,0.0
11.530464011461826,89.64115396659773,0.9575909250285883,0.0
13.921699945364622,89.16518540800843,1.0957389350026918,0.0
15.870796954614649,89.06042917399044,0.9697825205715535,0.0
17.41018598090925,89.06015603219535,1.0862748798830086,0.0
17.95978643837059,90.06672618397707,1.2178251640147741,0.0
17.534606298749495,87.49536823427157,1.067268102476487,0.0
17.59446691827379,86.87415273430581,1.0640245067791412,0.0
17.143195131112677,84.7889024662181,0.9760039375593212,0.0
17.964330608776546,84.13486652367179,0.8315984694772544,0.0
18.468883568537237,83.3805866892657,0.8447837063391073,0.0
19.05465507571775,83.47890426037215,0.9755461165362748,0.0
19.05970775846242,83.45947368645652,1.0196586518765547,0.0
19.242297921062377,83.71008530533281,0.971811697622028,0.0
18.244625501422302,84.72325376390882,1.1123261511000726,0.0
17.259952828334146,84.41137558581651,1.0411692325401982,0.0
17.817505344494247,85.96412361650594,1.010373801399834,0.0
17.603966634314187,85.89588636724862,1.1030371539937949,0.0
17.533645736674643,85.43481216459745,1.0526054768571762,0.0
15.205319656626795,86.58115826433594,1.0941869468017968,0.0
16.310318882113823,86.58823941690306,0.92435949918803,0.0
16.55135990003509,86.36279151633312,0.9614258354059562,0.0
16.9917484286235,86.17245347269738,1.008875167113996,0.0
17.321960490489133,86.7416906328934,1.1205257036590708,0.0
17.36731731304445,87.28840032057447,0.9850846766264453,0.0
17.018861680227644,86.79327205346911,0.9992572494565041,0.0
17.993090370463122,86.8048399675179,1.0453730733669726,0.0
16.784070294622875,86.42723168653805,1.0951149572806957,0.0
18.63544972769214,87.27166147912129,1.064406527623039,0.0
18.44668745282352,86.69075674855816,1.1374645955215141,0.0
19.880544670363136,86.90054430118684,0.9827493393754833,0.0
21.04851393859758,89.37519939940947,0.9117678886328117,0.0
20.046972602369493,89.47098344326129,1.1353343251844592,0.0
18.426002110828588,88.98688708819627,0.9607340137444339,0.0
18.553676967730482,89.28924457070299,1.0521693624669521,0.0
18.891466638879066,89.34185234192154,1.1298415624747358,0.0
19.556178580817722,89.38067876129226,1.0069100116130336,0.0
20.709002245047376,86.57854111049339,0.822007082006311,0.0
21.200885369561274,86.78984768150029,0.9880680721857451,0.0
22.09063117127385,88.66909813636916,0.9743486534889058,0.0
21.62720993468264,86.59853027963047,0.791868108542908,0.0
21.633088987792448,88.02522876194372,1.1249575423177083,0.0
21.283248696313112,88.85999268848686,1.2026274364292708,0.0
21.301113074351118,88.03362245679814,0.8875974165995028,0.0
19.608404303670838,88.6430876969049,0.910822103523917,0.0
22.44613804411676,88.23234306505422,0.9234421262888879,0.0
23.56425657812051,88.19608223640563,0.9409819635895764,0.0
22.938639879939778,88.46740154980796,0.9198618562990472,0.0
22.390779529095326,88.62429016441278,0.9326984262379292,0.0
21.23343949773251,88.87900485769578,1.1291587261043663,0.0
20.89764614247413,89.03747932211601,0.9501992108944182,0.0
21.038853464641335,89.1650017930752,0.9216105365180376,0.0
20.458586322409573,87.49777555981078,0.9192486049080528,0.0
19.900478956358313,87.75832347466947,1.0146727602328895,0.0
19.31210555815639,86.07071914563693,1.1560449288377261,0.0
17.538407278519337,86.05861142073886,1.0374023315280272,0.0
17.950458204890655,85.58756954755975,0.8528926691261307,0.0
19.299855600135114,85.60447523846567,1.163501273239502,0.0
20.397848020099442,85.50270095778095,0.8914557817064614,0.0
20.185712674047917,85.31917073445072,0.9955638133325604,0.0
19.990972236598413,85.1248811395693,0.9829210771664977,0.0
19.516294864973407,86.54771807696507,0.8241324884554582,0.0
18.311233135882024,86.5102590608364,1.004119037909467,0.0
18.824243843632452,86.70639478379361,1.030214633124353,0.0
18.016774627703242,87.44500944165497,1.0735405002031388,0.0
19.793847614693874,87.12197059316595,0.9956528278628516,0.0
19.835292848654394,87.89661655779028,1.015855375923629,0.0
21.458792339526486,88.23764134751274,1.0421414333881895,0.0
19.95240386600523,87.72538802161523,0.9162089320610045,0.0
20.94159163944657,87.4261153160632,1.0860836383584243,0.0
21.079753648576947,86.15039126400808,0.9963448897123387,0.0
20.88125183808696,84.31885990368485,1.0087521431792283,0.0
21.11570559756572,84.48665129828187,1.2199521815242662,0.0
21.624063294278347,84.22982185613783,1.0739468139918271,0.0
22.599963151915553,83.96139892187078,1.0779661193309842,0.0
24.36845551176192,82.8829312826748,1.0587728734635011,0.0
24.519557663137547,81.90092517311464,1.0164192172387958,0.0
24.087255961140215,81.83421445505812,1.0899767422802271,0.0
23.31425026445798,82.75410091870911,0.9566558196317305,0.0
23.652241695108426,83.598040071049,0.9541945058672112,0.0
23.398572804679585,84.57276176454518,1.008724717769171,0.0
24.20985065417422,83.3119446801636,0.9839287384452543,0.0
24.254841830000153,82.64856182824715,1.052220944834003,0.0
25.476333455484173,81.24088092289546,0.9146692579863757,0.0
24.80621346312939,82.03308694698934,0.868283706129788,0.0
24.773314652694182,80.72647925962175,0.9374141328200202,0.0
24.175363897923535,81.26567856411106,0.9573472062007944,0.0
24.159311710129025,82.5355694117107,1.1132691176146972,0.0
24.72362980803933,82.63627561885355,1.1497114821976022,0.0
25.464605649012103,83.70093659057537,1.0675178856435026,0.0
25.655912354353728,83.97706567039863,0.9665482258506918,0.0
24.278919654631483,81.71512849945742,1.070085006527069,0.0
24.12365149361864,81.7427112926555,1.063472972629348,0.0
23.845626094562956,80.8882417876591,1.0748672957267444,0.0
24.34177232285712,79.7913517203684,0.8929189852983043,0.0
25.049592377849166,78.73527083277362,1.0969213644493387,0.0
26.05908898144675,77.02644268491181,0.9897125308895793,0.0
27.02268293833403,77.17091493726994,0.912491709733534,0.0
26.478946872718947,79.6641301432074,0.8628196617427113,0.0
25.575792546476883,81.91349543454056,0.9636418024945362,0.0
26.384072281106658,80.7463260515849,0.9513794344657487,0.0
26.206452050061603,81.73361991889789,1.0727467239830963,0.0
26.61383012206672,82.90610791770365,1.0545266380299287,0.0
26.38807867647784,82.72529332802874,0.9100975213072101,0.0
25.527957964092526,83.08832570590798,0.9116704896117107,0.0
23.01092794469904,83.30037710753038,1.027020929577478,0.0
22.25098412641456,83.02476819943624,0.8700657792330924,0.0
23.27486096344377,83.27487417241738,1.0477520065706962,0.0
22.90641555818077,85.42332147899498,0.8311987982191065,0.0
23.057610457580957,84.61726214938298,1.0261536458007148,0.0
24.00770929010631,84.75744763511716,1.2698690724687038,0.0
23.433716887250295,85.40006000963072,1.2223623751585047,0.0
24.26697000179274,86.06213206829129,0.8435403079900664,0.0
22.740358979853017,86.58372847368855,1.1443210747364965,0.0
21.93968670648401,87.41676914914885,0.9989069010999042,0.0
22.528113902880687,87.12633691902543,1.1166761253599728,0.0
21.593675917856128,88.00002747900453,1.0860578496438866,0.0
21.07485010401128,87.59523969921028,0.9074108966894725,0.0
21.175531739263285,87.81259649803171,0.8617245271070708,0.0
22.62364719540093,88.26977260505832,1.0716197000354786,0.0
25.029756234359898,87.82419046940481,1.0696141337848166,0.0
25.256470635291528,86.79976435338405,1.1266978615032395,0.0
23.975431138542763,85.68686694034388,1.2590867142388569,0.0
22.740072752025227,85.10097869893374,0.9845192383906782,0.0
22.359159769093193,86.73686383671705,1.0912208941932098,0.0
22.48671729283541,86.9434209986252,1.1477894602256917,0.0
22.230283503985138,86.1089701540602,0.860093728244487,0.0
22.508901402226222,87.26272571193792,0.9953039089691579,0.0
21.810536994593747,85.06734714060678,0.8500721636408684,0.0
21.859646975881734,84.38902636755168,0.8713400137107714,0.0
20.171707529897446,85.57298609119101,0.8454870509625043,0.0
20.137626889875836,86.45712563688208,0.8487753022117404,0.0
22.145136512983072,86.5098779756025,0.9141503166360163,0.0
21.889990455187874,86.59935589678658,0.8222257342243281,0.0
23.497677999413245,86.89514621741912,1.1143342448052032,0.0
24.34787115906824,87.00511386114687,0.9255893351064189,0.0
24.37990920618434,88.19727986315704,0.9693502210466476,0.0
25.274524434925155,87.72619305431778,0.955061941310129,0.0
26.7875693154412,89.25465324125503,1.0025604537886463,0.0
27.071671866209417,89.8488975602198,0.9058665802547013,0.0
27.220296673572665,89.82810671276282,1.087602044426285,0.0
28.08836947128106,89.65739385911236,0.8963144627237352,0.0
27.779075630315326,89.82048371906328,1.0232758808561895,0.0
28.22796556163701,91.32816549253735,0.954187278446299,0.0
27.767428984955583,90.67873927941574,0.8766775058578422,0.0
26.432334387340006,91.36140347825783,1.0903230358065852,0.0
27.60564867636098,92.16174611101803,0.8564317254019814,0.0
28.049430708856377,92.19319570621123,0.9842706381802647,0.0
29.347036886077948,90.93796025390274,0.976558852203569,0.0
28.868168854859636,91.48015428056156,0.9757759706152065,0.0
28.90757301709651,92.53577620826655,1.019718919979047,0.0
28.125797644901084,91.89126756883424,0.8702064219803718,0.0
28.13679964433428,90.56266228481537,0.9985891639140078,0.0
28.087209013479573,90.36897515959576,1.1629737780414289,0.0
27.76084772443494,89.86025920631204,1.1905950881760123,0.0
29.217669001162403,89.19081688273322,1.0192203026340352,0.0
28.01346049775952,89.52380982020632,0.7915092035294382,0.0
27.087032074027572,89.08082646014007,0.8495693265897537,0.0
25.342231247574038,88.60539074717519,1.0587910214194247,0.0
25.028698158263097,88.7273200108715,0.9280700236437547,0.0
24.95028223562175,89.84013219334027,0.9878866460606713,0.0
24.611163197149274,88.18534932425845,0.9693895196787389,0.0
23.546586193681605,89.27382968933571,1.0056840955348931,0.0
25.169435012713578,89.79831855926788,0.9334187674895219,0.0
23.195364502333252,90.33974944693998,1.2557899049102215,0.0
23.36757177042324,92.21185681338115,0.7719819957271681,0.0
23.938674840063328,92.08906297385838,1.0053658049885046,0.0
23.742870565801343,92.52942465102937,0.9032725790068303,0.0
22.818736144706765,93.4282234248511,0.9739497557434779,0.0
23.168719361839806,95.00572714427535,0.8707998964274635,0.0
21.911810864250175,95.28087200532285,0.9383153166506786,0.0
21.69684491594789,95.92106210364858,0.9511083841398182,0.0
20.420671984113614,95.42598171542392,0.818441200746864,0.0
20.333302631654437,96.35348505055879,0.9979835473109374,0.0
21.432021351359936,95.70434521746292,1.004786447829708,0.0
22.438656746535752,93.30667460168824,0.8920520045979967,0.0
22.74013671091004,92.73208160741169,0.9896436246927299,0.0
24.13252118334334,90.73760785249868,0.8393687252003137,0.0
24.607339403884737,90.86984321097509,0.8417075398507349,0.0
24.31601532950834,91.13745818926371,0.9993727302955508,0.0
22.704758676056304,88.61275401679909,0.9047810478673778,0.0
23.841789055628986,88.79868002470653,1.0904436986663095,0.0
21.760128210960943,87.44228779356173,0.9860162155331108,0.0
20.454502297189464,87.9936815527635,0.9776247428311675,0.0
20.152143737564185,88.54955740931393,1.0953921492092484,0.0
18.554469807952223,87.46897820376259,0.9170843313676216,0.0
18.270360090537434,88.78761529345833,0.8479967397608263,0.0
18.097469157936963,88.44275270850457,0.9558486190006035,0.0
17.508178743914115,87.51183077811756,1.1626007314057043,0.0
18.49875706235193,87.95148262365294,0.8763481382686497,0.0
19.54299660608751,86.54155192979862,1.0419203539495494,0.0
19.154648255083327,86.40858046734346,0.9073660509993686,0.0
18.635581363653888,85.06673346408674,1.0179797556257717,0.0
18.17728314041421,85.95832310244562,0.984181568885077,0.0
18.86628265730689,86.0035867834979,1.1510279771020353,0.0
20.245491391445746,86.09110088013956,1.0175021932552863,0.0
20.20511426746387,85.34288756137973,0.9603707618228713,0.0
20.129230446264817,83.60905198633975,0.9671894577304426,0.0
19.730720495341895,82.6134024142714,1.0028464488846034,0.0
20.10094748077981,84.05369925856779,0.8190032909263928,0.0
19.083130666803367,83.25964136771097,1.0110293540202206,0.0
18.225823007433302,82.51905092120664,1.1322394601934787,0.0
17.594303825950647,80.64020239159767,1.0485176903290916,0.0
17.14535754812765,79.60973551733959,0.8529929688912735,0.0
17.387724331063954,77.36522405590351,0.9356819140207772,0.0
17.01900846391894,78.03526177481983,1.0717120606399582,0.0
16.553218773065847,78.86628375841761,1.0251918597370129,0.0
17.827545389520953,76.64963339507564,0.9830272554275225,0.0
17.49662504913022,78.10239701565689,1.068704790660952,0.0
19.303083175313713,76.66819340581365,1.0931204209701275,0.0
19.836759098005004,77.0741002831735,0.9322143214376757,0.0
20.030313328936735,75.33141436110841,0.9601640001932413,0.0
19.666458490373532,74.77713531000929,0.9026122689203542,0.0
19.430017099963223,74.56808896008441,0.9516331410519016,0.0
19.722980809978534,73.10092741267744,1.0070624079696144,0.0
20.546882646302777,73.12131876635954,1.0781350624003974,0.0
20.08315292123233,73.34951608450056,0.7892039116507289,0.0
20.780353698676038,73.75709157321918,0.8519750006057594,0.0
22.11092731403195,74.1862420625174,0.9882238804212091,0.0
21.377631109590006,72.71596791026066,0.9269217346441426,0.0
21.482362754703065,72.81125767110653,0.9679294811526553,0.0
22.14580649363764,73.66233533402026,1.0381689102328622,0.0
20.25728367734605,72.62493434838022,1.0847949936718246,0.0
19.72663653558847,74.07692478138112,0.8583813739120856,0.0
19.59299494281163,73.97574603706936,1.019157600694399,0.0
19.164248472952742,72.94070203230643,1.1105116901468506,0.0
18.471351785670784,72.12763547383962,0.9867160465810345,0.0
18.201753489902305,71.29096585302176,1.0077090390434773,0.0
18.473862921981375,71.88935441109268,0.8937929373765062,0.0
20.868491092859045,71.95703046584575,0.7641705416335758,0.0
21.784256367499538,72.2832530815296,1.1344657957995616,0.0
20.271960913694976,72.21244054596185,0.9537300946524139,0.0
19.49746324297687,73.84932149590216,0.8973744582316455,0.0
18.97158911418751,74.2844204023517,1.0074113808002185,0.0
19.049664960351926,74.19435894888026,1.1024360606569454,0.0
18.21656232195833,74.05060988999423,1.082168663549847,0.0
19.165738596775665,72.01667237455796,0.9864145127734429,0.0
18.350790058594146,72.30724110170168,1.035724366427239,0.0
15.629213551386123,73.00237017566637,0.9715572998431086,0.0
15.350632020475992,72.96877543048622,1.018363049881386,0.0
15.862231742290016,72.61633514933304,0.9924894639812336,0.0
15.812390988771595,71.52134502952138,1.0097453121289803,0.0
15.94965858633585,72.12876492776283,0.9899726319533587,0.0
15.642777987822903,71.63161039599755,0.8697041151648748,0.0
14.518998148571457,73.7908058918877,1.0410306311006605,0.0
14.819012236101006,73.46741638988402,1.0566416545340513,0.0
14.071143437641844,72.74295069379653,0.8608425722123874,0.0
14.160588420491973,73.86659272340445,1.1120201540161592,0.0
11.491680278598965,74.09933046810248,1.1568230186193134,0.0
11.768273693919932,73.63582641018918,0.9783245595213241,0.0
11.449156537254348,72.28678956944732,0.98051206612379,0.0
9.512426187633945,73.3333506766294,1.0627748532247825,0.0
9.401007173976444,73.60023766535443,1.0017292010290078,0.0
8.954372390931878,74.29452489836176,1.1902443274939174,0.0
8.503505438421637,71.3911620569224,0.9757309924563293,0.0
8.763004003415379,70.7537774762632,0.9478734755194109,0.0
11.192716374311033,70.92248839635064,0.9648568685328157,0.0
8.562444845932253,71.01314710797931,1.0369413402010712,0.0
9.225800893442337,71.64018852158709,1.060772602049642,0.0
9.485990349089995,71.55894329001082,0.8610044534863674,0.0
12.163051711380543,71.81269886670066,0.98512036201675,0.0
12.358220003078209,68.8264987683109,0.9446974436958828,0.0
13.528488482623976,66.85377880990204,0.8680176341691117,0.0
13.737766134981324,65.6896823259141,1.042068405973703,0.0
14.12499490987639,64.37547875494408,1.0028742023538733,0.0
12.871631498050633,63.05049748626473,0.9509105661935776,0.0
12.348292439201805,63.87551880981236,1.3968645150964645,0.0
12.870826112136026,65.34344698807743,1.0924639830009304,0.0
12.869751852025157,65.49121878341563,1.125084375928354,0.0
13.279748390911207,64.73305726851302,0.8618926264155266,0.0
13.72096931873953,62.88542115633902,1.1079648163106401,0.0
13.871177668175779,62.64841548437533,0.8934981511411257,0.0
15.167423350130708,62.145588005778194,1.1109603949497462,0.0
15.892086067106671,62.66923687062773,1.0703389264470557,0.0
16.39597050786849,62.38606630307346,1.039369348529143,0.0
15.24021751060932,61.725895529275355,0.9223233504177126,0.0
16.006553848234834,61.827830712468085,0.9846128076096945,0.0
15.776220113672098,60.617540476493,0.9690395098382123,0.0
15.635614253415502,61.12529487656876,0.8857782321145479,0.0
15.456313776960757,60.22382693675991,0.9696514436575995,0.0
13.793384743090943,58.57865215855835,0.9528484676389046,0.0
14.449811157858832,57.97599653038249,1.1424285970670955,0.0
14.383744972886255,57.995828775920955,0.9381285112521155,0.0
13.98847475207274,56.88069318765295,0.9544331678366282,0.0
13.697440065619544,55.842409473433094,0.8996032190955731,0.0
12.827998717016474,54.24270525752618,1.0358384967712895,0.0
13.559610269496261,55.145006476271334,0.9127683028818445,0.0
11.903170838779053,54.76739191399714,0.8255121481725468,0.0
10.912016401659816,54.07707053404192,0.8887777456950605,0.0
12.16669317052476,54.34598031283752,0.9877002338005937,0.0
12.641448452249941,56.0335301428393,1.1523812725550717,0.0
14.045097972645252,57.460176540386314,0.923258859325307,0.0
13.573037445489753,57.68204221839452,0.9332896559249135,0.0
11.92535460851116,57.39561634900399,1.031673252937837,0.0
11.363899736304802,57.0574308534566,0.9540087127986255,0.0
11.315581294276024,57.34136369907402,1.0420667288926744,0.0
12.38057151892204,58.38231401536833,0.9375103567186823,0.0
12.813080219739108,58.283771100597114,0.9842594146606122,0.0
12.355721224279348,58.05009394769312,0.7995369259325485,0.0
12.279501140283225,58.9892117451322,1.1756279120900366,0.0
12.063405743963095,59.13291581922524,0.8194383769807362,0.0
10.43410379463884,60.08447905281372,0.9976222212253352,0.0
10.007205631706626,59.59058662070475,1.171106497021106,0.0
10.738540343517819,58.134983878299785,0.9947997309557056,0.0
12.091830690402306,58.0036877122774,0.9214487197705141,0.0
11.669589042602805,58.39722197410421,1.1283390415775105,0.0
12.185477388235425,58.715063547843954,0.8649835523780982,0.0
11.518308533531,58.70237190162949,1.0007093070138258,0.0
11.730352447386153,59.638948851317174,1.0447407966629836,0.0
11.897151669195082,57.751228569724866,1.1313905874929135,0.0
11.45301399981018,59.07722403228439,0.7829286551034871,0.0
11.653851693801029,59.562785313789256,1.1219701297780431,0.0
12.155255726811294,59.25444980295132,0.9892151627878856,0.0
11.501817636800556,59.414268042440874,0.9018598434786229,0.0
10.264307217673252,58.42766944389617,1.0930214705234937,0.0
9.098153043338272,58.75030146093757,0.9950981928348106,0.0
9.515238547569176,57.40969161024718,0.87759111928125,0.0
11.763530106088364,56.4154101655855,1.227605755278344,0.0
12.067931182432636,55.581742487234266,1.0407431500491167,0.0
11.8492346001974,53.563568396754604,0.9505248445383768,0.0
12.890148162818976,52.978210997940636,1.1405330974008823,0.0
14.994693458373899,53.47709677604873,0.8834240429891442,0.0
15.112180755502509,55.1135162962863,0.9521104189202759,0.0
15.343663796006197,55.60197352811565,1.24504372969774,0.0
14.814234065867346,54.60477506972823,0.7862083761481752,0.0
15.443526201003307,55.444833547708086,0.9589448701762026,0.0
16.701068129150876,56.22185135275835,0.9215806031382616,0.0
15.765896553650103,57.65765103403276,0.904485990229967,0.0
17.39790347843948,58.46082158690059,0.7540075457626888,0.0
19.250464406719487,58.29038217228085,0.9814511841301792,0.0
19.143435535580352,57.606287182285996,1.0030654267112542,0.0
19.796003751659594,58.96666674462826,0.9838167917905802,0.0
20.24264349773652,59.231114406183,0.9591119460659264,0.0
20.282997943272687,60.439027145314135,0.9374741152642798,0.0
20.124294556774256,60.59523094243035,1.010431573094863,0.0
20.770209627716653,59.287125270635045,1.0558571736276474,0.0
20.344667633450523,60.49732712623154,1.0188721691298612,0.0
20.554348000506415,60.96218456664335,0.9646190311806009,0.0
19.76217700511458,60.52587464574848,0.8968696970875402,0.0
20.14641305878174,59.71442136952125,0.940189767664501,0.0
19.33344786230885,60.39870129949472,0.7540718843347042,0.0
19.176378030382285,61.229188989564456,1.0334615953065875,0.0
18.571969780568566,59.20258032544838,0.9516297717300539,0.0
18.845374825694446,59.00331367526106,0.8470601965554212,0.0
19.63814558605615,59.855687225909655,1.0076268112859572,0.0
20.394405853450984,60.25460934409628,1.0226924296348059,0.0
21.036889500090588,60.16546723529575,1.0349597661705336,0.0
20.237980745417516,59.60522313050345,1.0316558834368101,0.0
19.26885056920738,60.38754621984209,1.0067762860583984,0.0
20.064891985499916,62.524371690447516,0.8798804022221302,0.0
18.473568888150922,61.29941118507533,1.006122740896535,0.0
18.911446342150185,60.23665105318249,0.9717514062314084,0.0
20.853520628051097,60.072278818659925,0.8478082586080683,0.0
18.965246127872277,60.99129897183243,0.9658820990024473,0.0
19.06883784927165,60.9061451792682,0.9505354109705119,0.0
17.7288280188314,61.76636146828273,1.0096359720380161,0.0
18.0663311376712,63.31382550045326,1.1813547805249036,0.0
19.657602848992813,61.40494533410513,1.1564662374313184,0.0
21.703040653839256,60.00109769534586,0.852184227251287,0.0
20.438720699442694,59.57946589524959,0.9164954468947755,0.0
20.722759937122664,59.911264461223126,0.7725543156701296,0.0
20.691229414059006,59.72175520198516,0.8338746741001087,0.0
21.017039915478197,60.30849915758167,1.0967926544261997,0.0
22.71532614782463,60.90806734005963,1.074105835543791,0.0
21.90103911727548,61.58880854692305,1.1854071083802198,0.0
21.78741167692741,60.082751462653526,1.0401629356866133,0.0
22.609757226020328,61.109455265460696,1.0732614051439477,0.0
22.502283811349447,62.0670705839313,1.0620988689296484,0.0
23.885293110045637,62.740499199032804,0.8478618071170084,0.0
23.05256527400105,63.3291296895374,1.1647932083449695,0.0
21.914961395853318,62.264310050049104,1.0454543477870435,0.0
21.96108636004178,62.43281016925445,1.0478345520423444,0.0
23.2422009852237,61.88283753073476,0.8385312645833733,0.0
23.060732456158885,60.89040999936313,1.0587891744870948,0.0
23.42396419118836,60.70689314562669,0.9157849689866285,0.0
23.80072106819319,60.14721856362541,0.9103025290541895,0.0
22.97175807023413,59.595989645858936,1.0329908544521613,0.0
23.18204273838853,58.4383284768767,0.8902594086808178,0.0
22.722962585707208,59.29359124134677,0.9230270090101922,0.0
21.312657324771045,58.034503728778446,0.9854747142533308,0.0
22.405146930494535,56.81361450451989,1.0055764031422298,0.0
24.06740705811262,56.58279404354883,0.9567494933314218,0.0
24.840572831581305,55.76713957290986,1.1246625524230847,0.0
23.77284286181601,55.98567695489873,0.9730911883274288,0.0
23.476090392624553,54.31706068783044,0.9286374293802336,0.0
22.98683552269194,53.952924272109705,0.9859686696449812,0.0
21.876330181264525,52.80226406918649,1.0669521582501311,0.0
22.270293056153253,52.58019851559855,0.9901741194824613,0.0
21.984677361355587,53.49614523299319,0.9168585654479856,0.0
21.148168915046615,52.829150554868185,1.2274606844157827,0.0
23.807957973681724,51.682298317880736,1.0725272922593725,0.0
22.73500259027326,50.34251098435655,1.0312128974536883,0.0
22.990276243635307,50.04213993180793,0.9873131329163415,0.0
22.45904937525498,50.90445213038738,1.1211709916332049,0.0
21.543722154261115,52.45856818155029,1.0822719094426094,0.0
21.399266796140182,54.0100708772293,1.1403860089278905,0.0
21.248041827586594,53.94635616278021,1.0824874435923602,0.0
22.003085136318568,53.964329524031626,1.3035110228914777,0.0
21.8369502457467,53.12628495776133,0.9685007149787647,0.0
22.607686957465834,52.05027191970978,0.8612898463898055,0.0
22.675747707354525,52.23091230811575,0.9691640226359911,0.0
22.86664346260967,52.94140215813939,1.1033641573574622,0.0
23.58117205322944,53.48349651770082,1.1101409500187043,0.0
24.386256070699055,53.567866244390395,1.1802591142445793,0.0
25.925116043864236,54.339584660851955,1.1154178292861257,0.0
26.70111273605995,52.72861393767036,0.8795627346477606,0.0
28.810835735458134,50.89701410839689,0.9843611583087035,0.0
27.83247002034234,50.39103831246742,1.013731654513422,0.0
28.42472094913727,50.98189427186411,0.9900863889285904,0.0
29.309553620213542,51.18513980469405,0.9343090572754253,0.0
29.849168955877538,51.424262145149235,1.0410709172082047,0.0
30.16369509572433,51.83791505782055,1.0020283725472192,0.0
30.277025249765522,50.14934759666361,1.1210768153454116,0.0
29.52024558682763,50.69994628186752,0.9482200477183207,0.0
30.844283783271443,49.86818422736293,0.9315855658385658,0.0
33.068862981289755,51.09279183826857,0.9921268468393927,0.0
32.00120737516063,51.7055518591919,0.9435288459456461,0.0
29.92654195914316,52.6983224912098,1.0120503600838429,0.0
28.332636425236284,53.73219838786214,0.9716599754984487,0.0
28.937322666709466,55.927817707979806,0.9442734017888751,0.0
29.07998589951834,55.54849753702323,0.9864925014493577,0.0
29.380966855171312,55.97791253719201,0.9260956297918144,0.0
28.576631868041748,55.337063382159855,0.9137486832673116,0.0
28.885680141488503,54.80706516300011,0.9977687554728495,0.0
29.804595879044733,54.09246681624291,1.046507023419336,0.0
30.063155300482205,52.420847325343,0.9315716995639356,0.0
31.237433952732154,51.412294509975226,1.0307965528079994,0.0
31.899581670129127,51.09793741415527,0.9282204745436471,0.0
29.889518096762583,50.487618181617115,0.9785109904301306,0.0
29.978305302794716,50.75097924068975,0.8831346111959717,0.0
28.911911123388187,50.89255958105855,0.9788946730912137,0.0
30.04776182062567,51.12114553789134,0.9823347231618206,0.0
29.886452991938146,51.960923151138644,1.0926834846114502,0.0
29.27837735262878,52.5872515084622,0.9738453917277675,0.0
30.813110941285707,52.36326355332968,1.0675942014468323,0.0
30.295239598384686,51.80977655525064,1.0113100130595645,0.0
32.501205355019735,52.60035622763061,1.1057254206447906,0.0
33.27735477439721,54.24052789868025,0.8067030657147982,0.0
31.707808245703237,54.657546091384475,0.9389081380019824,0.0
31.184993489775863,54.750333539548414,0.9814664172231682,0.0
31.079259616979897,57.30468634518477,0.8894878767564872,0.0
31.190173512391144,58.20445360448569,1.0707876608206355,0.0
30.423630947955072,58.384890659881734,0.8327788259220191,0.0
31.213691098383563,59.03765739185349,0.9711082941124206,0.0
31.039522776679128,57.62703835547703,0.8978432372839233,0.0
31.518222671084388,57.2139075327561,1.0589154116297774,0.0
31.612893970758662,59.12443658327505,0.8921888802755793,0.0
30.894866520100447,58.56501817702053,1.0655288805756111,0.0
30.388841004703867,59.782147825308385,1.0737557860620108,0.0
29.60870925390474,60.07521796191758,0.9497700811279896,0.0
30.35310413267315,59.65962887035932,1.144496908300435,0.0
31.085616290143513,56.81829383508312,0.9660810829100863,0.0
31.578149620265002,56.24665887415755,1.0673834661628336,0.0
30.49638241999211,56.37370066776622,0.9628564885311232,0.0
30.603502707854286,55.695641742905906,1.205279346639336,0.0
31.312403573971864,56.539243142145665,1.0537152368408904,0.0
31.07344502025993,56.181155437490936,1.0165057789580842,0.0
30.399672270495035,55.4989134719206,0.9898285809949684,0.0
30.02872900298282,56.67273114622235,0.9909911117018684,0.0
29.252378770060808,55.53199872564743,0.9866132024719371,0.0
30.783032926623484,55.00964039522719,0.966099127740588,0.0
30.93311860239935,54.83751408931419,1.0135051888653746,0.0
30.57114779068931,55.60447014426059,0.9844614178581638,0.0
29.97236012606945,56.55598949770328,1.050455537256397,0.0
28.46547413268078,59.98262333588051,0.9751804541760052,0.0
29.6733608356791,60.497258607983746,0.8484507219301229,0.0
30.28508669898424,60.08498992210548,1.1403576409067988,0.0
31.18315614690856,60.09787509227205,1.103518013093213,0.0
31.372706171271123,60.746466691660615,1.1027197467776881,0.0
30.99220852729294,58.831328848565875,0.9771167928223106,0.0
30.137095301925438,60.0820992935197,0.9830431683787775,0.0
29.86374133091666,58.98381618397178,0.9201671767140834,0.0
29.20654545606529,57.2805473641447,1.0442179797531577,0.0
28.928738647054274,57.24628762157594,0.8811955100994416,0.0
27.971032912595643,58.27046444893935,1.0218346900313815,0.0
27.578067232195973,58.77624644400143,1.0854847131970102,0.0
26.968506325491802,57.89610183998714,1.0038886154499755,0.0
26.376818719910492,56.68009225326793,1.03303806786934,0.0
25.35648573505659,57.93556978372305,0.9767461505485611,0.0
25.832663031144715,57.205510500213244,0.8964869654333378,0.0
25.851636730801005,56.05561673561278,0.8816033160363397,0.0
27.312132549059854,55.18450527593525,1.0627372989083452,0.0
27.7759269532123,54.87212542808233,1.1939984586570411,0.0
29.97615586812803,54.25469041946037,0.9190244811056372,0.0
30.614850887656765,54.01374354400443,0.9280626545887293,0.0
30.808357719880764,54.58237987042871,0.8919525761144702,0.0
31.270011155020796,53.379317474164466,0.9899289198855505,0.0
30.4463146167305,54.06068277620338,1.1120818819161715,0.0
31.366212146575798,53.89955051158047,1.0893866700294514,0.0
32.462362656547484,53.369077144120425,0.8148386173756168,0.0
32.641470318384776,53.06368351540771,1.0099780660099595,0.0
32.44670941074162,53.297258723082486,0.9187246710807021,0.0
34.07100843285354,53.64821689778736,1.102956924532216,0.0
34.97529082032952,54.59384442607534,0.9068962231541439,0.0
35.02121883150819,54.30337237070435,0.9107275012137555,0.0
33.8921510061581,53.47825378576739,0.7944097791866479,0.0
33.90959934086698,53.708998235848576,0.858106704891563,0.0
34.34878600027377,55.83661334984086,1.001592539360245,0.0
33.95411497854491,56.7901758624193,0.9739880813674583,0.0
34.884103619544085,55.50333146076918,1.0429090614855656,0.0
35.923918871231066,54.67368216626176,1.0683300639447104,0.0
35.95726940501136,55.455880031646075,0.6959308612963702,0.0
36.268590521096655,56.347218126461826,0.8171335767212322,0.0
35.31074374130076,57.204363046183886,0.8768172534892277,0.0
36.22383510589199,57.137748645534806,0.9151789214189585,0.0
36.26425903132384,58.05302025974854,0.9118155791281279,0.0
36.37577906554617,57.49379782453512,1.1256221336748864,0.0
35.79915133814699,56.39856642725128,0.8264159824366013,0.0
36.37554691921527,53.92636892456949,0.837143389490703,0.0
36.7064076475345,54.07847082402459,1.1677397351590912,0.0
36.14872970293447,53.812174387418494,1.0088976634637221,0.0
36.02426998090423,53.57757683345773,0.9231284716545285,0.0
36.2708242744182,52.30895481189473,0.9936343170656896,0.0
37.11808500273462,52.31190421899862,1.045889375707167,0.0
38.238171744296885,52.60381535837806,0.9479211431787049,0.0
37.488884631022415,53.27035544781128,1.0314232187349928,0.0
37.331561865658315,53.19458982914594,1.157422469331945,0.0
36.79452448711362,51.702867603151574,0.9999250531625035,0.0
37.006290212037555,51.904103940708,0.9013120312795266,0.0
37.091571613934434,51.30794697494088,1.1048132068538357,0.0
37.556066083362154,51.69055363560207,1.004294721047014,0.0
38.139081872313135,51.36584890631415,1.1980394793161426,0.0
39.06664819289104,51.45210840591928,0.986047171972724,0.0
37.65380601614393,53.078058219805214,1.1326736904338346,0.0
35.802556077517984,55.0647820747537,0.9249739013478955,0.0
33.670582304609994,56.10150260575405,1.0779996923975301,0.0
33.05166626931285,55.78260746914005,1.0104001120160497,0.0
33.526136249167486,56.18651925861569,0.8601164090095881,0.0
32.179572277427006,56.216905682464024,0.9437167665424437,0.0
31.30031643343183,56.057687213619324,1.04338669103577,0.0
30.620939066335588,56.936409275994066,0.9737978701575526,0.0
30.6945914184506,55.48230792897865,0.9188579989139636,0.0
30.114613363948543,55.52158717893685,0.9604466907443541,0.0
26.999614966895336,55.11722903623079,1.0894473846814576,0.0
25.573370569621293,55.86788201537619,0.9950779691014962,0.0
26.13087986995827,55.3050987829872,0.8747564408283884,0.0
24.883385907408094,58.104114903459646,0.8635942977533071,0.0
24.82817730391698,58.61392612865631,1.0462751576592884,0.0
23.69366494873953,58.07649888965696,1.0942380202843411,0.0
22.960010562296684,61.07637279738051,0.8682145520894652,0.0
23.36637087789567,59.99442681052298,0.8460678651650604,0.0
20.7049940935407,59.62301184193477,0.9688422846470977,0.0
19.476019621038763,59.01191422970724,0.9499254621569447,0.0
18.796539691756198,58.26121864351629,0.8279500681314054,0.0
18.60949524493365,59.21910404931778,0.9804271695548689,0.0
19.665090181857142,59.187926103469415,0.8328197781243568,0.0
19.39471047511984,61.94903264936492,0.9768701083459609,0.0
19.90831718014613,61.99147805447587,1.0596397663271468,0.0
21.08611343711381,61.82521418174713,1.01247730481341,0.0
21.61569195050779,60.83139778942107,0.9893054314830028,0.0
20.718867683368334,60.6161781225811,1.0313182000252372,0.0
22.575007084007947,60.619539464261585,1.063165688891574,0.0
21.907191425604445,61.185736554205846,0.9437470962968965,0.0
22.214217210190377,60.496834096596714,0.9993966684145469,0.0
21.950187200600688,60.59309826278717,1.158059413174608,0.0
21.803845890970177,60.83359108517751,0.9928308909051115,0.0
23.368459054561047,60.321206668346264,0.9797530272526738,0.0
22.416930627923634,59.748399160314456,0.9537221461304252,0.0
21.433449223509413,60.83653060948931,1.0424028999828598,0.0
19.549074564015793,59.636157570990235,0.9537685204987236,0.0
19.466917533837588,59.570378151092335,1.1848310677677758,0.0
21.14497442294318,59.548147975292956,0.980188356221319,0.0
19.040460559780005,59.93774706452616,0.9719925165887071,0.0
17.450301738247177,59.32765048608807,0.9647146639785773,0.0
16.299701272631847,58.62207627210812,0.9537895505165915,0.0
16.682159029710572,58.06198417010494,1.0054412383660192,0.0
16.00299523389397,58.11355158885946,1.0013506812018667,0.0
16.314651083099783,58.97876862675776,1.129548090473348,0.0
15.625615838667652,60.21843272039825,0.980227257494479,0.0
15.94489380176672,61.73828446097025,0.8180187308209099,0.0
15.806182601413948,61.856532684203756,0.8069648936437893,0.0
15.922624028845371,62.281798176084195,1.058333792206227,0.0
17.9984463639526,62.927493590542014,1.049071099212083,0.0
16.77798760859759,63.9045456047744,0.9560652549186528,0.0
15.098886117184447,63.853368751404396,1.1917166755151722,0.0
14.768587143716358,61.40493460826431,1.065391555934311,0.0
14.16921616820936,61.25080399069331,0.9378628425983278,0.0
16.108870166988996,59.995014664962376,0.9616811606842796,0.0
15.281403313052131,60.9721603606244,0.9909810770840008,0.0
14.110257124292632,61.64328961764311,0.7931586726746118,0.0
14.63126278880596,59.56913227825374,0.976673467251583,0.0
14.06734448706653,58.634777790064035,1.1167580582950432,0.0
13.395853649416207,58.46258648943344,1.0224557151929428,0.0
12.43926057441573,59.00112057429315,0.8801377325803892,0.0
13.193783666474719,57.70893695589091,1.0267612898528924,0.0
15.356938733783513,58.55500858605054,0.8943084752774474,0.0
16.425354781545433,58.56199403968431,0.9212542298723806,0.0
15.785766318224729,59.37696343991264,0.9652635758676328,0.0
15.706019312409731,60.02766278618251,0.8886475912031379,0.0
14.185775611073579,61.47891099719283,0.9446038094273992,0.0
14.174432606186773,60.70969882010264,0.9892820388879774,0.0
13.52822118496737,60.92451041568964,1.163501621300703,0.0
13.155530809185679,63.78921712730336,1.058409017146653,0.0
14.06710677173084,65.08470096420282,0.923858927282991,0.0
14.59660171932036,64.34467338600719,1.1712906460166128,0.0
14.8685864580696,63.02779465923583,1.0062472550350798,0.0
15.868200465025776,60.483741828475566,1.1085028756499464,0.0
17.098478635471267,60.76181110412824,1.058791674500223,0.0
15.54470602237614,60.136666804345865,1.09882869438343,0.0
16.58361281564273,59.19646758580958,1.0027333766025381,0.0
14.905067404228188,58.03648816648874,0.735711189151466,0.0
14.8757573199912,57.16385541911256,1.0571802536068,0.0
13.735101907450057,57.69487299161834,0.8296850800261033,0.0
13.880225293447312,58.30181005033023,1.0762895512615456,0.0
12.966408569996759,58.06653307581722,1.0402378624880697,0.0
12.000325884788849,56.8174438095392,0.8255099107923514,0.0
10.766720819302895,56.704860312450776,1.1411070791766162,0.0
10.398042448548994,55.65589019892475,0.9045308039828361,0.0
11.705302129973512,55.71053897379696,1.0196361832805738,0.0
11.516788264669849,55.46583339680235,0.8968498969054289,0.0
10.525559249701786,56.03769815348122,0.9653718483290489,0.0
9.14139761405091,57.255378268804904,0.8673410727330187,0.0
10.842047456898426,57.387319855154075,0.8932729561514003,0.0
10.543572260680659,59.77387393001808,1.092643270058922,0.0
10.862841218017143,61.880779892219515,1.1686366795384369,0.0
11.490252970628086,63.03675431997275,0.9716581442506605,0.0
11.430512399666899,60.894756904495964,0.9403015092336517,0.0
12.138540781408171,60.427241013365396,0.946095720411758,0.0
14.423181106528324,61.35220011037324,1.1224079566832803,0.0
14.119202086905062,61.094894728863174,1.0117089753085213,0.0
13.377095873469843,61.27553431330239,1.0275223908446418,0.0
12.274282022582083,61.7087071189571,0.9623019946742492,0.0
10.881816894284063,62.51277721584541,0.9887906099634325,0.0
10.944080538745634,63.69738566428624,0.8453266339235204,0.0
10.615777417056929,63.01233966856981,1.0350468337352738,0.0
9.57007523030708,61.80023009413817,0.9980184603332406,0.0
8.461265277504673,63.16711998358205,1.066973416328922,0.0
6.981697221257222,64.71374987069143,0.9874142535732393,0.0
5.495460404782303,63.519076370759855,0.9597662106341053,0.0
3.92601384910912,64.02052134558483,1.0052471424892786,0.0
5.243498164441645,63.18509945217928,0.8337619180511835,0.0
4.6876349078558395,63.46822977767836,0.938274986172694,0.0
4.426747735754394,64.00876018130107,1.0361474692937045,0.0
4.159658022775279,63.77376537440727,0.9550165293226248,0.0
4.7616394620405815,64.26911850357419,1.0238498389391644,0.0
5.810731486364916,64.3819614688606,1.1007066933785636,0.0
4.2900040480250885,63.403597629247464,0.9499689139247312,0.0
4.936262206087274,62.461400697479824,1.0592986077823419,0.0
4.82617721126545,62.30998115883468,1.0269313400108173,0.0
5.014624820396414,61.7362564596561,0.8963467041558966,0.0
2.9000143775669707,61.82184868536212,0.8518191077974256,0.0
3.3584778167481817,62.54607997561703,1.022892282770879,0.0
2.6694301603120856,62.03629024342509,1.0181731466147477,0.0
2.935373959488561,61.155811011966094,0.8626835326146011,0.0
1.5077689969167019,60.70302597575581,0.9808351114415207,0.0
1.133103668183413,60.08510400911603,1.2134470192771631,0.0
0.40083027626382606,59.92420831623948,0.981264985686818,0.0
-0.9135370273428476,59.81801599141248,1.1531467018659605,0.0
-2.562807374373074,58.2193969189959,1.112323100311297,0.0
-2.6431261366413277,58.21395435980459,1.133198696824759,0.0
-4.821267519937268,57.032357786942846,0.8203098266202321,0.0
-5.573795243877152,57.82658849083113,0.9984537389495342,0.0
-6.130951973908048,61.310005221847206,0.964060521483088,0.0
-5.635274557610513,61.14137087117925,1.033845040005385,0.0
-6.980402989792273,60.83682075026659,1.0213975385291552,0.0
-7.243521156115054,60.74301043170748,0.8948789560513669,0.0
-7.9695602449316265,60.40686697979297,0.8824085209691349,0.0
-7.5991372302985,58.629879285766805,0.8641145465370608,0.0
-7.228463826703384,59.475916366488036,0.9224501566616929,0.0
-7.366703508652012,59.961731006213384,0.9495578611897854,0.0
-8.74795380660818,60.35885189770636,1.0273456047255936,0.0
-9.277638274127666,61.749351879619,1.138233460252687,0.0
-9.944086410615604,61.33887029348517,1.0658056094834385,0.0
-7.546740861990443,61.34889075806322,1.0367180454367568,0.0
-7.5598657449744815,61.37265236882279,0.936538914889816,0.0
-7.587573414104283,60.09626597144055,1.0575643585482422,0.0
-8.427749823539402,59.3331765438988,0.8972981527911804,0.0
-7.40566547864465,60.15318718207866,1.0330454448647164,0.0
-9.362258593927505,59.95887477686587,0.9429202417668491,0.0
-8.153490108533916,60.96578378321803,1.0232031810371678,0.0
-8.438274202621423,59.29405577312988,0.9900144296937563,0.0
-8.85425065612965,59.35862433173272,0.7971546042027621,0.0
-8.559390349962626,59.04934439806483,1.0397715646663157,0.0
-9.663705749325292,60.889044105785814,0.9119190661754231,0.0
-10.088092474877259,60.048462732958896,1.0847282236560123,0.0
-9.86563841254928,61.10508835689696,0.863567829959057,0.0
-9.996358055277717,61.48623124324885,1.029974348085724,0.0
-9.562104349691747,62.391642858961575,1.0325878613434396,0.0
-9.955358955196912,60.887493488208996,0.9492659970252982,0.0
-9.006474923828378,62.63360646828345,0.8109132652888056,0.0
-9.467584085401976,63.95458640276451,0.7827252957934154,0.0
-8.874310875784268,64.50752088259047,0.9241469194245515,0.0
-9.61330576754679,64.74711993637791,1.1477622408561512,0.0
-8.732738822179007,66.87856443941645,0.8968444755201407,0.0
-7.780801199797388,68.94038275449569,0.9577885076151206,0.0
-7.233832102825872,70.71833144313699,0.9427193367576395,0.0
-8.292534257548525,69.83587798156323,1.064145578152794,0.0
-8.597017603869237,70.40231551229746,1.1139228065628524,0.0
-10.346433263315214,71.29277563476116,0.964077488339776,0.0
-12.331025094591547,73.48824170323766,1.0310207930862134,0.0
-10.90687799740173,74.99031322561554,1.130302105372106,0.0
-12.434134862611065,75.09934808591561,0.9973434962532951,0.0
-12.433318647006374,75.85828895739068,0.9519653734618244,0.0
-13.461082019026124,75.45791708144476,1.2615369637461076,0.0
-15.215583805425322,75.3643500750048,0.9022964834863255,0.0
-14.630329714214003,77.53453152732234,0.941259591509336,0.0
-13.221241869311351,78.82611515505198,1.1368095581056084,0.0
-13.739209986782553,78.14876340341155,0.938688825569302,0.0
-14.835237931149708,78.35794078847299,0.9370002394960738,0.0
-13.788898976952153,76.82445667559513,0.9760657711092849,0.0
-16.854852247748333,76.69541590467394,1.0267727525948949,0.0
-15.799405993520235,76.70790442270732,1.316334361872879,0.0
-17.09583133639602,76.10095630178134,1.1918227351271304,0.0
-15.59752014711855,79.45131986775912,0.9953624176708779,0.0
-14.294283905186722,80.35304748438722,1.035128311167853,0.0
-16.756066342765337,81.60815112823488,1.1195335900982104,0.0
-16.985882972652984,82.38158240587472,0.8906164822829361,0.0
-17.378944189157636,82.04470179542753,0.9130342152198825,0.0
-16.589661722408177,82.74955386730814,1.1281372232410873,0.0
-17.522990404397117,83.6806845314617,0.9800264680691894,0.0
-19.12534370374773,83.9329903592587,0.9642635868445831,0.0
-19.222230476809454,85.3196125115791,1.0434639968025128,0.0
-21.4776197508306,86.10874107190023,0.929159144089607,0.0
-23.031606496749635,86.89750489204768,1.125429601281708,0.0
-21.61084495522002,87.68307251058704,1.030448046069587,0.0
-20.250068399988603,88.60826843125874,0.8761275701000455,0.0
-20.277038275987152,91.31679858422503,1.0574694402743168,0.0
-19.226584420121615,90.83640171672931,1.0030324018147532,0.0
-19.619325240749067,90.62652340045034,1.0087584311311704,0.0
-20.135144026834716,91.96971857560129,0.8791912978475188,0.0
-17.128280023740807,91.7790270072448,1.0987056752673352,0.0
-18.16842836669597,92.56584596431436,1.1104695408762761,0.0
-16.54139665306453,93.19675825125614,1.0348324024891489,0.0
-16.5907677730328,92.43537458974876,0.768359526351825,0.0
-17.32479099030326,92.18874672340206,0.9590056337495196,0.0
-15.95230315350507,92.60663350919083,0.8800340700859751,0.0
-16.655361535133714,90.47606110219161,0.9636882376232813,0.0
-17.25489845778037,90.01195215441196,0.898395278890221,0.0
-16.837442092183583,90.55282677974367,1.1753808189413644,0.0
-17.544879834663945,90.77038407270715,1.1485819597730242,0.0
-17.480281373380866,90.63037853136744,0.9522759742045378,0.0
-18.620425139230587,90.50101204134388,1.0969685895843209,0.0
-19.050045594230152,90.06037872192971,1.070242249480395,0.0
-17.27666708877698,89.51174341770364,1.0736483831635815,0.0
-16.182084521355332,89.19294950846181,0.9610533708811345,0.0
-16.552167808609944,89.96643976895326,0.8482433157486183,0.0
-16.231950069802764,89.38581440247953,0.9933390328818802,0.0
-14.33583568901071,90.79227862933703,1.0015181904033659,0.0
-12.891274368812768,92.24054129122122,1.1576777404020149,0.0
-13.25820892941535,92.51450352284242,0.9915835750237162,0.0
-12.478530869486784,92.60053415281713,0.8164044339846961,0.0
-12.77102716320182,92.90010272714306,1.059588969555151,0.0
-15.606917274486545,90.99852760957012,1.0828009628939295,0.0
-16.01056774778268,92.48549584222827,1.0728313576409103,0.0
-17.869623069909284,90.9784468671655,1.1933444010651357,0.0
-17.32638232246986,92.7251703678339,1.0602096252772457,0.0
-17.67239602416826,91.24160754975863,1.1244498463033465,0.0
-18.090345011268415,90.61309024552733,1.069013821617713,0.0
-17.784753063887177,91.6379442571335,0.9146394933753808,0.0
-17.15955030259487,91.71826131305409,1.0676935637664144,0.0
-19.33591635856618,89.47514954727777,1.1205049689232989,0.0
-21.095911154494313,88.55176798705352,1.0500074168645137,0.0
-20.031027386417254,87.42361665218016,1.0568215160049526,0.0
-20.274421375546865,88.1249575610815,1.0047252600157306,0.0
-20.362212106355905,86.12805761953848,0.9858877686790887,0.0
-19.417880455811662,86.29015755810103,1.1170023820228656,0.0
-19.205122367859985,86.76590464526748,0.9869762554506923,0.0
-17.77615561927754,86.41020608350723,1.1926075688294187,0.0
-18.74688504915341,85.54880173205261,1.033528797910113,0.0
-18.611823596725177,84.39797910408001,0.92334359725649,0.0
-18.31179809672263,83.47762206877792,1.1132789550084095,0.0
-18.906267474871026,82.1079911959128,1.026675076719417,0.0
-17.109712730163036,82.04769635083059,0.9382710756405095,0.0
-16.892191169897647,79.56358280462648,0.9159158796391811,0.0
-16.1934507736599,79.59280639844349,1.0023754807557261,0.0
-14.94716468061623,79.94737222349718,0.8098721390338272,0.0
-14.000564318515757,80.10444306244727,0.8843977262363021,0.0
-13.735777436739552,79.62700990054411,0.892279346305513,0.0
-13.559239007550252,79.29233112239038,0.9933383602100954,0.0
-12.93533496769313,78.22471769017254,0.9875519102716299,0.0
-11.364951740383367,77.75296756193679,0.7713349492304196,0.0
-11.756951186914963,77.48821115839154,0.9212119232257974,0.0
-11.171500845413485,79.52303823612579,0.9360910381838958,0.0
-10.64229912840413,78.58991391224,0.7625808411655387,0.0
-9.668266268980569,79.99813649254446,1.191813996778894,0.0
-8.088154592292051,79.94668019727953,0.8568186931798898,0.0
-8.362130459029565,79.27621697799009,1.1067307854225477,0.0
-10.136974887839287,77.60048131406694,0.9871840489669559,0.0
-10.05039268372831,75.01974565742006,0.9415364937896394,0.0
-10.376436635954953,73.6224339059886,0.9499560158420549,0.0
-11.870727501716415,74.15415881871515,0.8180794764641683,0.0
-10.737060425345184,74.92538081599719,0.9963489839965746,0.0
-9.197050344608368,77.22271300571848,1.193861557228029,0.0
-10.520597471622304,78.41143997764247,1.0212124112595455,0.0
-10.975498620539362,77.41802268742576,0.9579099438573639,0.0
-9.97736011379534,75.53476485616592,1.0225948731205412,0.0
-11.389483716892034,75.88581127070748,0.981843506070588,0.0
-10.877739596402689,77.71310928087478,1.071618688501153,0.0
-10.312871583984816,78.48051381561221,0.9409128948551361,0.0
-10.799174788137028,79.4044182171437,1.0234577176066795,0.0
-11.574569365298402,79.14711892500863,1.0472982225337653,0.0
-10.242266010516326,77.8495985369195,1.0868743844253435,0.0
-10.586332829546164,77.41090129027496,0.9073326546807992,0.0
-10.95884129113263,76.7322480172946,1.01633265682582,0.0
-11.142735519793137,77.00503841770663,0.8982350621872331,0.0
-10.716332678789797,76.50686201881727,0.8752403499921388,0.0
-10.483135069387897,76.0076151996579,1.0486050150026314,0.0
-11.727253693440367,77.50408224230212,1.0943401834108495,0.0
-10.50360485477454,77.34219412580264,0.9725429299847885,0.0
-11.945729817556371,79.27153341032965,1.0142338224813878,0.0
-12.316700896367298,79.0260807617918,0.9193699859241887,0.0
-12.194147025339536,79.45056367965466,0.9323436232699195,0.0
-12.210416120845714,78.43644925218669,1.2616437255624748,0.0
-12.339816269598007,79.39285191997986,0.9479983380672917,0.0
-12.519418507840891,79.82114555357714,1.0785400043556004,0.0
-10.055422361848883,79.58780943107729,1.0433592755493328,0.0
-10.571147437967497,80.02167064099484,1.2543072529087005,0.0
-10.612883308124426,80.18881798946151,0.9486348477480981,0.0
-10.831049080320778,82.3227589411011,1.144796524408469,0.0
-11.62695607801357,83.24048929483905,1.0432346575113678,0.0
-12.303564435622274,82.3269903882762,1.0035307813429564,0.0
-12.76288859493242,82.07588515674783,0.9600049541339466,0.0
-12.256560429920082,80.16151885900565,1.0162055846465188,0.0
-13.094903296069823,79.876882278054,1.0062818508718292,0.0
-10.981747428358073,78.16206323407064,1.1198101592011307,0.0
-9.11549020296752,78.3043176105625,1.071495704979706,0.0
-9.789544603312526,78.49121405963956,1.066673229771095,0.0
-8.963882171781034,78.37963791579611,1.0714143899828688,0.0
-9.215460928524442,77.49709569790242,0.8774182036883111,0.0
-8.566753290220232,79.08950455772188,0.8623724011254994,0.0
-10.046194273413427,78.96997420078493,1.236368821304338,0.0
-10.240967788714313,79.80022510700509,0.9373196968766714,0.0
-8.657127637149541,81.87401331562938,1.121861161221508,0.0
-8.919276525161248,84.41423433400121,0.7680256946392894,0.0
-8.007192573967062,86.21735659442561,0.8925385272452181,0.0
-7.551566155785499,86.38080463157942,0.7351701599313396,0.0
-7.472473382014806,84.97674353055234,0.9449121440264265,0.0
-8.958079925762764,83.99807093892827,0.8529267056844231,0.0
-8.438075202814138,84.28436813458966,1.0824267939121104,0.0
-8.20771071262216,86.51799291581933,1.068252043831623,0.0
-8.727373612172524,87.17667493496324,1.0799247813498503,0.0
-7.984730163203776,87.35725680845627,1.0300324837179495,0.0
-7.216988006555251,86.31117584751858,0.9711087188705481,0.0
-7.256870517237931,86.73192622978016,1.0277493002520217,0.0
-6.805212832968587,85.38972137181638,0.8415586664475051,0.0
-6.119417420355788,86.10664349641891,0.9455983155684832,0.0
-5.857884222297902,87.06160695064764,1.0764621043077025,0.0
-6.216259310577128,88.06674184533901,0.8275250775400255,0.0
-6.283030728564805,89.49171502949125,1.067211877078945,0.0
-7.013240343521019,91.10510146490232,1.1221136941265184,0.0
-8.229987735097444,92.7097498118779,1.0448809096286462,0.0
-8.419095321634948,92.77275268705709,0.9937485501214901,0.0
-8.553165902493527,92.68189624452603,0.9834498374769645,0.0
-8.339829880662673,93.58302585353569,0.9292854215986285,0.0
-8.47839922875327,93.12146436299527,0.7906729565386442,0.0
-7.450243939369732,91.88229390418174,0.9032556068100234,0.0
-7.485140356601868,91.83422425352053,0.9766504362449164,0.0
-6.848807866898231,92.7076880390038,1.09582713365548,0.0
-7.459131399897759,94.36550732790904,1.095036728595293,0.0
-8.7916124627912,94.46055865691767,0.9044684162933805,0.0
-8.164505759765575,93.03220306583404,0.9136276447930809,0.0
-7.054930649321881,93.04361593316285,0.8946243009858583,0.0
-6.871958359071952,92.8254992438071,0.9564814130243057,0.0
-6.139335325402623,92.72787700576541,0.8276648837283113,0.0
-5.285033619089911,92.01544823366609,0.9327732485993029,0.0
-5.780322532146916,91.0764024272421,1.0684540489924996,0.0
-6.450259061522343,91.83323879752655,0.956317662632992,0.0
-6.703057863878596,91.94360874703221,1.1300682084600735,0.0
-7.53909324207793,94.0629526796358,1.1899691437326962,0.0
-6.311909885241338,94.82120149870764,1.0325136271220268,0.0
-6.695628290582928,95.64608636281828,0.7968295432377466,0.0
-6.549575212160897,94.88263541195926,0.991587016387696,0.0
-6.4428151914011265,94.94867947003846,0.8808342113411964,0.0
-6.4785907234923,94.64542169658456,0.9917962594571338,0.0
-5.526359727945269,94.13455506154067,0.8614352332526674,0.0
-5.556758935897017,94.05924874082505,1.0259921306450208,0.0
-5.960618547311011,93.70533868819925,1.0192160849966,0.0
-6.250341478280981,94.39873980056318,1.0216045737134627,0.0
-5.830282504244939,95.28235292604808,1.0841671610530146,0.0
-6.306265123392811,93.93063335208049,1.1023384446993019,0.0
-7.8157668071238655,91.85797364358456,0.9573951418740386,0.0
-6.523978207539629,91.73891477300631,0.9361653289393342,0.0
-6.016017747945178,90.47934367226054,1.0126921202338444,0.0
-5.8353279963882345,89.5118114300743,0.939605362403408,0.0
-3.828292533066252,90.91728958844692,1.216416961414355,0.0
-3.1851037920330203,89.7679687785004,1.1060614906669224,0.0
-3.6973503631260605,90.88062277572237,1.1479266418867433,0.0
-2.9895734990325376,90.75438678658105,0.8255829850935656,0.0
-3.9132332774384215,90.45301979255885,0.9927268741466007,0.0
-3.117090226195678,89.7837396592434,1.0693749814492985,0.0
-2.202938334128903,89.66699419472646,0.962769155062988,0.0
-3.1048194845099024,90.17223606246228,1.0406509835891906,0.0
-4.34200410910899,92.02322881540529,1.1772268478461365,0.0
-4.8005322568856785,89.5236569668011,0.9586178479324654,0.0
-6.082107839393775,88.18141242635663,0.9595939650555874,0.0
-5.952980849512442,88.65591164494886,0.8397076497287262,0.0
-4.411254347817514,89.47148016299558,1.092447763462694,0.0
-4.236936313072566,88.88181983773215,0.9433769877831686,0.0
-3.6313783460649462,89.01503089278286,1.0116321313252308,0.0
-3.2922573237242463,88.81613484746234,1.10632725236405,0.0
-3.3957352772251554,89.71718002974104,1.0408335295136442,0.0
-5.161619683582638,88.77538531847568,0.9954967368128185,0.0
-3.1340281516910635,86.21298346906893,0.9646924511387385,0.0
-3.018173844436138,85.54810247343315,0.9051809062252882,0.0
-2.783082563161544,84.83678512463509,1.1447088688534885,0.0
-2.4821446490539807,85.38923282044611,1.1309125669953122,0.0
-4.422072476180081,85.0279505655544,1.1212546196394617,0.0
-4.463244246974782,85.61414766848765,0.948019098094497,0.0
-3.450202237241973,87.5111860357515,1.0263787348788882,0.0
-4.529089110845024,85.2470340976582,0.9096970193979341,0.0
-3.5574278910818777,84.74892401601524,0.9139039028501085,0.0
-2.9030965458027316,84.10206909781022,0.9313937240667255,0.0
-3.0054496497222414,84.00605308628276,1.1533306841152804,0.0
-2.4594635683293817,82.8501383976465,0.9542541465395176,0.0
-1.2386695275260085,83.9797074093433,1.117438683169397,0.0
-0.36097219893211485,82.85312205119992,0.8393403167715243,0.0
-0.07354574609134142,84.16831368785164,1.2012857317402221,0.0
-0.5837691416094247,85.98874235997361,0.9068427024805741,0.0
-1.720411905253143,86.43583507166765,1.1456096264090083,0.0
-1.4770816966458267,84.15652698055946,1.0520683757577043,0.0
-0.7409635105083443,83.0643513373123,1.0661751206426895,0.0
-1.9095989501809028,81.41859103404337,0.9908084428842889,0.0
-0.6996136375125629,82.01559860123123,0.9101173324864471,0.0
1.0480156509940097,82.35109391176861,1.2205077686327832,0.0
1.6786735425926405,82.70793068111837,0.9735786147475816,0.0
0.2928223417242132,83.59297899987953,0.9376199794461214,0.0
0.29803071851861795,83.04478801606814,0.9974851270442016,0.0
1.3039994325780468,80.54447483323497,0.953964332465489,0.0
3.2623652614322136,79.91317798226315,0.9382330582751206,0.0
2.701384464179613,81.39938560566283,1.0449440633249347,0.0
3.600536314989452,80.96894651649296,0.8859902488268314,0.0
1.5304920001225297,80.9412825348244,0.9914351723541912,0.0
1.7790350515880164,80.90785378284788,1.0049032731180765,0.0
3.031368628387407,81.59237967536797,1.1958927394093548,0.0
2.8770183190582603,81.76140872534361,1.0483595792273974,0.0
2.534898964465662,80.70612817209829,1.127189584763029,0.0
1.873995712566618,80.6679082656507,1.0594337867681674,0.0
2.02461155287814,82.01522179813313,0.9951956717324172,0.0
1.431928384912026,80.8902503587456,1.1851242963729698,0.0
3.5181614556297323,80.9258291875322,0.9174136522438427,0.0
3.116191472171954,80.14656447471312,1.0157264973401519,0.0
0.8403861690254015,81.7512480110597,0.9412726207987111,0.0
0.8850838904390907,80.8598514438881,1.0352943329630637,0.0
-0.46482617556646155,80.90101600792933,1.0396308703211383,0.0
0.2659906584324816,79.84728438000512,0.9441725067912242,0.0
-1.0248927112507777,78.62242766235725,0.9050399344003393,0.0
-2.320027884057631,78.53456447588874,0.8374768870722549,0.0
-3.7416510963599725,78.03276087505215,1.0437366613115262,0.0
-5.0690843284783105,79.1642892362637,0.9977659415718202,0.0
-4.823925679206639,80.63040867656477,0.8904529938768526,0.0
-5.04622015864841,81.61501625873217,1.0881653994670066,0.0
-7.114049499037806,80.66277409737162,1.0268149731719947,0.0
-8.050772287403285,82.23448745018283,1.0696431225337617,0.0
-7.845522255870105,82.4937374327899,1.0628831721700451,0.0
-5.881613562598465,84.11229838011423,1.08225304640821,0.0
-5.188428629037883,86.01186695386136,1.0394838943596634,0.0
-4.778056665551968,86.97668820996651,1.1862170455628624,0.0
-4.268663618984236,86.35646454175065,1.1248501449166652,0.0
-5.2253759914822595,87.76592147674401,0.8709171812879679,0.0
-5.608618101918208,86.9098640806684,0.8890711350898626,0.0
-4.380240707942236,88.0651859593344,1.0761737140258743,0.0
-3.0834807157314077,90.1814386684863,1.0994148919520703,0.0
-3.127972308359334,89.56858921250618,0.8614247963888834,0.0
-3.0900095883126935,90.05529211275338,1.1056549313466533,0.0
-3.711575098137831,90.7579676068495,0.9475226934117649,0.0
-4.637819769376604,90.52973569625775,1.0115417441039372,0.0
-5.544261009981661,89.62645598534573,1.0212746264592951,0.0
-5.128653415506172,88.37584792306875,1.1080584076949511,0.0
-3.0709103398535214,89.08069719482613,0.938436876035491,0.0
-2.109772143506336,89.8794950145283,0.9915477800195478,0.0
-0.9941973221717817,89.61657886796665,0.9565210553743795,0.0
-0.3982550790720863,88.95900907865136,0.9807242165989143,0.0
0.27037557074490864,87.58777967257198,0.8887885098430084,0.0
-0.8137697780373226,86.02014215331663,1.0761907031727524,0.0
1.3444494789823285,87.15758137413309,0.9029334666408765,0.0
1.7224937070161355,87.65172832234906,0.9479177727040794,0.0
2.6129610940903123,86.90593885076589,1.078701623869575,0.0
1.783057165740055,86.80289005342284,0.9948107466077589,0.0
-0.3494024036945609,84.27714740582057,1.0356920090933193,0.0
-0.6860468864596273,84.21397457349102,0.9522785250668708,0.0
-0.7783876501614413,83.46250680484137,0.9032872368743018,0.0
-0.39013868544887054,83.37550973315025,1.15165856805732,0.0
-0.9915060436083675,82.17062693472029,1.0386775143126081,0.0
0.38904760624266665,81.55639579123908,0.8251283371133746,0.0
1.517396138426149,81.46105428394173,1.2115985954776596,0.0
0.1757686899798253,80.38571484116285,0.8364069177587438,0.0
-0.1310351164082812,81.28490105636655,1.0637386561699131,0.0
-2.5307311427169195,81.5200198804489,0.9665967433985596,0.0
-2.9074856644172127,83.55455554746513,0.987913568128378,0.0
-2.26874167078531,83.11090525966759,0.9398256972752167,0.0
-1.4199818132847324,83.70436694729715,1.0448164142241507,0.0
-1.4283833102858703,84.8441496992924,1.053065363351315,0.0
-1.4235584950432387,85.8294214991676,1.0007689373866968,0.0
-1.2949875834477478,85.21192808892374,0.8452162436528166,0.0
-0.01619973283345172,85.98799094144309,0.9167381135780582,0.0
-0.7282025456293231,88.18114706935505,0.873678473742761,0.0
-0.7252006265544599,88.77256686966479,1.054423115950947,0.0
0.16969952613590714,87.98196870740647,1.0269616573426128,0.0
-0.6663798144058755,88.06056815315283,0.762224736423935,0.0
-0.4008022789103568,88.65611214230937,1.0229871981715115,0.0
-2.283246404896693,87.6453803857695,0.8952100646361593,0.0
-1.4643054851974455,89.14553673063432,1.0147288029940895,0.0
-0.7282069483390227,88.73608110316923,1.0967543606436774,0.0
-2.268448667007879,88.95390844873893,0.987566030807145,0.0
-2.9883850196061275,88.72784566467263,0.8618644088542031,0.0
-2.9064800874367913,90.006398383142,0.98270809418711,0.0
-1.631665385194212,89.4015976502405,0.9475766332928375,0.0
-1.6219688897893931,88.56969534444488,0.9203364153108137,0.0
-1.8163790043205439,88.27736904703302,0.9515080278842962,0.0
-2.2401177866720734,89.47531448841274,1.1149721224753462,0.0
-4.252918661749653,87.11236611951344,0.8392324550694937,0.0
-4.6513531461239035,85.4346925302313,1.0435056130793336,0.0
-4.362605693336814,85.67185233340214,1.0541912425149715,0.0
-6.220946562389122,86.97857483352756,0.9902984543936936,0.0
-6.6625236257930425,87.25609384749526,1.2385015651559947,0.0
-4.901511476673862,85.91666784744129,0.9663117709638,0.0
-6.387857282125948,85.79106487985891,1.1021291374953261,0.0
-7.840765849179407,86.20318425569023,1.006772089151397,0.0
-6.760295880195411,84.99834067003042,0.9208354230409413,0.0
-7.549581497007838,84.76329378332318,1.0029847086673003,0.0
-8.138951916852301,86.251266282103,1.0824332110716635,0.0
-8.799248417210801,86.49862962560461,1.0002469153749096,0.0
-8.620762001905765,86.60626399365714,1.007304759845994,0.0
-8.218803767295668,87.78596960156531,1.0080994651135617,0.0
-9.038762445892223,87.85050701984619,1.1601997852905361,0.0
-8.46306344455442,88.95108834329523,0.9504645204691479,0.0
-8.95929603999206,89.73681032251348,1.0489424865116048,0.0
-8.90248897495302,89.53474703726513,1.0643998486922075,0.0
-8.94149211847845,88.31688264823488,0.944136542072094,0.0
-7.9461461233009185,88.78754722017011,0.893217073355697,0.0
-6.578697895198863,89.43840024441805,0.9543178783734427,0.0
-7.339819703049564,89.5095559481315,1.0188678125976085,0.0
-7.668824433410806,89.43818297190812,0.980621251818534,0.0
-7.885531145890181,89.60675004129872,0.9031928037512077,0.0
-8.89225370151651,88.9925424471279,0.9494861637044605,0.0
-9.656836996186463,89.13982617353629,0.9688088619227715,0.0
-9.514019845010175,88.69839327737995,0.9627798264679871,0.0
-10.991346174484624,87.67576525898606,0.8949853783877532,0.0
-9.478828024256511,88.70140333779044,0.9807268109448357,0.0
-9.048311295601847,90.53592554949775,0.9391755099410527,0.0
-8.413601374847538,91.18880482779862,0.9930708818599356,0.0
-8.384234547198554,91.72593883289292,0.9178017948015534,0.0
-9.347134950710208,91.92350181381245,1.0589544084808125,0.0
-10.49750834155273,92.07336159154407,1.0596054335948744,0.0
-9.550860679166497,92.7565754162768,1.0111307444335915,0.0
-8.291383213008505,93.2291667382805,1.0639635654017912,0.0
-5.256209424844681,93.06842202135559,1.0827311716541579,0.0
-2.3035358733639275,94.29941344525658,0.9044288709850001,0.0
-4.178717036691779,94.1964193287021,0.9454151263218673,0.0
-3.1012946460782302,94.59568106930672,0.8789461343569402,0.0
-3.410419515002567,93.7801446293052,0.9275820747151243,0.0
-3.730636966059873,94.3492949334165,0.9669718288595687,0.0
-2.588250011133745,93.29472087772767,1.1228675761957854,0.0
-1.105545974617274,93.32582737155218,1.058415565809484,0.0
-0.9925272469210998,92.58218193810391,0.8235686068961167,0.0
-0.20801672850715835,92.31303121591897,0.9507853494423133,0.0
0.3883676101593818,92.39202546332773,1.0848998578519227,0.0
1.0924892922414053,93.69356918420519,0.9697957100185224,0.0
2.3720770367653885,94.34730498832135,1.05397397791211,0.0
1.4271679048482593,94.24386690966085,0.9150567992983507,0.0
0.9250456927607648,94.00906857671295,0.8789747830863816,0.0
1.441999641506278,94.70804131575586,1.060689676662162,0.0
2.7320520664525976,95.5150803623976,0.8289914928326292,0.0
2.9154751235456082,96.25399863717978,1.0135553885188122,0.0
1.6952907437041762,97.33612569008143,0.7122257168131245,0.0
0.12181164762427743,97.38266381724583,1.1013945892605828,0.0
0.45157052673381276,98.14864953620857,1.0872557952155248,0.0
0.21436219638910164,100.67920484107775,1.0175119459394453,0.0
1.2649996719897263,102.04111089984899,0.9746268672340528,0.0
0.8803057494045187,100.585210971083,0.909952662576269,0.0
0.9758346286890934,100.83350763777365,0.9778537652618201,0.0
0.36931321243705856,99.51503669783989,0.937307796687295,0.0
1.1862143638808222,99.80376503620207,0.9949286522049022,0.0
0.31268689222002677,98.62347923204027,0.9730498523362822,0.0
1.3034381351385005,97.97730427608025,1.1386392899927436,0.0
2.1591683993577195,97.65158936098305,1.0984310256040986,0.0
1.5815086377507428,96.69729422101717,0.8718874420590558,0.0
1.7661706505604833,95.07697338753277,1.0569567094022652,0.0
3.5618531778446054,93.33392165690034,0.991801050654643,0.0
3.9154850557783027,93.46962421102387,0.9597998295329715,0.0
3.9879380674608678,92.629148090018,1.0064348978773299,0.0
5.315451641834301,92.55879452423895,0.8816394287606835,0.0
4.512181721453586,91.66622596399397,1.0132038723662369,0.0
4.091542555341632,90.6459541334907,1.2203874640829666,0.0
3.3960724047394564,88.28066600514744,0.9360521630812585,0.0
3.7679148138650156,89.03256270394877,1.0100226326300563,0.0
3.270381830879504,88.15459216861044,1.048159788152305,0.0
3.1666253447674926,87.8917487917651,0.9407429691055167,0.0
1.7304609147622039,88.17304451005481,0.9403088844075433,0.0
2.7668840426157164,87.4390238263197,0.9869551237621486,0.0
2.6517426966881574,88.40421771916118,1.2085122522585505,0.0
1.8248569132038055,88.74728609933084,1.0190188416093042,0.0
2.2326275708496395,88.7046144024129,0.9997864461316024,0.0
2.4802517372667707,87.8855011681649,0.9739862980556078,0.0
2.2088095870985165,87.1091238028525,1.0144266410013847,0.0
1.649948322851246,86.88345970757797,1.0442847092712613,0.0
2.8134613750506277,85.22511642188991,1.0589185717290421,0.0
1.1294315348063093,87.34274337395584,0.9817693482609162,0.0
1.0019485975509874,87.4863731008162,1.1393553618799221,0.0
0.02389823204091268,88.17808558485874,1.107928478651604,0.0
-0.9583430019660153,88.55027562331634,0.8479808132829829,0.0
-1.7675162646257725,87.83696444372346,1.070081770518782,0.0
-3.520117749432794,86.99610827264985,0.9132504760951334,0.0
-4.855993529539045,87.13101214946357,0.9502861922718465,0.0
-5.3883587905769135,87.52987391948382,1.1120367929029173,0.0
-4.845038441595992,86.45534627612047,0.9179891142751577,0.0
-6.257654677475931,86.63993615476005,0.9817533939134743,0.0
-6.534758093234589,86.55747097099551,1.0515405765032617,0.0
-7.229398535644332,85.1068085516034,0.8874826351223484,0.0
-6.446421356844363,84.76210247535273,1.0693709036009311,0.0
-5.828921695501358,85.7293979096086,0.9831916453822358,0.0
-6.8027276157655665,84.70050202828561,0.896139347112169,0.0
-7.409772111249941,83.28836915067697,0.9848207594071493,0.0
-8.655146190238053,83.91312045418914,0.9656986212479389,0.0
-9.260143993035113,82.96589158881643,0.8992122816472441,0.0
-9.175792568261643,82.78754671358111,1.034806130895867,0.0
-8.974731900926725,83.44747730565962,0.9462090636566945,0.0
-8.850810864149901,83.6075111975971,0.9964423644403115,0.0
-8.13678620115492,82.2673068749222,0.7909145408562405,0.0
-6.941932999588295,83.85088775638789,0.9248896839580949,0.0
-7.795887497079111,83.92823369324518,0.9358907325633847,0.0
-9.044187950071981,83.7087940715549,1.0218129208406914,0.0
-8.520974039321215,83.13305270921025,0.8503638898424968,0.0
-8.657140066664256,82.49478684416033,1.0100981318049138,0.0
-8.238784320951911,82.63960460440859,0.9406832719573393,0.0
-7.485530240121936,82.89158461232714,1.1264433702268577,0.0
-8.419748530810708,82.94936591478418,1.0512834170189926,0.0
-10.19324443478837,83.82140775117473,1.1677846541598815,0.0
-10.52904767156133,84.96889744301285,1.0139249925553167,0.0
-9.894474391181216,85.61539216131035,0.9421620608495288,0.0
-8.949239238557528,85.53290302729691,1.0274552771767997,0.0
-8.870608214130517,85.72028726175036,1.0290649553452562,0.0
-10.075386554404178,87.86467074966833,0.9615278692463318,0.0
-7.144193401831579,89.19335339042723,0.845004393112915,0.0
-7.698281981533322,90.21145000697658,0.8918793749164523,0.0
-7.371352258769144,89.81209155459767,1.002446149775822,0.0
-7.321140191939123,88.79208202058352,1.0854031031054499,0.0
-5.303053605669571,87.55959901965716,0.9925174583991042,0.0
-5.754486186799768,90.08291662373878,1.0446538526186189,0.0
-5.325247058270728,91.32068290133965,1.093436241098782,0.0
-5.809192768762747,92.73917816412985,1.0579186119909962,0.0
-5.1745222085107,89.70020343128924,1.0656484828471307,0.0
-6.715973507904544,88.48592511011486,1.0079837744190558,0.0
-6.0213414614399134,88.90763466897923,0.8798956217391608,0.0
-5.916623649180376,89.2025022376241,0.9942778479902254,0.0
-5.610256234325691,89.40985622780306,1.052426052170054,0.0
-5.567828748055164,89.8320511917824,1.0259999031756188,0.0
-5.460208814495989,90.73927339626889,0.8554710798588642,0.0
-5.344815011104092,90.36830663777756,1.0644199031981354,0.0
-3.558467811420961,91.68153306177112,0.9587883998417741,0.0
-3.77993625390885,92.09959357006815,0.9411607363596116,0.0
-3.7672779263341067,95.59710993693632,0.9084015593972109,0.0
-4.558412211912105,97.50990494853252,1.0634768695442998,0.0
-4.703271762668755,97.50572110841868,0.9042858995812972,0.0
-5.445551276654663,96.58858409314803,0.9600251830108852,0.0
-5.036647303439805,96.27478087400185,1.010254899303749,0.0
-3.7088944921167806,95.76659806401757,0.9871023313232986,0.0
-3.548119731745465,97.44060139867248,0.9686066546827831,0.0
-3.139795118587433,96.89123711364726,0.94070174051041,0.0
-2.6852051788085105,97.45927398242988,1.0567586264691267,0.0
-1.306970912840054,97.1185746809208,1.1153361231956735,0.0
-0.19648298605096226,98.87749680038495,1.0067102199296893,0.0
0.8012997571260856,97.37897619455114,1.011940410149656,0.0
1.8400923533842493,98.08326284659123,1.067555878983092,0.0
1.6927631933251948,98.03754944123577,0.9867772869912588,0.0
0.26806426098707736,97.01272017138237,0.9389770354349456,0.0
-0.13131595671256058,98.02691166164422,0.9082446328010172,0.0
-1.3759269740234,98.88306335941687,0.984196870347892,0.0
-1.1808165759585711,96.71323564538815,0.9418822382051241,0.0
-0.6557642959708021,95.30169846395962,1.0532273003220294,0.0
-0.9337126557175737,95.05334769248219,1.1392350317742665,0.0
-1.7937408695763923,93.43750977457084,1.0500192000281223,0.0
-1.4061755095122375,92.73185347036008,1.0526393632023907,0.0
-0.9374755206879821,93.1158537658205,1.2233938398091002,0.0
-1.5516980357336696,92.20555915284703,0.931762776269036,0.0
-1.4199208205925198,90.99768680646173,1.166242044337702,0.0
-1.9906128838914008,91.94357420428398,0.7640801896181478,0.0
-2.9387860781174178,93.38105764128653,0.9968465373052089,0.0
-3.745534618392365,92.4191519809388,0.9535215253019506,0.0
-3.6637619486114987,91.00033592677494,1.0244740636172835,0.0
-2.737744705555619,90.35372453657439,0.9778452146199057,0.0
-2.9397271491291934,90.66529374375112,0.9255354846422597,0.0
-4.039374175350853,91.78347482390221,0.8027841652288709,0.0
-3.781618920710655,93.67692070206401,0.9267549793200279,0.0
-5.486554749976355,94.15082427089463,0.961907495682675,0.0
-7.091469711974629,93.3565838068045,0.9048846920775853,0.0
-6.058773711371195,92.5595387306551,0.9320525021800576,0.0
-6.61996645601707,93.29715813220582,1.0905234966933575,0.0
-5.465651363624811,92.71032916731755,1.0779340638274628,0.0
-5.957958574371035,92.14373933937874,0.9976976867523547,0.0
-6.724012330851721,92.79133815783156,0.9197601761919952,0.0
-6.843324839655802,90.90307392713794,1.0322694437676987,0.0
-8.685875974411076,91.82596279147997,0.966047902574485,0.0
-6.884670781191078,92.77099625995682,1.0301605186030205,0.0
-6.4593533735401065,91.7786006628697,1.0834678316969786,0.0
-6.0447002645900065,92.18900914381928,1.1632933083587647,0.0
-6.221451190976494,94.27998639773224,1.072471603877005,0.0
-6.393548281198808,93.32235312028621,1.0458263472690759,0.0
-4.853051560828307,95.48411084187175,1.0803032188366966,0.0
-5.472839899055204,95.16735098117111,1.0537102083471872,0.0
-5.760594786766368,94.03541065281563,0.8806091083145929,0.0
-7.544968755491036,94.01321628522167,1.269196531720817,0.0
-7.292817534792087,93.33537609913347,0.8781271728790736,0.0
-8.367341970763972,94.26247401947727,1.1013263828207371,0.0
-9.419324768382545,92.68923426104138,1.157547041209558,0.0
-9.30508893991893,93.2074009223601,1.0460292501980775,0.0
-11.14995447282592,91.77285960044331,1.0017110946022303,0.0
-10.815509144108674,90.8831275133292,1.1758474810066875,0.0
-12.486012947711362,90.73248536668777,0.9302388665555845,0.0
-11.9728708938106,90.29093529340587,1.111209599154908,0.0
-12.469022507884546,90.03903245649438,0.9788259276052694,0.0
-13.136110764997992,89.63842376605513,0.756722778495767,0.0
-14.703212348939324,88.26574604146657,0.9799635210865947,0.0
-15.15603760885452,88.71578297278768,0.8954935688788784,0.0
-14.470119542838965,87.19420478113469,0.7893089511709711,0.0
-14.74136739542318,87.67993287308244,1.0001367020098093,0.0
-15.239492289534127,88.26632198432712,1.0288615222776427,0.0
-15.408994960591336,87.10773979001672,0.9109361992774475,0.0
-16.434714845029532,85.68895223969976,1.0683756966462077,0.0
-15.345628418001391,84.9928469712474,1.027020518104288,0.0
-15.434101825691913,84.58798222698258,1.019007754840574,0.0
-15.536611735966227,86.44148056419264,0.932442483172808,0.0
-16.860074126961447,87.57103344937983,1.0231460340716623,0.0
-16.071882303885282,87.67196875713164,0.9008060223857527,0.0
-16.436385549155833,87.84384436426586,0.8493415953044448,0.0
-17.333116222718182,87.51296313016972,1.1416011814727673,0.0
-16.846952405538914,88.49084778618717,1.0029822612162589,0.0
-16.5076880288965,86.67589005821682,0.7090358987609511,0.0
-16.999601943841338,86.44577420775133,0.9932087048010283,0.0
-15.62311772581969,86.34161648654758,1.0034619869086083,0.0
-15.1532979683388,87.04151132965733,1.0789254170544966,0.0
-15.733501241630513,86.52854557737764,0.9971489659412407,0.0
-17.151372939881085,86.55906137049462,0.9010907698197084,0.0
-18.455300044418774,86.32431324232638,0.8925405582012046,0.0
-17.19979204787819,87.1663928487788,0.8931906838617516,0.0
-17.343160209246513,86.10152594628555,1.1839944352765315,0.0
-17.009896332187378,83.94698858964753,1.0339228449043005,0.0
-15.167197898153779,83.46377953710147,1.1022190234771807,0.0
-12.49364374966377,82.54517311133559,1.0069328493184602,0.0
-13.156069961109612,83.23551588501104,0.9839243972468894,0.0
-14.563303303552257,82.92074833902842,1.0452351995934168,0.0
-12.06230988609516,85.1448774715864,1.0122763758667783,0.0
-12.005027124073996,85.65379288132826,1.0027246116109656,0.0
-11.320108792687805,88.15606123871096,1.1291600775676471,0.0
-12.633334178959538,89.42743150833404,0.8895787906269367,0.0
-12.037037345961348,89.19811832569101,1.043704461593187,0.0
-13.026922329535454,89.94839744745268,1.0507446167868513,0.0
-13.26188596198805,90.05212222065853,0.8731907056390726,0.0
-13.666613385530813,90.57624147698932,0.9863892433559002,0.0
-13.327859825648874,89.74604289561329,0.909859808708046,0.0
-12.31909551189627,90.35615398778907,0.8954367181355509,0.0
-11.789958676046327,90.83353161696971,0.7966494372216757,0.0
-12.40232803895584,90.53268373827846,1.1459692857708776,0.0
-12.981504664022673,90.88256677636092,1.0823287662888996,0.0
-13.168776395365642,89.9152022378807,0.9535425671666424,0.0
-14.103776537916989,91.42168999648504,1.223155224038536,0.0
-13.592275331038627,92.24583002197872,1.0170441232260865,0.0
-13.025111527860082,92.79809869269458,1.1261259483483337,0.0
-14.865710450373054,92.16670659876266,1.0704948133708767,0.0
-14.725951160735606,93.44207773539297,0.9697553044207095,0.0
-15.604540542533424,93.14392535309408,0.9641248986966006,0.0
-16.36207211819961,94.09859960960625,1.2004050283323449,0.0
-14.652444565621646,94.03271686926954,0.8977129810830984,0.0
-14.187480161112745,94.22961156985005,0.8064079972313424,0.0
-13.085682370724365,94.84818556946874,1.0443579484127692,0.0
-13.18191047475211,96.49385393583637,1.1053534344767444,0.0
-14.005115467792542,95.77480979660243,0.9221308233052904,0.0
-12.998086041765886,98.30544081206673,0.9639785421736142,0.0
-14.49895870452883,97.21706088693902,0.9483549712627536,0.0
-13.586433086505641,97.64216147109335,0.8960164133307007,0.0
-13.333844934914831,97.15461509488489,0.9996196977756694,0.0
-13.45214612885837,96.25307981436191,1.0682725990803004,0.0
-13.944756734150218,97.47530216978923,0.8674877811382057,0.0
-14.206671024025491,97.23626544895687,0.9156888193739816,0.0
-13.289714894951402,96.91064693728109,0.9371528040717798,0.0
-11.894050977967147,96.08216526901272,1.0568319086229707,0.0
-12.302251504700706,94.25774683643206,1.0414695493879458,0.0
-12.424715253480317,93.82637022744153,0.9080594249992566,0.0
-13.354598056248351,91.72284486163336,0.8797254071738695,0.0
-14.383919352750034,94.71568508086531,1.0063041186264206,0.0
-14.597894791021666,92.87763249501947,1.1741296099927432,0.0
-13.834167386051968,93.06174985271618,1.0999611839784398,0.0
-12.006597795471908,91.2490237563994,1.0177421310667405,0.0
-12.918779720144553,91.8379147109686,1.010284750471543,0.0
-13.2839238007197,91.32596471173906,1.078419511541806,0.0
-12.836775722157569,91.89909602388569,1.006789799946821,0.0
-12.09532324826091,91.78873102336875,0.9596819000516609,0.0
-9.605465082603752,92.07457589407251,0.9783181289184233,0.0
-9.144437795815325,91.51035676446676,0.9751832281369679,0.0
-11.661981183135849,92.55657691827842,0.9939886075985271,0.0
-11.284055882317988,92.23531976210188,0.9873641771294401,0.0
-10.290595992562999,91.81699440806695,0.9722844810941585,0.0
-9.182566496309759,92.94192883966429,1.0793038525373893,0.0
-9.427119349778875,92.12574322678748,0.8440369502810647,0.0
-9.350324787256973,93.2651056310932,1.0020201743312644,0.0
-8.720975451168012,91.08641021453869,1.1481924122780744,0.0
-8.364170205549652,91.03525415304316,1.0119409492982832,0.0
-8.24845223960246,90.48409110262456,1.1142556403874848,0.0
-8.517059437775838,90.37327560714111,1.0933345816058717,0.0
-8.245851788760952,91.82129038401773,0.8609932728049188,0.0
-8.568803273556092,91.34668522363748,1.0116742355259456,0.0
-8.016997889219198,91.85573915085938,0.9310056771885842,0.0
-6.674693727717702,93.56503994979403,1.1722655308689098,0.0
-6.571873032416551,94.08404377034537,1.2462605094348624,0.0
-4.959889098199701,95.05151735569598,1.0710669951894467,0.0
-4.173953068709361,93.63603265242274,1.0809674010158723,0.0
-5.574168997773053,93.43012510057,1.1294387637914398,0.0
-6.454038669053791,92.22292003790676,0.946072480270056,0.0
-6.469228526513282,91.88399693813108,1.059069026710648,0.0
-6.354464231103253,92.31239876559901,0.9001927107024039,0.0
-6.272514771250634,93.96372852031176,0.9469038210959526,0.0
-7.546478175366862,93.79027699927924,1.0273194366490102,0.0
-8.161442794180081,95.01343960143772,1.1062790063720371,0.0
-7.9876116061338855,95.48220742401784,0.9348997487570404,0.0
-5.908610919113305,94.40272246666686,0.9601450230221042,0.0
-5.236201252660447,95.65996121758542,0.8770344348128091,0.0
-4.5908214374050305,94.30981486988334,1.068533851889729,0.0
-4.537056066109655,95.2374939217236,1.0884008577489843,0.0
-3.486739770861139,94.81056328197921,0.9603184442631866,0.0
-2.516366333205882,93.51710361290209,1.0158384525504685,0.0
-3.4073303953339806,92.29205215821177,1.0476320541690858,0.0
-3.5609424141096326,92.47457179436081,0.9892074022998465,0.0
-1.5876016940316189,91.75171265368941,1.0847618398348147,0.0
-1.8810033242405848,90.22567231341368,1.0867948550951874,0.0
-0.5236218255827413,90.78409092243312,1.0343861553032312,0.0
-0.7856562211025118,90.79756337937869,0.926475165222717,0.0
-0.1550215574746926,91.38983793079021,1.0936721325608272,0.0
1.1440253682147488,92.32837601097212,1.0674385702954279,0.0
1.8990548691773488,94.53660661803688,0.9451506166794692,0.0
1.426597466455311,95.16016387316388,0.9137569886716504,0.0
1.8197548375443606,94.89323938317958,1.1946249736307075,0.0
1.11503079140437,95.0557382395705,1.0065825485757887,0.0
1.4539137135064304,95.92860828234873,0.946420412121171,0.0
2.5211385434492875,95.87027981783271,0.9539172887597487,0.0
2.3348903990750913,95.01814952115363,0.9898225604566769,0.0
2.2888756795039025,92.93848343735556,0.9762463986480405,0.0
3.6296740753204952,93.69620541070834,1.0510341127200313,0.0
3.262690833197207,94.24064658885088,0.9268988358389925,0.0
3.287100956287853,92.39685458223346,0.9247569403051784,0.0
4.202619599243278,92.98934397455392,1.0507212333842466,0.0
4.561494782675734,93.67831045679428,0.8073349373558574,0.0
3.692784047570017,94.09544087902616,0.9198971004337866,0.0
5.911390096628278,94.99921062680625,1.008297538368718,0.0
6.062708654885811,93.37051460801888,0.8950898166610268,0.0
6.536347481540999,94.42362554648655,1.0822958950947255,0.0
3.5703828238127278,94.6220804334557,0.9559971420466922,0.0
3.424469305910916,95.50637640799269,0.9945239615467752,0.0
2.122266766813413,96.04631412178125,1.0399450276403792,0.0
1.7131680154509286,96.96102259782111,1.1216314848843727,0.0
0.935947064041199,97.25353399736078,1.0144714763834703,0.0
0.6807272803467106,97.20148765273697,1.1422436766866801,0.0
0.4314205993654125,96.45633140680908,0.8192308761093735,0.0
-0.46023820637014234,97.88747388035866,1.085674919147267,0.0
1.707347962235111,98.33980123332832,0.9251226832566898,0.0
1.3880193768913747,98.4672041973583,0.9887748354909709,0.0
-0.2035811719066134,97.63161055617044,1.082625524224113,0.0
-0.6272343930386886,97.30557560582767,0.8234308710266072,0.0
-0.2961355865213519,96.99999644510437,1.0766175957757544,0.0
0.08616803104203796,97.65860107094802,1.088747024645218,0.0
0.4375522924330417,96.49977690892821,1.2563510220407537,0.0
0.7515000425136494,96.38008278318112,0.9445947785126169,0.0
0.3422396190286829,97.27790607438108,1.0036209150773199,0.0
-0.2772764468520859,97.17415304463381,1.0765114117476484,0.0
1.5681557535070587,97.35789412684895,0.9285645401338507,0.0
1.9069213105163487,98.25267988447366,0.9319652618965435,0.0
1.7762578266322495,98.24431328908265,1.0292803462788596,0.0
2.7866683151798317,98.5703346154471,0.9732252178499028,0.0
2.0815184114451473,99.2614211376279,1.0103587367243163,0.0
3.3949351099496363,98.7019310380334,1.0083153626446104,0.0
4.2502806564542235,97.84705872874146,0.8285324125110135,0.0
4.541485808555423,97.22693916653601,0.8571880171538662,0.0
3.74124143709502,97.37485078944074,0.8107182867924907,0.0
3.5687682229619173,97.82744058286053,0.9393063475812784,0.0
1.663813191030161,98.29828380739812,1.130875658487639,0.0
1.8816581374538783,100.67849116694836,1.087089399081505,0.0
0.6452215537306576,100.49014922444874,1.1452758572877684,0.0
-1.3489906524158162,100.67281082615389,0.9314808491776263,0.0
0.502672346336146,100.8962679376874,0.9564271866073617,0.0
0.6266550552484222,101.15849549248698,1.0304875924883228,0.0
0.19273559806523122,103.01529502795218,1.094289287495988,0.0
1.0992582966344102,103.7067016272356,0.946926783996844,0.0
1.164958481845618,104.74044803555279,1.1793295240892374,0.0
-1.031198649235313,105.28097066428606,1.2220863603577872,0.0
-1.0473596062464847,104.75534845403126,1.1026943078680762,0.0
-0.4578425510584789,104.66382573292503,0.9068464577480704,0.0
-0.5954300630705568,105.26706684312178,0.9605150897132956,0.0
0.20700706632810417,104.17795173193193,0.8950797396014799,0.0
-0.25102375128841337,105.25099023234857,0.9732659918242296,0.0
-0.914408202898854,106.33116752410261,0.989156659537026,0.0
-0.9424106127269469,107.23539396284488,0.9759977964620111,0.0
-1.6477804662918203,107.26883475640207,0.9338580929649344,0.0
-0.7490607167160432,106.60225741294903,1.145879942930294,0.0
-0.19594775022775102,107.67127064781552,0.9969547840044839,0.0
0.3260108804314598,107.4329317484104,0.9922300235276861,0.0
0.8664622541956463,108.2826259862434,0.8429365324949352,0.0
2.1241492418716064,107.01329925747937,0.9479864499255712,0.0
2.3422908881165134,107.26222141931537,1.037444033726582,0.0
1.8667771828282054,109.97495963630776,0.9238273281881801,0.0
1.6060459080723626,110.85952201556951,0.9194076526219227,0.0
-0.02543507309866133,112.07931722107054,0.8894724572008347,0.0
0.46228838944715567,112.56519305574372,1.0715789094678105,0.0
1.9277854351245702,112.28724709993764,1.1202231724585578,0.0
1.0483124899534366,113.58079736209314,1.0701856947109647,0.0
1.4073775013402992,113.33176434058127,0.9268470643336749,0.0
0.6689803598272348,113.87389189346472,0.9198554264819604,0.0
0.909176354656007,113.76010825199666,1.1345970392301308,0.0
2.9220481584511715,114.41543305608299,0.9195036753664696,0.0
2.341406486144605,114.29408311679994,0.9565141703328109,0.0
2.4238011805601807,113.93771559384419,1.0939304960772496,0.0
3.1046519045752814,114.57469572041218,1.1245464687515803,0.0
2.5242050617022924,116.0267982464881,0.8771704935485021,0.0
1.863311576150617,116.34772528445944,0.7133340895121307,0.0
3.1453188817044153,115.71747794605041,1.114644838072488,0.0
4.392886111314065,114.61055260404571,0.9416727785856198,0.0
2.8332380304748277,113.2324419199028,1.0474626031851546,0.0
3.665357755822134,114.31081781757658,1.0912953317384377,0.0
1.8298886321952814,112.62786292271181,0.8277803861201645,0.0
2.5695470313445186,113.04257374898084,1.01681661392893,0.0
3.5051107954072744,111.40544622412968,0.7987766985187001,0.0
3.0814583358237257,112.29466670159282,1.114848312708077,0.0
4.379947292342567,113.41066778059002,1.0307000917172953,0.0
4.204014498176198,113.85882837391813,0.9087406852644488,0.0
4.574401301500754,114.23221040231216,0.9627003436840617,0.0
6.757270822298673,113.65632558369512,0.9205882756496885,0.0
7.410939773838466,114.92549474158676,0.869255893671554,0.0
5.925369476958473,113.97327551977976,0.9993526625257412,0.0
6.063014458735369,113.2912351057185,0.9447073433869989,0.0
6.275107862414788,112.990207114205,1.0473547941023271,0.0
5.762541131015525,112.2564530089036,1.1294744376205297,0.0
5.490718588352028,111.53690925308881,1.1035077377307922,0.0
4.896248494538614,111.27016277503003,0.9875329329785668,0.0
4.9886478048012375,109.17813308036004,0.9957520304190973,0.0
5.848525931362758,107.15845527450821,1.0675897234270733,0.0
7.1843175806971935,107.87858886560834,1.0941485151777177,0.0
6.823965584862896,107.92131713942986,0.856442210298487,0.0
8.68033168528856,108.02696995047843,0.9252285392904953,0.0
9.393793773842797,108.45080875231032,0.8510810214893163,0.0
9.687048418971793,109.30172900103723,0.9762075427702057,0.0
10.531669052161845,108.27944337890138,0.950319834477882,0.0
11.804038687048246,106.52456044103984,1.085229207449942,0.0
14.296961831623372,108.33273648720112,1.0880372659436954,0.0
13.972408782210762,108.2505328982023,0.9041564946911063,0.0
12.46501085207004,108.0980167709013,0.9229639179768538,0.0
13.510707819572106,107.88448581529333,1.0618259789553168,0.0
13.207403897877636,110.06991179184469,1.0204296220654439,0.0
13.434020037211592,110.98669127360971,1.056885294104615,0.0
12.13489580287067,109.48456425814403,0.9563859241243127,0.0
12.328030972282248,108.0682846215068,0.8475426374804569,0.0
13.588048278956691,108.50336478743331,0.9671486457292687,0.0
13.38751670158369,108.31997039565567,0.9197319824078997,0.0
13.313229810203424,108.12555097048448,0.8623570050250142,0.0
14.299464060039542,108.41693439695538,0.8479474843169456,0.0
15.248198851804352,109.10881499240094,1.0156119973077953,0.0
13.855251849114957,109.9516300460553,1.2649932367397407,0.0
12.050225671402234,108.88051282987016,1.046191455918944,0.0
12.52227771082388,110.05974251027754,0.8878187238387414,0.0
12.310122786037411,110.82971106746022,1.0234082981792072,0.0
12.49121777485532,112.1961662144756,1.0555398775381746,0.0
11.73055892131228,112.67995357646124,1.2723739366106033,0.0
11.781249744215202,110.76866874263656,1.0961004992551335,0.0
10.384337817942292,110.52043946189481,1.006812176438323,0.0
9.657841024516099,110.0978405410618,1.0267268878563596,0.0
10.298253154125103,110.83101761706637,0.9653499839138062,0.0
9.138554036832444,111.46753001010985,1.000487797371469,0.0
8.762233042438167,112.47200548574129,1.0935788402238287,0.0
9.114953468497646,112.3495226640735,0.741762589655316,0.0
9.215795904329717,114.52733130553132,1.0513582742538987,0.0
9.535146537194482,116.37195779956022,1.052035723586045,0.0
9.098933579528811,117.150640393581,0.8810102383428196,0.0
7.7446589554462415,117.09803917731325,1.00698416676432,0.0
7.360653163491658,115.52776129770184,1.0736307775579632,0.0
7.1016472625183855,116.48454616352244,1.017793596544036,0.0
6.484812833704182,116.17275002108833,1.0435323844681252,0.0
8.747688607597182,115.98735152569887,1.1017670178650238,0.0
8.890991557673047,112.98736308244904,1.0243021258450677,0.0
9.17791793949302,112.27917378649985,0.8531738026881417,0.0
8.270997961930693,111.41194868888127,1.0729053023593955,0.0
5.814928210056257,110.3490896778911,0.9879869427504109,0.0
4.506686476307752,108.9146363795339,0.9826789680172572,0.0
4.1963359734284875,108.62173862466788,1.020458033875278,0.0
3.9879663462207544,108.96461871091148,0.917539153713996,0.0
4.016578080761097,109.85004255483906,1.0627279439304966,0.0
2.91320281704066,108.5074737278897,1.0132234506553357,0.0
3.4718601418085098,108.94276985425459,1.0752636515278837,0.0
1.1953719252213872,108.62811307711107,0.8924249800596337,0.0
2.0868870249399,108.3907423206129,0.9647110125089003,0.0
0.6746303526513326,108.56976180712202,0.931604859027325,0.0
-0.010681932840924724,108.4236658159934,1.0150463167057757,0.0
0.09278816653516853,105.644776258089,1.0459246171007506,0.0
-0.2262660231382665,105.33568891194696,0.9357766547757247,0.0
0.05435078195669403,104.86714704652947,1.0739094708173131,0.0
0.30183866850968777,105.24859373884112,0.9610591129331293,0.0
0.04073362013532819,103.75421186152873,1.0551010609322407,0.0
0.5495520603231816,104.80134908490145,1.0274861424513373,0.0
1.2700307400062454,104.96294724610843,1.0965078834514088,0.0
-0.17970834845978567,103.75016794482288,0.9588171349582356,0.0
-0.1196264790059201,103.78967910054416,0.9631720296168056,0.0
0.721762857914986,103.70352213389882,0.8974457891607406,0.0
0.9387719392086398,102.14967748670738,1.0477116652996479,0.0
-0.6356241343207735,100.50960909903453,0.8710888695865746,0.0
-0.31955710899164086,100.58926454184866,1.1531057700602172,0.0
-0.7878703161570064,101.49030667102724,1.1165906658975129,0.0
-1.1887131762043937,102.65190200034198,1.0438994980786183,0.0
-3.0731592438834703,100.67245256854248,0.9141067041269282,0.0
-3.4466232958688527,99.343066938092,0.8722848770974273,0.0
-4.80319396866546,99.6413792873382,1.011233393666284,0.0
-4.577286690561024,98.656749995567,0.948484909572723,0.0
-3.6172526067365713,97.91386193767595,1.0063932715347013,0.0
-2.1989353247916448,97.30929070097775,0.9596796173110674,0.0
-1.8844396544283026,97.56929910209001,0.9378415876612063,0.0
-3.816141171652791,99.38145423885072,0.962619441482615,0.0
-4.13512105242812,98.5331469987488,1.0794692218905793,0.0
-3.051912034380134,97.89372805411153,1.191979378054011,0.0
-1.2248267914591988,97.00188131475572,1.0072701961607708,0.0
-2.4185981040822675,98.16977885944495,1.0280301714815807,0.0
-2.4892981417630167,98.53021866811255,0.9240293253486325,0.0
-2.038135838447222,98.40705448235543,1.0824379442757688,0.0
-2.087060982909948,97.88820375199971,1.0712170578184508,0.0
-0.9123010443482271,98.76687237421103,0.9158805434340925,0.0
-0.3626040773713676,98.77276194383138,1.0214725532472912,0.0
-0.7122641198494459,97.57129856389035,0.917831959569354,0.0
-1.0618041408564327,96.16753942944274,0.8126616658995078,0.0
-1.884755879568698,97.67954241192244,1.0141609458145089,0.0
-1.08322788155433,96.32163971943123,1.0654437000678743,0.0
-2.004085012184203,96.37501148166172,1.0258607063838414,0.0
-2.3714762019803564,96.67854017113024,0.8685656429656421,0.0
-1.037966302206911,98.02710503759216,1.2720978882339198,0.0
-1.360969563885806,97.77656895030663,1.0560532532852525,0.0
-2.9517313972913204,98.30859775927507,1.2097185864226114,0.0
-4.13922220909622,95.00586607107749,0.8965839765561476,0.0
-4.224460903982842,95.97252208621077,1.022056839540792,0.0
-3.8118577752986007,94.31556966440525,1.0988203275440402,0.0
-3.2684543937097015,94.91307993375688,0.7377668445957022,0.0
-1.6612631892662466,93.92886823480289,1.0510227206584637,0.0
-1.1406825745419185,94.74875396808018,0.9391735920008863,0.0
-1.4167296598445374,93.31831573629226,1.0058913243788168,0.0
0.4038392467453178,93.18292794114785,1.1403405539738578,0.0
0.39033373418711814,94.02026569905834,0.9443687647943357,0.0
-0.31629022275784213,94.55366522430228,0.8987599418724047,0.0
-0.004479345959103709,94.44005981994111,1.0826630329539308,0.0
0.8061128614196127,94.72333337106951,1.061258296079386,0.0
1.3915915806456283,95.00404678281765,0.9522469669072815,0.0
0.5943491232792382,94.18033310380845,1.0684118722385332,0.0
0.6473020523610761,92.72802993180116,1.1100007076474436,0.0
-1.446766875841451,90.78606800055032,0.9521135800168204,0.0
-1.949720848835349,91.11726410427102,1.1418817978896987,0.0
-2.3291276380252928,90.56505567880966,0.9134862047598156,0.0
-0.4913267173121205,90.40261096376331,1.2055546496013547,0.0
0.5082841683737294,90.81818819457712,1.1297330752745816,0.0
-0.8032854106524341,89.8126125644434,0.8865687738551924,0.0
-1.2350886385274236,88.63454340812712,1.200719081089101,0.0
-2.1681802404351025,86.51918498112488,0.9545719860416784,0.0
-2.4689730622158748,85.7100948339687,1.003481482786469,0.0
-2.6872264484957,85.48292847437287,1.0275158834671947,0.0
-2.0920419133732113,85.69132037177097,1.1251301629189958,0.0
-1.3123726777709548,85.45965945406654,0.860828664001409,0.0
-1.2000916309031564,84.51990373938266,1.135420528772889,0.0
-1.6205017157192816,84.42189403725834,1.1080750810923385,0.0
-2.550183303139673,84.08321447095753,0.8353977250092266,0.0
-2.437628934414187,82.76990743176663,1.164139715866472,0.0
-0.9800118182914457,80.74739167755594,1.0316507995730875,0.0
0.21091303190851818,80.7551889350179,1.1419144544854305,0.0
-0.9892231793664784,79.60207924682261,1.0280544401771485,0.0
-0.2955498713794883,80.03317233046965,0.9763923170421033,0.0
0.7735810905136908,80.99793847778189,1.1090619097315126,0.0
0.6978750936849691,80.71041119623631,1.0395124359474104,0.0
1.015454710895094,80.54164860167432,1.0568650628717358,0.0
-0.6014643495079084,83.23589009332206,0.9362085375348213,0.0
-0.9441936089440466,82.33105577713786,0.9219827331921818,0.0
-1.9855126678338844,82.7376982200912,0.9495037593384663,0.0
-1.1721290003579523,82.52474553181914,1.092959542262249,0.0
-0.8506527126512468,83.21139805956336,0.8569565863531073,0.0
-0.6462339007170695,84.26230304884163,1.0058706935519952,0.0
-0.6581511178625901,84.12171577888282,1.0276748265735947,0.0
-1.7976534637138937,84.26853864098577,1.0088930023849276,0.0
-2.7043765190128957,83.3306329090324,0.8537586494301683,0.0
-3.0478233453238754,84.97576951488405,0.920129401944993,0.0
-4.042009576245768,85.61403548974864,1.052675725331875,0.0
-2.3347637754477955,86.72573324778418,0.8710817548009906,0.0
-3.9604195660991532,87.93645074583252,1.2419440120920853,0.0
-3.4690096011808955,89.40172237656904,1.1216040453484803,0.0
-3.2832543141881922,89.68627679449934,1.0344163881877102,0.0
-3.0846826600772985,88.12552772814401,1.1639932338011294,0.0
-3.0940386989096034,88.30686566924093,1.1639780501428636,0.0
-1.2536915475950328,88.7508842833179,0.8998171167627207,0.0
-0.7844337240301889,87.43411445840601,1.0747725697190247,0.0
-4.049368575983764,86.19869831318684,1.1640109451491252,0.0
-4.173983901126224,86.37097486391997,1.0880276905535629,0.0
-2.956483314760371,88.59795112367813,1.0367406355239375,0.0
-2.615409239490676,87.3226950867523,0.8651687423452137,0.0
-2.3778781624865846,88.25573799104156,1.1158901990128713,0.0
-4.780866782743286,87.46634419256556,0.8167117645262724,0.0
-5.196267824815027,87.34848759441297,0.9448818201272806,0.0
-5.116939494519086,86.74592677470842,0.9947112184784092,0.0
-4.696838472263244,85.3830557583015,0.8720963647744551,0.0
-3.69270083834034,84.19101899931613,1.0573908981436158,0.0
-2.75474598492465,84.43848792730874,0.9267959532991541,0.0
-3.583700234542308,84.29008711447548,0.922951784599916,0.0
-2.660077033759886,84.9026020290168,0.9874252496173643,0.0
-1.0819812162667066,84.00950266929236,0.9579728919171909,0.0
-1.961648466796801,85.22281633193917,0.9062278800289878,0.0
-2.6434063206076956,86.32546423043594,1.0477791904540443,0.0
-3.037759723684214,86.39603688729392,1.1534037539092732,0.0
-4.288113541544921,85.93859419085659,1.1033526421738107,0.0
-5.071414222128037,85.49921983719786,0.9822717962465927,0.0
-4.7891629852699085,85.23259632306828,0.9769495687361778,0.0
-4.0755299307289565,85.16099603831924,1.0834090780505206,0.0
-6.24805455444945,87.1053471531987,1.0908300827244772,0.0
-4.405428915441544,87.89254054788844,0.9915338327902237,0.0
-4.58900829496843,88.7101306632049,1.1605611474455098,0.0
-5.354951861160868,88.81504305578557,1.009056985985592,0.0
-4.062653887598715,88.027587745601,1.1159294386143948,0.0
-5.545557823738079,86.82963400407759,0.9655370471030147,0.0
-6.374045140275326,87.57477709884851,0.9188115751411814,0.0
-7.202972253485383,87.74423859183659,1.1473313744303302,0.0
-7.281742010187627,86.37891237734429,1.2220415297289968,0.0
-7.575540419679105,87.53818988432543,1.1997911154733276,0.0
-6.84271735887088,88.12813798345456,0.906134870068481,0.0
-6.514299050299971,89.71278805684935,0.9854232929032875,0.0
-5.2056652125726774,88.37816882056076,0.9926597994803403,0.0
-4.974045229079878,85.73720959550393,0.9904927107554929,0.0
-5.045015900899339,84.06259893050456,1.0151595098463662,0.0
-4.544602636861009,82.8262081340535,0.8635211571682396,0.0
-5.119662085107515,81.67752476855381,1.0661563294431329,0.0
-5.841286845294864,81.7528074588388,0.9217883777403965,0.0
-4.627455797232752,82.14256474422015,0.9212517412275201,0.0
-6.592724471353426,84.60911606267094,0.9652076362442469,0.0
-7.692445488226488,86.0712494131829,1.134324446579673,0.0
-5.0179293536366885,85.81396528124581,0.9065811183224093,0.0
-5.295883339575446,86.59694631244962,0.9645963199115364,0.0
-5.4990343780476705,87.95083419944125,0.9466727527004261,0.0
-6.297852259886695,88.22327536555254,0.8129934085420927,0.0
-6.397781281581516,90.25191023672237,0.8452787179107041,0.0
-5.850552822518314,91.24797117158515,1.1270744865429074,0.0
-5.6793276061321425,91.3987398096974,0.9884431389778504,0.0
-5.170174615592974,90.02030578063031,1.0091395903718148,0.0
-5.635054611014744,90.88068506566259,0.9960089349589633,0.0
-7.086902204318444,92.2077831054646,1.198736302809314,0.0
-7.503302191771281,90.63088297661896,1.047650110940144,0.0
-5.681966258042855,91.07513940523023,0.97019102370009,0.0
-6.891849439296482,91.0762894518707,1.0253332261258867,0.0
-6.157986405495938,90.3688613928186,0.9762174904000087,0.0
-6.136352412927275,89.36629021317145,1.0783648520240925,0.0
-8.353633032294344,88.43388030677549,0.900599971905846,0.0
-7.07902859497534,89.3185800606284,1.0476851019039568,0.0
-7.309468656401793,88.29383381902169,0.935180323892546,0.0
-6.483919081529645,89.53295408993239,1.0740116985013866,0.0
-6.889422524980916,90.70310653192158,1.0382265405723443,0.0
-7.873889347195607,92.84655614079838,0.8214094945168144,0.0
-8.041123773311028,92.16828830181221,1.0059719430866076,0.0
-8.638181285012207,92.23507895306852,1.0908666187548228,0.0
-9.237009680810466,90.81442596808,1.00934468845023,0.0
-9.811722600256871,91.07359361690908,1.073837564702154,0.0
-10.191819002505278,89.64308532870862,1.0307407791515801,0.0
-9.823482308247204,90.23836378216443,1.070658146417894,0.0
-10.842265618364847,90.501607149323,1.0638678885015842,0.0
-10.66899546222601,91.66986310258184,0.9475224038252628,0.0
-10.377414670195224,91.80385483980507,1.088038853329342,0.0
-9.941843661518826,92.39965505129972,0.9766511527611653,0.0
-10.147116034774387,93.6093119632839,1.0511171034585851,0.0
-8.63900302836807,94.42182023217225,0.9078773072060815,0.0
-9.0847683271327,96.0562176433196,0.9787994814414593,0.0
-9.3445016158994,96.212731310392,0.973456375125408,0.0
-10.751433518864163,95.50643258894216,1.0469610349994039,0.0
-10.317958738134008,96.34685771772017,0.9318403837890418,0.0
-10.84297418431783,96.87991357067993,1.0326190925603138,0.0
-10.689346964211104,96.66956150970725,1.271564779101364,0.0
-11.353612863858014,94.49444633806198,0.7364847873095579,0.0
-10.438983347576182,95.47691802098396,1.0624864522600548,0.0
-11.082707488730865,95.49798014494559,0.9741112234320162,0.0
-11.588005118009216,95.93047919891171,0.9466950923478535,0.0
-11.94957599073339,94.9327623344371,1.0750091167921347,0.0
-13.576900318676918,93.22337327152265,0.9644996750163819,0.0
-13.715149707868312,93.3793211754195,0.8263113461153795,0.0
-15.851488834957138,93.59352461632501,0.9663345573894031,0.0
-16.124151780947507,93.03353276316155,1.0033595074358457,0.0
-17.61775152941729,94.35288970313646,1.0079870433539957,0.0
-18.79286866643415,93.34791152509652,1.020327437431001,0.0
-18.607897969234322,93.69542375308085,0.9923519884756318,0.0
-19.29487146777966,93.29587793037139,1.0798088687441334,0.0
-19.811058613387694,91.76175642998103,0.9046889928371663,0.0
-20.330135209360762,92.40071608670476,1.0359737553779604,0.0
-20.303095540409377,93.80052274888935,1.1629818478980858,0.0
-22.07879925755685,95.7591792569545,1.035602465898402,0.0
-21.803115623233243,96.34974331457148,0.8189479429535819,0.0
-22.42286377396645,95.76906530596034,0.873213706440748,0.0
-23.20075365046547,94.98958689127362,1.032744941860252,0.0
-22.89606675242473,94.2704139752056,1.129904484000258,0.0
-23.22747936102393,95.12336203229691,1.2820692689149449,0.0
-21.5262142843881,93.6329457127995,0.9298517792291348,0.0
-23.805500898967686,93.55772572171148,1.0560294643563708,0.0
-22.47644512207495,92.480414432785,1.0025963559188964,0.0
-22.704968850281574,93.47536818762677,0.9547330126219329,0.0
-22.208559590172566,92.70501093958238,0.9172415083754625,0.0
-21.97209387227643,93.48057842229477,0.9585155590196255,0.0
-21.49215272899222,93.70394957530581,0.9846933200605005,0.0
-21.519245516431944,91.64275842597692,1.102414666221892,0.0
-21.223842826145344,93.60690144038517,1.0783188333113753,0.0
-21.685776130008318,93.75159668576637,1.0244707700034665,0.0
-19.921447188567036,93.28296406823897,0.6954563344940514,0.0
-19.27632052375834,94.28747756073426,1.041290719055235,0.0
-19.857463550166678,95.92248466470717,0.9426879594691683,0.0
-20.516522435004756,96.14183760587443,1.020736358361186,0.0
-20.299341986123785,96.8179420170437,0.9358522945365426,0.0
-19.155160068169625,97.75983687102364,1.0041456705541079,0.0
-19.41304441895638,96.10792417538379,1.0181618837749116,0.0
-20.193849635807105,96.56777530665308,1.1193656795117428,0.0
-20.669892183482183,97.43832549312415,0.9223594149067806,0.0
-19.627274644511022,97.56420469082167,1.1177807175058077,0.0
-18.387843718238397,99.71425802169719,0.8833752103456127,0.0
-18.064676401129997,98.99355968155083,0.8766849032848523,0.0
-17.58586033659673,98.94249476224249,1.0913853637346287,0.0
-18.498567818660987,100.23397474633572,0.9545141249538223,0.0
-19.64997468945132,101.67206939302557,1.1132467111850222,0.0
-20.354210394436866,100.22378870960014,1.0660303495268708,0.0
-20.90136192672103,100.17529926610841,1.042262246333918,0.0
-22.45397220735729,100.59614480229608,1.1985728267535118,0.0
-24.002252495843834,102.2214130941018,0.9359375192547367,0.0
-22.991670863698648,103.93683194555932,0.9222477184720901,0.0
-19.950319447568827,103.6618366746403,0.9421428702023709,0.0
-20.320504380680237,103.69485710792193,0.8518294271788415,0.0
-19.96712416997246,103.17826035206585,0.9924993348781082,0.0
-19.641663772780518,103.50900183500579,1.0440134694749061,0.0
-21.174875157680468,104.04096543424698,0.9958617359280212,0.0
-20.09321504105095,104.43986968607227,0.9587363945190058,0.0
-18.573254986496174,105.7954352735881,1.0087441865685733,0.0
-19.693257835158263,105.92899074346053,1.0155424782372395,0.0
-19.224289693202838,105.51495591508103,0.9934326366232294,0.0
-18.238217994812487,106.72441362336785,0.9610976860592735,0.0
-18.371878583476423,107.50031001429838,0.9724163408878415,0.0
-17.974064004990314,106.60053423558472,1.0130404764805123,0.0
-16.137293906835932,105.7750163795025,1.0274109528924904,0.0
-16.61961528966845,105.83207019622988,1.0043757038674643,0.0
-16.854810107049136,107.85045321446658,0.9826694764784827,0.0
-16.618222090016268,109.11657147392927,1.1496295264077594,0.0
-16.41802894639209,108.69378673105749,0.832024036870971,0.0
-14.708949290670986,107.22676942728732,1.0817445230290987,0.0
-14.840203505109605,106.10339545703954,0.9285583146462093,0.0
-14.21368094701612,106.72453949307877,1.0916894750463788,0.0
-12.696650250172306,106.6140888077763,0.7448098212833962,0.0
-11.78381317384994,107.36595284264719,0.9742299732476968,0.0
-11.749252277673701,105.5345706246199,0.9474326309485351,0.0
-11.620393187811672,104.66597016041318,1.0297524941516478,0.0
-10.768052154100276,105.09920474948503,0.9820448433411332,0.0
-9.329053154008001,104.33541598407447,1.1351015004247305,0.0
-10.189030246204585,105.76804989845328,1.1025543722932292,0.0
-10.570313942721123,104.8391523344564,1.1836060119956784,0.0
-9.615799750008478,105.39240906984921,0.87527242540206,0.0
-10.714291451178156,105.02452967532675,1.173278936909925,0.0
-10.120363492648552,106.02993872196693,0.9716338366049501,0.0
-10.014223253333471,106.68517225608977,0.8276628493272203,0.0
-10.806801692864164,107.3253044993721,1.0278057081601537,0.0
-10.024395029199102,107.35986248083093,0.9165932594584565,0.0
-11.625831751679057,105.97857748962682,1.0492354502511487,0.0
-10.458289111960205,104.82476787956438,1.1787813440025832,0.0
-10.213546130709892,102.88751166608637,0.9376204221256814,0.0
-10.509552801048875,103.57149348307216,1.0188063131314533,0.0
-10.860375285368727,104.45088796520089,1.085142527304025,0.0
-12.20292563474707,104.68570438507545,1.0180748226211433,0.0
-10.295403855983166,103.70705425145647,1.110143985881378,0.0
-11.727029222552726,102.80538803266244,1.0115954223539272,0.0
-12.90649397831487,102.75145769612858,0.9146033157901874,0.0
-15.4188870134366,102.21027366269819,0.9581639070594092,0.0
-14.700611053874074,102.58816742138428,0.9151656806008038,0.0
-13.798615218600327,102.12389923328233,1.0329062666562698,0.0
-13.531820109800321,100.75724495367005,0.8545294377206003,0.0
-12.75028737570817,101.24953373133182,1.1908980773898283,0.0
-13.203792628072003,101.56872949768658,1.0886350414875245,0.0
-13.694170732614158,103.38244483939083,1.2301625057354506,0.0
-15.150461298709436,105.14309239927653,1.1525100586272927,0.0
-15.64508074155854,106.29380485461029,0.967083155045048,0.0
-16.428241890643307,107.54450901829561,0.961645676374829,0.0
-16.811453941344077,106.34424964324714,0.8842150919024295,0.0
-17.620028728761127,107.15887089445773,1.1802676988691856,0.0
-17.413999536627742,105.52386531007463,1.071248669827249,0.0
-16.23189640002226,104.25803079455025,0.987292035862218,0.0
-17.282392474661403,105.65022644759745,1.1836449480222433,0.0
-15.965508212426418,108.03401832914271,1.1538833970137177,0.0
-13.913100236252479,108.05550103071872,1.0446026804848616,0.0
-13.037902940427694,106.47928113808337,1.0696322165749848,0.0
-12.214063687312763,106.85008753801733,0.9616796881589328,0.0
-14.254415770751248,105.98705668777819,0.9121805823637716,0.0
-13.451624118871754,107.01149540527938,0.9890662225363918,0.0
-12.492280252253032,106.89559842285394,1.0271931788840563,0.0
-11.281966898641572,105.2307912676242,0.9485391146780132,0.0
-12.57824597951593,105.33195842725878,0.8312832649112649,0.0
-12.00171833607879,105.6000459173746,0.8392814839369984,0.0
-11.339340081828487,106.6891727384697,0.7616537813159963,0.0
-9.540466926605813,107.25433150180567,0.9074642122037071,0.0
-9.852480510375202,106.16059808709313,1.1574049955900716,0.0
-11.498610968499326,106.8746732115535,0.9783076368509078,0.0
-10.848312077889346,105.88627175984409,0.9797048242803593,0.0
-10.907642534369886,105.9164641297542,1.0455076798460503,0.0
-11.461770768796208,107.0826346135501,1.0689215801279586,0.0
-12.157343892971104,107.75302614243773,1.0727350412963856,0.0
-12.157723822950725,106.23773834858318,0.9519496996240483,0.0
-11.280797679915763,108.86756757528309,0.9050086372294729,0.0
-9.791971012219914,108.10131086073888,1.1091804483924574,0.0
-9.478466878819173,109.71623258452611,0.9703474305288099,0.0
-8.262181236889509,108.8408809312059,1.0273009135474906,0.0
-9.156153579523423,109.57612239965712,1.027274545333384,0.0
-8.633632218156643,108.83195494677956,1.03566351816354,0.0
-8.921337445395945,108.1452693601065,1.1291477596751593,0.0
-8.194364102148821,110.93745591298295,1.0869540913439535,0.0
-9.739590481992403,109.41873796627905,0.963088086981949,0.0
-10.388565645585464,108.4320550071314,1.0252650588797352,0.0
-8.797595795901024,109.19482072094918,1.2074080395404438,0.0
-7.176658887816324,109.294321041677,0.7785295400617336,0.0
-8.687249306773952,110.23364286959621,0.9917820265722727,0.0
-7.066204370474034,110.08305979278026,1.1731253611367638,0.0
-6.888016176085342,109.78713855228101,1.0500243183476639,0.0
-6.655965648140815,108.95880220106119,0.9682080012684156,0.0
-5.784582622698406,108.05730059284008,0.9949275817207813,0.0
-4.191123855590108,106.49449410971583,1.101246359582661,0.0
-4.108240682240405,108.04077368863429,0.9319430688815208,0.0
-4.040994965003093,110.02451739203211,1.0580157165372386,0.0
-5.415423391504544,109.89097850045913,1.0414618214887281,0.0
-6.273780814935286,110.57063513264337,0.9072955531369409,0.0
-5.979454710269689,110.86815181878545,1.0269999665640073,0.0
-3.588414040203936,110.1867344575485,0.9241205799890148,0.0
-3.673944475942161,111.72841703037362,1.076357512962403,0.0
-4.880053327181939,112.93322251085849,1.023804171501455,0.0
-4.475846376708578,113.97104980691623,1.0673192756030248,0.0
-3.995571056847515,115.00683946812438,0.9960067455636707,0.0
-2.8584435186694863,116.21063341130521,0.9957799315750071,0.0
-2.013757402914632,114.47848677095739,1.0282197603875418,0.0
-2.4662086308401734,113.35933837139426,1.00307623490969,0.0
-0.29178240506957065,113.42369658795242,1.0144460899727012,0.0
-0.32258816413111635,114.19523633045493,1.0321094335133476,0.0
-0.9680165883165558,115.46022952853073,0.9601738226302555,0.0
0.4747564815326937,116.74522163633678,0.8881022477171138,0.0
-0.7595803662976051,116.45831886439969,1.1183239661824729,0.0
0.347574767907027,117.85466215556208,1.008104022037609,0.0
0.838499765052803,117.92770743029098,1.0306855570402746,0.0
1.4673583542507904,116.6808249068138,0.9196929445906242,0.0
2.177663346529748,116.80969595708451,0.8978668689629414,0.0
2.349478526479372,116.4775507144132,0.8947699461162211,0.0
2.1027753959656703,115.67489751851893,0.947615470007302,0.0
2.8260995126044106,116.39543044177026,1.0218622322714088,0.0
1.3677635497218796,117.74342685072618,1.1915067271822912,0.0
2.809425629502346,117.67039745935367,1.1174355280814312,0.0
2.814254448597024,117.0364294583955,1.0594935209293916,0.0
3.8132012227196674,117.05342052657011,1.1010978411201726,0.0
3.371365441847215,118.54770692705682,1.0626465058871732,0.0
4.113794688843676,118.75706582566306,0.8134527173237722,0.0
3.3942060189747205,117.37651325622035,0.8930129185798547,0.0
3.1676227882910375,119.17122027511184,1.0609919014520477,0.0
3.0552904913916086,119.04468162013856,1.0798088541860027,0.0
4.529194536321809,118.94541604332116,1.1484742896465794,0.0
5.389932171034242,119.9323752614056,0.8984331024989076,0.0
4.939403665287714,121.49504355631306,0.9635620304707103,0.0
5.27348540559323,120.88814282316939,1.0814937709375574,0.0
4.7035764749367885,120.83284467501912,0.9480457161730154,0.0
3.95489998027115,119.7434738675069,0.9017332087562624,0.0
1.9619558653020261,118.55666025970105,1.0326727087056797,0.0
1.5542875811297363,119.67343458007217,0.9887391779478016,0.0
1.7497627645978238,120.44960156136233,1.1046599649694184,0.0
0.27418806574188714,119.87246690780803,0.9238802844205024,0.0
0.781553978213748,119.70641724203763,0.8896801611778865,0.0
1.1436427586271336,120.59002944903372,1.0312346586092758,0.0
-1.4681407600337444,119.75311968578875,1.0184393310792383,0.0
0.6765759989048261,118.50517860115457,1.1823568453351665,0.0
-0.6844696613125278,118.30988838840673,0.9314860583472078,0.0
-0.377595180477355,117.98684716516097,0.909767136983036,0.0
-1.8676531358264008,118.68358189700851,1.0857570963362488,0.0
-1.7667779068500722,118.13654701147111,1.0804494824463395,0.0
-1.5773519574702433,117.75981137667965,0.8313826074697269,0.0
-0.795143257393627,117.8770915143772,1.2060050825489341,0.0
-1.1460101317857416,116.47841684668553,1.1351336800595915,0.0
-2.1893841033561756,116.92830987260038,1.1029111420045967,0.0
-0.6239724540579004,118.49770168127102,0.8970862456736585,0.0
-0.6231499316101493,117.04599099746,1.0709707724247752,0.0
0.5890088127558817,117.59101420712996,0.955122547666947,0.0
-0.14362702882562123,117.17003246681519,0.9801419880850695,0.0
-0.3944929881492735,117.24075618107919,1.1236130536975568,0.0
0.4236380174046509,116.49694813274608,0.9636683670969678,0.0
-0.3662078567896657,116.71678956480334,1.0146135447769,0.0
-0.9741258966544553,115.72674479432256,0.9677461269961306,0.0
-1.8728995225335199,116.78219236785291,1.1544010000254954,0.0
-2.6700602998454293,116.03218927366986,0.8719282415855352,0.0
-2.522408663823184,115.32298426968411,0.9692825695253721,0.0
-3.2850950167727184,115.8744120565935,1.0568114180587882,0.0
-2.537280343073217,116.5773085106539,0.9728093441671177,0.0
-2.6462588567489522,118.792631266834,1.0481773021326264,0.0
-1.3019079888607652,118.89302424112572,1.1219661811981319,0.0
-1.5772239134622077,117.6375049542993,0.9925530899289307,0.0
-2.746278344026024,116.5409713513905,0.7887902067695989,0.0
-3.777344463703315,117.57795896644288,0.9382167096265303,0.0
-2.3687614761052833,116.47323835305988,0.9799469421562537,0.0
-2.790700603150784,115.69110937876219,1.1140735012204535,0.0
-1.9404486487714208,116.32393780829189,0.8680524059841959,0.0
0.29603377466284286,114.82190093037562,1.063087160411309,0.0
0.9555104727175958,115.04244535075775,1.1748136351007346,0.0
0.8509569388338629,114.33882523437012,0.9704577441551058,0.0
1.0745694456602433,114.08197176022473,0.9571576841037318,0.0
0.9079696263268623,111.30754284849867,1.0882303184351882,0.0
1.6313676910899808,109.90754837784102,1.03230024101126,0.0
-1.9502111393693977,110.43175202124887,1.075727493913033,0.0
-2.871695004732083,111.56299630999666,1.097695157483088,0.0
-1.3312469312090176,111.21273231579944,1.2303171067404566,0.0
-0.9975375539790676,112.17270642696268,0.9909372086296521,0.0
-0.29511371728886626,112.51569251223988,0.9254876433434013,0.0
-1.9651410463495407,113.93879353481572,0.9155861596765639,0.0
-2.967425952222817,113.3944384924212,1.2010796225557676,0.0
-1.4491238266516842,113.67749000492873,0.9256649859293532,0.0
-1.1387657797802913,113.11616854352444,1.095429916772254,0.0
-1.8406674086471708,113.4794004247575,1.0557699755236343,0.0
-1.451341131639659,115.13336292293546,1.089577836094929,0.0
-0.9024622381860093,113.63690431675444,1.0362678921419572,0.0
-2.1091264686745443,111.63950441962314,1.0268701594451863,0.0
-2.112304034330229,111.56042721167077,0.9893475350994437,0.0
-3.154201180365085,111.36600342137652,1.004236559636448,0.0
-3.8066700252632977,110.98950184342,1.15569005850551,0.0
-3.9244456106670547,110.49581939352862,0.9114145753875962,0.0
-4.986676461580631,110.3030862113319,0.7991181928535595,0.0
-5.24311128419913,109.99956090455441,1.025014732332385,0.0
-4.505257800884021,108.03292130488933,0.9667054050406774,0.0
-4.48105289039175,108.26650150695268,1.0692312733262521,0.0
-4.1400804511844544,108.6468352948807,1.1009188449332037,0.0
-4.288374436019945,109.20820090030733,1.0100038791413817,0.0
-4.346397310642978,109.11893990208041,1.0487891793051145,0.0
-5.026709175993951,108.73752807504395,0.968399746032454,0.0
-5.625962984328701,109.99081459149302,0.9652544383441778,0.0
-4.543644605709483,108.3240730258129,0.9988610861742345,0.0
-4.160491754143207,106.63133370397978,1.093303875107084,0.0
-4.178265168177344,107.5317053749955,1.178500907678056,0.0
-4.599410610290398,108.21364060227255,0.9357991889172874,0.0
-5.992480494333271,108.91593049990726,1.118199051354493,0.0
-5.7398358605467035,108.70344139307754,1.1374274646417886,0.0
-4.489178113601838,108.13109008541258,1.018018068819812,0.0
-5.247294166400967,107.93850316807746,0.9910774601996083,0.0
-6.686762805491427,108.71053802430521,1.0253111744067605,0.0
-7.838261135006965,110.58361509040125,0.9642176196427321,0.0
-7.392272408976148,109.01392782751513,0.8838856321929777,0.0
-7.833404715307226,109.35963295794608,1.0911165329443857,0.0
-8.081743145371453,109.26593533466924,0.8387453142796268,0.0
-8.520127418905997,110.207035660617,1.141271775464986,0.0
-8.734581224075658,109.34346600146263,1.1021846734462821,0.0
-8.259827773181955,109.22715979413823,0.9919097926028021,0.0
-8.881960338067833,106.47036719224837,1.0148365203234053,0.0
-8.699511256207028,105.90282357282553,1.2603263360447243,0.0
-5.8106970264520985,105.60522654935197,0.9887438777919915,0.0
-7.198346785192002,103.85365217275756,0.9093381005509836,0.0
-7.535164513842637,103.47767046076252,1.1255462869526385,0.0
-7.1610104671148775,105.67103233290219,0.9185992273502149,0.0
-6.724350312011581,106.12440452655008,1.0083106063167189,0.0
-5.475352052108455,106.19644740393315,0.8228100568427685,0.0
-4.2948203528991895,106.18505600264947,0.8190046435327271,0.0
-3.655275798516914,106.2336812588908,1.0047444111167596,0.0
-4.7018106423466275,107.02167337946067,0.9515268727642693,0.0
-2.9042570273147237,107.02335655672329,1.0272938809221397,0.0
-2.784022462562759,105.66189707628907,0.9772754447060675,0.0
-0.7789298650165535,104.83550176521204,0.957336590424683,0.0
-1.9252495073735574,105.23530794372263,1.048700085694674,0.0
-4.115605315889153,104.96010370054165,1.0179294870444013,0.0
-4.466146018734869,103.1109933633616,0.9177733952889837,0.0
-3.507768107075515,104.84550773353853,1.1047916186636333,0.0
-3.893628999623043,104.5402150178932,1.0296375571241616,0.0
-4.649756376110826,104.51924889201412,1.019847426363644,0.0
-4.293858853919529,105.2045125645195,1.0746362846742123,0.0
-3.351061170784674,105.15031941776468,1.0927605601558765,0.0
-1.4640601235374024,105.55681024098357,1.0254301264893786,0.0
-2.3004829592278284,106.74156839928511,0.9776908598584236,0.0
-2.845927179196778,108.76990595199722,0.9780192216626776,0.0
-2.9396593755858977,108.22352519981413,1.0120914273401151,0.0
-3.0841779776068923,105.84795095967237,1.0104332799231202,0.0
-3.827326756068734,103.19840655127732,0.9780062250799211,0.0
-4.192721199340372,102.6649735662478,0.8912891250995955,0.0
-4.249850101871299,103.53864409547205,0.9509782972853174,0.0
-3.679787504667648,104.20950976164552,1.1741232951835752,0.0
-3.3562727408333823,103.3169762243277,1.0770492137117624,0.0
-3.35022346427094,101.80474429507903,0.9649026947988953,0.0
-6.143247991941188,102.46290919442178,1.075583186627371,0.0
-3.8413624727014186,101.9190381595112,0.9996388594072871,0.0
-3.0101590068311785,103.86045745905454,0.9583127014420506,0.0
-2.8872000083691294,104.49605094380033,0.936453826241082,0.0
-2.566168548613594,104.63634839963318,0.9363041484390351,0.0
-4.2595120357063445,106.04940588559705,0.9104010921650338,0.0
-3.6355281664526924,104.77241009415232,1.0200410981560168,0.0
-3.2384337984249725,104.43863223188079,1.1102483528338367,0.0
-3.8472697719108804,103.03634116486886,0.9904778842010685,0.0
-2.588404516071453,104.39815920296947,0.9477711988157483,0.0
-2.4547604716122207,105.33442429136801,0.9741594119522631,0.0
-2.2300581054017288,105.95249399559992,0.9415942521272019,0.0
-1.3504386365441219,107.83685792512367,1.0773901972193127,0.0
-1.304612307449687,108.0440101950157,1.031749523787678,0.0
-2.210160859802792,108.16163973475662,1.0955867970173352,0.0
-3.127090417151922,107.28985759566088,0.9639143250997214,0.0
-2.198651554810325,107.75708912369423,1.1164422325822942,0.0
-2.838668745358165,108.79817753290659,0.8371946433999823,0.0
-4.335250662793866,110.18735721583927,0.9157354966890259,0.0
-3.395983379956603,107.88959375120386,1.1724160106434223,0.0
-4.7359482729992814,108.0635984843894,0.8946170907590631,0.0
-4.513376133367769,107.17448385536015,0.9903871954671701,0.0
-3.963144918313908,107.81414977898588,0.9382850107888951,0.0
-4.040689775204633,108.83391913928673,0.9708939467273154,0.0
-4.465608825846408,108.18238427298463,0.9169035924437068,0.0
-3.4783926228746065,109.59206077467441,1.0874530601282177,0.0
-3.781609923786068,109.85284422171365,0.9295043029314901,0.0
-3.2648692682016884,108.56329802820586,0.9859879811752893,0.0
-3.103694037775195,108.5145829440307,1.0407004558427166,0.0
-3.4560330992057415,108.73043797895176,1.0684652013397908,0.0
-2.4093154750570602,107.631587663284,1.167090035757275,0.0
-3.9864429480570354,110.96141668282637,0.8708350055576324,0.0
-2.0378068742329694,111.115736076044,1.037298611880578,0.0
-3.4024040042351356,111.394591024575,0.9223380250007728,0.0
-2.5832435982335387,112.8119481235178,0.9867473032027705,0.0
-3.375832285051284,112.50973538565152,0.8839078341739915,0.0
-4.259111953339371,113.68382836490558,1.018498071279044,0.0
-3.671046785620561,114.13038183635345,1.1789330247700578,0.0
-2.9443743443791557,115.21148437568044,1.1089523237685692,0.0
-4.1754142718492195,115.63574249031076,0.865950355859524,0.0
-3.2920626512328734,115.30178571852075,0.8235392574479196,0.0
-2.950694283535947,113.34539667103546,0.9436309461165528,0.0
-3.0767944192612333,113.46014373706218,0.8738368970747744,0.0
-1.8695678301776781,113.98296202873887,0.9208953918235976,0.0
-1.8515313031006648,114.7329354171404,1.0205667887767798,0.0
-3.000386085237153,113.06165302177232,0.9779761935197383,0.0
-4.980353912674293,112.74709659630453,0.8230293541690579,0.0
-5.33402063758048,112.68217904379364,0.7648917718862447,0.0
-5.37748534558998,111.55110646578954,0.9894063915031782,0.0
-4.8667923593933935,111.7324995484431,0.9239817539412541,0.0
-4.214698378039742,111.99149145132037,1.0062779170425449,0.0
-2.906471747061105,111.23934627793167,1.1316531477186431,0.0
-3.108739496376045,109.68895682355105,0.9456633267458847,0.0
-1.4492048069683299,110.54615953564469,0.9789465437613319,0.0
0.06910038679091146,110.84942586345315,1.0941593236193163,0.0
-2.1001908303901358,109.72118881780099,1.103293054108258,0.0
-0.6626986374458556,110.46681814305518,1.1403411765952225,0.0
-1.0908694650558672,110.55675096622814,1.0770460539385864,0.0
-0.7297300620840064,108.8640580504489,0.9289568398822738,0.0
-0.841099851023539,110.48366778247521,1.015768364812781,0.0
-1.7110195152330543,111.17945115973014,0.8484787970569898,0.0
-1.4832604236975682,110.36222246427768,1.070941688625721,0.0
-3.4600322672458663,110.44889888502973,0.8620683292367002,0.0
-4.4423174934154455,108.66980588420701,1.0382564244510906,0.0
-4.522223870903769,108.9357699902384,0.9504717450608174,0.0
-3.4446877405197145,107.18947196710998,1.0948618506850882,0.0
-1.1058589959203882,105.94115258369516,0.9371618069134642,0.0
0.4239584268095333,105.18376153995445,1.034312670685636,0.0
-0.6289115141130683,105.10027379905628,1.094463315582994,0.0
1.2247453702408055,105.92300552605082,0.9947631385301812,0.0
-0.44636383702453,105.98208982510538,0.8590909788305865,0.0
-0.9520509352378723,106.37874825919788,0.9977982601633333,0.0
-0.36125434501941767,105.77348473642273,0.9236516621228595,0.0
-0.6209467671069602,104.22152079749777,0.9867394367782476,0.0
-0.7932502625838143,105.11773803969345,0.936166435482469,0.0
-3.2714688391659292,105.67742412985585,0.922590583368537,0.0
-0.783435024461691,105.71354790148268,0.849699483740714,0.0
0.4163799611885679,105.81764505092775,1.0624801307573972,0.0
2.0654980213828296,105.4723546428667,0.8790882344001834,0.0
2.345838273798671,105.68122132523858,0.8993798707053422,0.0
1.9223315988900658,104.6001777835916,0.9714772963931435,0.0
2.2640504326855972,104.65989755852746,0.9900696105377264,0.0
1.9379526953066692,104.96853184835587,1.0949296216194364,0.0
2.140876730438873,102.19629489845563,1.0105100357010333,0.0
3.5938257599372174,100.23749002543838,0.8457024592062357,0.0
5.008275500459387,98.97689161429469,0.816034522049931,0.0
5.75698551961554,97.80760244557392,0.977714221736103,0.0
5.868149470249313,96.84473503332057,0.9946341420318755,0.0
5.371971430014536,95.48607908402678,0.9549008556363962,0.0
5.3781122128778245,96.33925071274093,0.8876016795525549,0.0
6.496218354900301,97.06543093033606,0.982230620122483,0.0
6.5648142877254765,97.11584457235618,1.0839504389458152,0.0
6.110359060619653,96.21472419402838,1.0492025268752796,0.0
6.331229562952429,95.57262973904993,1.0535404932690982,0.0
7.148391223886688,95.26844558101178,1.0264193603179146,0.0
8.762629824426764,95.51679288534811,1.0037828660081514,0.0
6.873286384122898,95.4247421098531,0.9705437227768479,0.0
7.012189911206508,95.94506721447804,0.9144163789161874,0.0
6.399208513734011,96.83160571322802,0.8714546943962153,0.0
7.014950337465238,94.7640001640421,1.0123098438102844,0.0
6.292919895772055,95.80701606882351,0.9493895086763124,0.0
6.274699748568354,94.10517048187573,1.1866827026972704,0.0
7.647486794405335,92.94436957523581,1.0254127587211495,0.0
7.064666878074117,93.57299019291385,1.1010336959547895,0.0
7.341288528319065,94.0454195782799,0.916353483990473,0.0
7.258771720612925,94.20358707217851,0.9178073025900487,0.0
6.056924086895276,93.63855431856442,0.9132455222929377,0.0
7.514520262731973,94.31515801114222,1.0509720538096687,0.0
6.389145473680299,93.26161476296987,0.8843839178781538,0.0
5.751593686982906,91.86850562013123,0.9903555519265659,0.0
5.0356866471797685,93.15941220037597,1.0458052495943488,0.0
3.380689168052835,92.63047424614152,1.0162996858927114,0.0
1.0837164606658762,91.36445894543965,1.0386347181376199,0.0
-0.020911401290341303,90.3295641014178,0.9863260274411363,0.0
1.6192136278501068,89.61871393979355,0.9074778590854037,0.0
2.5841602603150533,91.03088718174463,1.0455576210800974,0.0
2.3732535585588224,90.6521844722153,1.121574751900493,0.0
2.632348665676285,90.86636849453167,1.1792097845133938,0.0
3.1579741576711338,91.18799401953933,1.0317923074966453,0.0
2.285429229992708,92.78360256847144,0.9168191985434166,0.0
1.825253792546921,93.93465977513956,0.9558156704103268,0.0
1.7026307281111053,93.78055392857041,0.9570016684254755,0.0
1.8445430446231523,94.47706975026873,1.2138492826921945,0.0
1.9697425331350384,94.04608811735383,0.9859131222182058,0.0
3.305058298085355,95.18814840144896,0.9679397937908815,0.0
4.8224435780896675,94.83214950821306,1.1236590504240735,0.0
5.775697252390069,94.86746012021189,1.035330386758935,0.0
6.075533043536335,95.27106177855227,1.0102019818988126,0.0
5.104255044107192,95.79621690080756,0.9504586523153287,0.0
5.231325398265878,94.47700858413432,0.9988600437594994,0.0
6.349805730096998,94.98539396880997,1.0681777091195834,0.0
5.470974032855556,94.51575872584282,1.0255743152355268,0.0
7.188012287415391,95.10306403412397,0.9064062756297554,0.0
7.3679968229073864,95.90107341876906,0.9627197710834839,0.0
6.1760396946045555,93.9134730886011,1.1538485028823697,0.0
7.703433689152563,93.64433368654619,0.8373626523653654,0.0
7.560953952347291,92.98865267092587,0.9933345613566125,0.0
9.636095011817185,93.06652152704788,1.0312259227855376,0.0
9.13233286415691,94.76442808092202,0.9566839692353653,0.0
6.848407960635635,94.69739819247815,1.0322515193285773,0.0
6.12083730602289,94.28477015290954,0.9412065827772925,0.0
6.063715050353774,94.37136370538008,0.96327278324933,0.0
5.818968127639516,95.21576326886377,0.8200027163959207,0.0
4.119855025294099,94.85507099320692,0.9568979445840928,0.0
4.843737913886362,95.15350619880331,1.0964855938062785,0.0
4.252618499467074,95.12528656575837,0.876940958236651,0.0
3.1419151166349044,95.82827052877535,1.0437929274813862,0.0
1.4173394715238772,96.42984451479259,0.9657060648169682,0.0
0.3814436910598047,96.53268893882782,0.9294225210065563,0.0
1.3282338672739578,97.06699303700256,1.0849438456396037,0.0
2.8245421872998633,96.57690145682506,1.0872128925482616,0.0
4.236470978927701,97.10390484490775,1.037372763360019,0.0
4.576568267339063,95.27573121980937,0.9661331579562427,0.0
4.850330411459894,96.38825023293613,1.0466249904855482,0.0
6.754225041747431,94.55534248443118,0.9508328848657546,0.0
6.784424224245104,95.23529546349351,0.9194189880807194,0.0
6.4541229899976855,96.5143489581944,1.078936895086151,0.0
8.284068928867272,97.09149952564658,1.0269595988538092,0.0
7.630374172081668,99.39746657388292,0.8803740284753537,0.0
7.258914063801291,99.06843620531612,0.8986477077482984,0.0
6.085855826288819,97.49549215989191,1.082642530653863,0.0
6.4737146169651165,96.59610308849172,1.0841847861526037,0.0
6.215793641993267,95.07585889640589,1.0276758160004922,0.0
7.582082673123157,95.19042898561926,1.019500369999395,0.0
7.194158209310643,97.40524554109786,1.0006757861817883,0.0
5.805939259962207,98.78358599891352,0.9781376175831091,0.0
5.111893633166496,99.38317731297693,1.0731055300772516,0.0
6.346804988689464,99.91300074790254,0.8598040208553722,0.0
7.32874030903638,100.8818463996975,0.8354684644385247,0.0
7.507374973177033,101.03293631035805,1.1110851884935395,0.0
6.0041082890650435,101.61198575538069,0.8870299715139973,0.0
5.88908044630115,101.11032590871723,1.0971247223490497,0.0
5.860767229202102,101.95398902050128,0.919149172528557,0.0
5.643533999190638,103.20051185600569,1.0584095938980953,0.0
6.176638449202807,100.895282783898,0.9276643969465008,0.0
5.128776157651959,103.30851052051776,0.9559464429336629,0.0
6.885688566218332,104.00411840220434,0.9534601019922843,0.0
6.448598574488738,104.65117960453095,0.9403246705088815,0.0
6.603642420065223,104.51770312583601,1.085814071788395,0.0
6.535412016538858,104.94547326030253,0.942537808329451,0.0
7.789360340519118,105.86428878244662,0.843252660282541,0.0
6.674179602366112,105.57735867788362,1.0397558264042388,0.0
7.201607023615716,105.15949571836313,0.9072765940653319,0.0
7.0576227861502865,105.33021562160879,1.134769335159745,0.0
8.419729654934875,104.77043439380284,1.1056734685389176,0.0
8.368846474648567,104.13802808226119,1.0638388894955806,0.0
9.222949742478253,103.41261824298725,0.9194053893862468,0.0
8.829626240555227,105.12191552659407,0.9346859388426461,0.0
8.82040703115316,104.23065217001543,1.0375643498249643,0.0
8.875602835439786,105.1363010124873,1.031223240096059,0.0
7.440859571259495,103.26351951047103,0.833897068808626,0.0
7.483505524989964,104.11210661870648,1.0830704288344266,0.0
6.263496058719809,103.1476770850522,1.0305742683193035,0.0
5.963019151777718,101.20733875426527,0.9847865896981588,0.0
5.348971202930185,100.41902685018336,0.8899641918924628,0.0
6.064484341863139,100.87609201857914,1.1429564091077649,0.0
4.9859197404971045,100.41445016456933,1.0421086185948982,0.0
6.462208250482976,99.84278092382198,0.8643175382376507,0.0
7.131527667656589,99.11962739034581,0.9038820754279695,0.0
6.34569831501786,98.84150956368035,0.9499124039220408,0.0
5.865438995663805,99.24244502150513,0.9851140775192793,0.0
5.170658638979304,99.53419228736793,1.0246699016842955,0.0
5.036411805592956,99.26183749278499,0.8052889740050696,0.0
4.6019023165366715,98.32943924843835,1.0200022262777155,0.0
2.952465237059587,98.55264979012607,1.081263690184185,0.0
3.6230682972601507,98.25906108815568,1.0851011901674925,0.0
4.64476624249869,98.71609497265761,0.974724883699672,0.0
4.41237058421757,98.5594357793139,1.090668316247473,0.0
3.0653635608709173,96.71117994966122,0.981938967082795,0.0
3.4519635887147864,99.28830216893702,0.9454418954895689,0.0
3.971671590141244,97.96898006616227,0.8663880588015094,0.0
3.6187794278231733,99.17219444786976,1.0193211615314637,0.0
3.9664408773014626,99.32579524790435,0.8661764275062809,0.0
2.962510083667707,100.24721140476873,1.1185710526132258,0.0
3.693918277775124,99.9140794742159,1.036204129899044,0.0
4.339989130154486,98.69097655530959,0.8900302025258893,0.0
3.7152876199807796,99.6513412102518,1.169280318981661,0.0
4.761390054337467,98.8738935339355,0.8786280023319207,0.0
6.524138504568247,100.0762848407259,0.8598180970509655,0.0
5.447106607781243,100.38399046568713,0.9263982129678173,0.0
5.906635518445777,101.58827560999912,0.8837818296958961,0.0
5.263983516860978,102.64666779288319,0.8474061446164667,0.0
6.163807309780345,103.91717602409805,1.0127205635083412,0.0
6.286115340950291,104.38467504876076,1.0437069175002376,0.0
4.053145401524201,102.87241091771735,0.9195632601967445,0.0
4.070784597091742,103.51252140341242,0.9878245010708442,0.0
6.287079225693907,102.7334612146025,1.0586510556825752,0.0
5.217928058100129,103.67508234484674,0.8160207469841423,0.0
7.144629272519595,103.95662709297191,1.0702746636750164,0.0
6.858413912562971,104.00209845417083,0.9891984629543362,0.0
6.383242780369963,103.85363429120345,0.9569916091150757,0.0
7.583173729735194,101.25289327037788,1.185726721773065,0.0
7.924662419792811,99.91679340777526,1.1413074816589295,0.0
9.121367953457284,100.06317450192543,1.1126298827202488,0.0
10.116773786077388,98.50764255480465,0.9059438210250018,0.0
11.44128562966097,100.43868990681763,0.968613449879075,0.0
9.691360039146758,99.81144590110566,1.0503913860084793,0.0
7.67634849072084,100.56840494263966,0.9890424830083887,0.0
7.75709666125689,101.52845851018408,1.0554531244195011,0.0
8.305136417428955,102.2073448133367,1.0818902157077108,0.0
9.6504476350966,100.38546005002976,0.8513533303209955,0.0
8.791724067316661,100.54211801300394,1.0996747373957327,0.0
6.461878118130733,99.99410861537636,1.1934619719267165,0.0
6.027630578727047,100.12852502050812,1.0771296388431237,0.0
6.301015105898087,98.27980170178648,1.0915847200134876,0.0
7.78790645931677,98.18961323960127,1.0262598228877833,0.0
7.489949238781373,98.93560925081904,1.151752275995401,0.0
5.729244782502975,99.32971958584915,1.076371159585102,0.0
5.651019491389208,98.17498599296349,0.9937626908568381,0.0
4.750727927878977,97.16470805048658,1.097059468185724,0.0
4.320357347870576,96.21683587654202,1.0192636403183035,0.0
2.573767043569285,95.82037253833691,0.822846342271058,0.0
4.062918987398001,95.89248683022358,0.9255735452910002,0.0
4.169217309905087,94.85666150303581,0.9900348205381073,0.0
2.985479327205253,96.63954608137766,1.0628919470245535,0.0
2.190286812380484,95.94016631884526,0.9547592086216184,0.0
1.8143115551747253,97.02243408524842,0.8590271108295311,0.0
0.9998432764508419,97.10177025195517,1.0978919715489956,0.0
4.081058507244867,96.09512842267152,1.001241823161775,0.0
4.215012439375535,95.49204789317626,0.9241241698477731,0.0
2.482712380857625,94.73112191121213,1.1560495235230333,0.0
2.6463939840744435,95.3292662551129,0.9971301687879851,0.0
2.784108093817675,94.17454237216364,1.0472695141937878,0.0
2.88173395714204,95.09155632925442,0.9805187456324419,0.0
4.363850054596413,94.4650423842236,1.109109687679355,0.0
3.943813624037597,93.17616425907555,0.937354041654411,0.0
3.8889169924696394,92.20260727746424,0.8974210610714983,0.0
3.816055823309219,91.9201734881786,0.9910203777422872,0.0
3.908613668694805,91.2734482202685,0.9700570464730004,0.0
4.229412842250264,91.61599862571254,0.948601054919147,0.0
4.80452476280359,93.27682799013215,1.0161279872025168,0.0
3.8169211935250633,93.66499064973917,1.0388760768675132,0.0
4.704454442119343,92.27295130487579,0.8398950626442807,0.0
5.783053533212684,93.32763344267377,0.9338020003437827,0.0
5.166986781543001,94.34360689155508,1.0917652435178782,0.0
4.523992721676576,94.18226493863509,1.043771412589613,0.0
5.451999287588751,92.42773664526942,0.8490863876030372,0.0
4.8455185292724385,93.50901113667696,1.1913543972095129,0.0
4.413472865239702,93.54432230710877,1.0603308228295782,0.0
3.78856090113105,92.68044562633342,0.8984176398838639,0.0
2.954886702368295,90.34729193279746,1.0562193274661733,0.0
3.418693159459366,91.94569795172633,1.0725957008469937,0.0
1.686000614486436,92.10781049107834,0.9962400589347552,0.0
0.9232808314921722,93.15591545385236,1.003161187468349,0.0
0.2482197358889558,91.5993768207892,1.0569108325554577,0.0
0.7000800513812545,93.17114403664688,0.8420461802391429,0.0
2.065884332319338,92.09358811725198,1.205217006638713,0.0
3.1993291447271743,91.53838022040387,0.9463290643187116,0.0
2.748270810323494,91.89746577472434,0.9206406127352704,0.0
2.1800546488801484,92.69415577132989,0.95269508368791,0.0
2.3606059262356753,92.0369458474368,1.0632788775528685,0.0
1.666544470452089,90.68643965867504,1.175191381212532,0.0
1.378077691822306,88.82085292383226,1.222073528720297,0.0
1.8249652359125448,90.4842695738156,1.131207670944428,0.0
2.8938668501163076,90.61222206152303,1.054344484824653,0.0
1.0090504588729057,89.52635120792054,1.0593284753379428,0.0
1.5707959885652127,88.10444859421655,1.1518157891115361,0.0
0.13131458504282822,87.2465803616178,0.9016228061918108,0.0
0.4386188314681725,89.36327023301327,1.0370369629853027,0.0
-0.3249263039770951,89.75303386377654,1.1139824960818996,0.0
0.4850688783278357,90.24556458088382,0.9717686075018951,0.0
0.6808264173282553,90.98402030476059,1.042359295151262,0.0
-1.9147954925049104,89.98096953915747,0.9589439051952479,0.0
-2.6092930544625337,89.76140046265444,0.9457677899127137,0.0
-1.3396119232274561,91.67779995471749,0.9032537672497359,0.0
-1.349641037437928,92.28632007105526,0.9957306467740024,0.0
-1.7949027430845659,90.05388875629436,0.8983396613219634,0.0
-0.7190725926115566,89.07803313085876,0.8685530798597642,0.0
-1.6212828671374235,88.44711367297938,0.9430098303195783,0.0
-1.427212143958617,89.13145165947705,0.8806585936719084,0.0
-2.615790136093762,90.13694569930581,1.0433771751821912,0.0
-4.789240572096718,91.53041036356842,0.8619204882784578,0.0
-3.6656592006175686,90.11117768224773,0.9465749490829077,0.0
-5.417389204183894,91.0932555369391,0.9912645317060792,0.0
-7.649449992642911,88.92731096082653,0.9398887612154047,0.0
-6.303285890877087,89.82508314566027,1.1102193577144146,0.0
-6.381834755229746,87.08606256594774,0.9895985290817032,0.0
-5.103306334066852,87.442483013602,0.9082368202056499,0.0
-5.148142950066783,89.25026449089471,0.8847539207436765,0.0
-4.660898350668174,88.55069338866336,0.9757660702132244,0.0
-2.691652143772719,91.40046710737079,0.9753446271958198,0.0
-3.4613347240831547,91.67673205939178,0.8156546583926662,0.0
-3.3092808197691177,91.7604433115877,1.0281550778532729,0.0
-3.3034545075615975,92.50175275933228,0.9671514982374394,0.0
-3.243263340684925,91.60070397700153,1.1579506502802452,0.0
-3.8027986102672817,92.18678499563227,1.0727958776140787,0.0
-2.1394279283495394,93.54205897959982,0.8998159981692521,0.0
-1.58262948961454,93.11514021538162,0.9237120857126563,0.0
-2.069193394351752,93.33458757277127,1.0788316872142247,0.0
-2.9106321590477737,92.71419418236628,1.0981894100494813,0.0
-3.6805792857022706,92.29987458097833,0.9629067219158917,0.0
-4.118632223821473,94.60961667868042,1.037619580322437,0.0
-3.9675416850246754,94.85208348676285,1.217197371576062,0.0
-4.44313790521433,97.11951917280504,1.0156856725521703,0.0
-4.418693697470746,98.21217638585591,0.9781013998452808,0.0
-4.608785462449363,96.39072723651064,0.9561861400334607,0.0
-4.605118691853175,95.96878382363528,1.010817222206317,0.0
-4.492172929275354,96.29340563879455,1.04534238430933,0.0
-4.5344187661327116,95.34377706117327,0.9866408053530625,0.0
-4.9247439561812945,96.15170870756981,0.9165642607988351,0.0
-5.334745580818545,96.3157987688355,1.046823362128934,0.0
-4.999786450630257,96.71569944642432,1.036952350102342,0.0
-4.610280623289176,95.3372178948053,1.0652608747500343,0.0
-6.08407548879045,95.72639463385163,1.0578205714183857,0.0
-5.774412541954189,93.9251449715659,1.1230987096589087,0.0
-5.720028926455222,94.19645107929097,0.9073557376368575,0.0
-6.117540822021071,94.12101803316384,0.8263477288290129,0.0
-5.282947837974377,93.92335713070871,0.9496162576078184,0.0
-4.538634953465091,94.72445425657746,1.0603104283501947,0.0
-5.6347771066371735,95.15665914904497,1.1240347795231505,0.0
-4.332205907978644,93.72090692063733,0.7963665279005697,0.0
-4.178432519626184,94.7859344616199,0.79639037495528,0.0
-1.4168852645577552,94.74036185588183,0.7737929220429104,0.0
-0.8754274375122799,94.48857104245333,0.9918349516724841,0.0
-0.20444614906369385,96.1641590255323,0.9247758114146309,0.0
-1.1396581980027811,94.55136037134487,0.9155050847667884,0.0
0.04598968134749026,94.02310050712286,1.2536273384550878,0.0
-0.1287553856495693,93.68856083349614,0.9461593527671958,0.0
-1.9928428699647778,93.85282799215108,0.937726208667021,0.0
-0.2673715274414883,94.66437125804664,1.042117393935819,0.0
-1.3415760809207047,93.42164549476391,1.1233733375132386,0.0
-0.1070912338003113,95.34731915950198,0.9240303569183065,0.0
1.3750184982867295,95.92223246122859,0.9599781069680738,0.0
1.3190202986523651,96.09648086006773,1.018616183732029,0.0
0.1867172580319174,96.1597641146257,0.8266154795804657,0.0
1.8641036273268914,96.101694040168,1.024380130323686,0.0
3.287286744179318,97.08163323348906,0.9941899020951721,0.0
2.8823704108671304,96.63180418856551,0.8808707601715831,0.0
1.3142097703733282,95.17097985956049,0.900873526687247,0.0
-0.027453743560564736,96.29090676706925,0.9089275076923148,0.0
0.27077150397395977,95.50378026996836,1.0253967249146387,0.0
-0.19311331054226688,95.43840417861543,1.0171291636717932,0.0
-0.8193440383424564,93.84855410955876,1.1562037670647696,0.0
-0.03501091230675346,92.93574555082617,0.8858371054007214,0.0
-0.1712245332440877,92.66165037560495,1.1576398535002372,0.0
-0.3206677509213708,92.23387352038941,0.9631468066716092,0.0
-0.2860694066995513,91.3479401461054,1.1322974584855312,0.0
0.5907193442560605,91.89700443105967,1.0031812849570503,0.0
0.07611496608938628,91.12328318148668,1.0408973749230852,0.0
-0.708707355207567,90.7766960738239,1.0605183495393793,0.0
-0.8972882209881907,91.23271477221837,1.090639756312774,0.0
-0.870933512019649,89.7482114370214,1.1550875574883714,0.0
-0.5150467840206217,88.9189804874314,0.9839521071810761,0.0
-0.4770500547618447,90.24388327508396,1.0030235341476323,0.0
0.48244353786915756,92.2291402550493,1.1174273887829336,0.0
0.13702974700652934,91.15473354956107,0.9803061578688856,0.0
0.42222274909705293,89.38608541660655,0.8662440646428372,0.0
-0.12484848180012398,89.65484847287304,0.7661626368324849,0.0
-0.47176759923348516,88.82714702875815,0.9675778324973267,0.0
-1.3803620151405198,89.05041280497741,0.8709971124986222,0.0
-1.5373902363433127,87.35942796468518,0.9624566940354884,0.0
-3.0226509575713987,86.79893921425007,0.8930410027463636,0.0
-4.106791681827997,86.9089783389275,1.0836952317966102,0.0
-3.1639689350395104,85.62686557715382,1.0288145488267626,0.0
-3.727854075557299,87.01308467659527,0.7937284640801342,0.0
-3.022023988087892,86.60796292741091,0.8547329326276878,0.0
-2.678716457599003,85.9273341152697,1.03175316840254,0.0
-4.444638545103329,84.74312282080275,0.7564447661817926,0.0
-3.579016965459007,86.14238144975673,0.9895618907523914,0.0
-4.213971749808676,84.05835889030038,0.9764433766452836,0.0
-4.008633138792389,84.55785249569574,1.0213362520775886,0.0
-4.47358165543948,83.81004663397894,1.0261766785094923,0.0
-5.380556143245799,83.26354494268766,0.8636787464125542,0.0
-5.734668308176134,85.50969062403324,1.1417101125661124,0.0
-6.65397117706215,85.62354119164202,1.0273604610908957,0.0
-7.128079134192717,85.34269242598606,0.920092912831955,0.0
-6.66836105654534,86.04122567578668,1.0086595194276868,0.0
-4.552513442404902,85.76969895746667,0.9823064334427936,0.0
-4.3458016836808415,87.95749437158277,1.0290847544674209,0.0
-4.94465966940283,88.04935048459568,0.9364719544937231,0.0
-4.389870034986683,86.67750614013472,0.9614004073430034,0.0
-4.428400889274745,86.8847213512421,0.9803193408692822,0.0
-4.251803217622197,86.73164388320382,1.1765159046648581,0.0
-3.9328368582133963,84.89191380370114,1.0362497490305242,0.0
-3.618903820414104,84.8364780042247,0.9984579132352795,0.0
-2.0435840977503896,85.55002463831408,1.064734673459396,0.0
-0.6533955455943286,85.77227725467557,0.9293535380510772,0.0
-0.8402919902650138,86.24742458957833,0.9806599622047281,0.0
-0.3700809471999885,85.7148718474325,0.8869325360162302,0.0
-0.4867909687410049,86.84910675170883,1.0115332927721359,0.0
-1.2388291767850674,87.29184570100045,1.0037275056391062,0.0
-2.3403313355188624,88.28219537110056,1.0407451857230694,0.0
-2.5251215437590124,88.11052980709592,1.0014045055528182,0.0
-1.2248567086236528,87.06773061793672,0.8336881866870907,0.0
-2.3484290673192656,87.94611076230936,0.9968192902870202,0.0
-2.934204046005778,88.15958965277223,1.0563016885210128,0.0
-2.3503088733527244,88.75282127960261,0.8648793037781607,0.0
-2.7145205631300895,89.57232184777367,0.9363202681534009,0.0
-4.788294891723064,89.16248472443114,0.9131033359041827,0.0
-4.274627403009865,87.59395642322235,0.9833914107385514,0.0
-4.394618741992227,86.34258679986252,0.9584719311941757,0.0
-2.748496158297125,85.44464450300417,0.9719177798537545,0.0
-0.552947380533584,84.28038581920207,1.0179829543277759,0.0
0.17716704978623804,83.37087693455516,1.0338692494371435,0.0
0.6878060073567263,81.6447366443572,1.0370984000947305,0.0
0.6569506398170867,82.84608571897279,1.0651220440170222,0.0
1.4943448343138614,83.5247512537324,1.0192074807892386,0.0
1.8281718602702302,82.02541736440055,1.0814247863841882,0.0
0.5207795490108809,80.94349262081191,0.9528676015176947,0.0
-0.1735854819987787,80.2656841603918,0.8636898171958306,0.0
0.13577239283984466,81.06742925057074,0.8942844892235742,0.0
-1.0272740234566713,79.51370132728702,0.9840268800121381,0.0
-1.1843909225173441,79.96460189741282,0.931350168594417,0.0
-0.7065574752534629,81.9557950053408,1.1001942344427753,0.0
1.1738918646641947,83.02501005624626,0.8854569449686795,0.0
1.5619166933377504,84.03850142998684,1.0605922009921087,0.0
2.250917270811786,84.17883759904666,1.1727134739334966,0.0
3.3715987372429925,84.05844872302066,1.0773749061515532,0.0
3.427985627637296,82.63978275248218,1.1166751423079073,0.0
2.8251375192443713,82.77494645809422,0.7486412752815441,0.0
2.748839497839531,82.09288757592931,0.9679579549648025,0.0
3.0042657860346345,80.27657660277943,0.9703260095327484,0.0
1.8420329953606704,80.88769542654045,1.0268478791582072,0.0
1.5046837818037408,82.07356988036834,0.908536728132751,0.0
2.0472008283324454,83.47861739203412,0.9401761500397932,0.0
0.2767565606578719,84.83223169747919,0.9504663105249676,0.0
1.7319446704037986,84.80595843641095,1.1675243972148088,0.0
1.280773977727366,85.25631763746675,1.0221844550561185,0.0
1.7558717327172642,87.65035514540634,0.9540553232735182,0.0
0.7752402956502069,87.8068711792516,1.1165086930400054,0.0
1.4850274322287487,86.92045645128563,1.1078757925684926,0.0
-0.5711713158433103,85.65045024877185,0.9604220409197203,0.0
1.6556731007876606,84.19077734339777,0.945871024210472,0.0
0.6696965028360897,85.03517811136396,0.9918943786404097,0.0
-0.3980631170708206,85.51369091294448,0.900212830486917,0.0
-1.001878082472114,84.53309349710668,0.9303793040590272,0.0
-1.7736873850172916,84.25263588534787,1.1007696807314415,0.0
-2.3718642327608888,85.76910908871739,1.0763595889425441,0.0
-5.526169733739923,85.34749887955408,1.095543161396302,0.0
-5.395507285692446,84.29677320863263,1.0571549422611175,0.0
-5.013921751907986,83.84125780806043,0.9497615081533373,0.0
-5.040963295452263,85.09535114774118,1.0435646310841775,0.0
-6.920258940298623,84.99429268524315,0.9658168400362853,0.0
-7.282042848016962,84.87313124226452,0.9260734966146802,0.0
-6.143097409541046,85.30566803905899,0.7846676979246124,0.0
-5.347175111819213,84.42824860023798,0.9937323391395954,0.0
-5.814038737949787,82.98669074453001,1.0223611641031596,0.0
-7.177217206761892,82.65735285025762,1.0484645693369932,0.0
-6.230958221215485,83.73574376140282,1.1873848979800843,0.0
-5.011156607802739,86.53593546354533,0.9171631550718763,0.0
-3.6955047005096837,84.94815761550103,0.8196230436095381,0.0
-3.9120762359004115,85.0439221276545,1.0292547975780297,0.0
-4.9080776626040805,84.59429867964096,0.9834370258472389,0.0
-6.378435865278754,82.57347938175681,0.9768541591291168,0.0
-5.998524207340742,82.43491810613611,0.9750165642116586,0.0
-7.4851711958925105,82.40966999140574,1.0186878683980962,0.0
-7.055675127371286,83.40552099953,0.9844295609192985,0.0
-5.558640099338599,82.42101565932191,0.9282250280154669,0.0
-5.021235091471533,82.0388502167304,0.9038561811127742,0.0
-5.427478090079885,83.00767027413455,0.9505642515392111,0.0
-3.9607630352650296,80.08377995019583,1.084024985577415,0.0
-4.249100499137997,79.59017400883884,0.932966085659406,0.0
-3.4094243312799435,80.32124575967366,1.112126218626597,0.0
-4.6562302965917866,80.85984350986658,1.0177211771452734,0.0
-6.463680197661869,80.12828558093692,1.0912893734118492,0.0
-6.861877108648385,80.9379868441529,0.9190295127304681,0.0
-6.961676746315701,82.24025516669458,1.0476672294326421,0.0
-7.364539090924761,83.56405317688261,0.9714846010916798,0.0
-7.637744343422777,82.68172723702013,1.0262385443710766,0.0
-8.538349431789559,80.66939217378003,1.1195379584266494,0.0
-9.35414446297543,80.26012103504844,0.984216187725183,0.0
-10.691784418931523,82.0651378572089,0.8174160690220744,0.0
-9.964479729064076,80.81154079037722,1.146186382515854,0.0
-8.442708497327105,80.85841388321613,0.9925376322883837,0.0
-8.174856731991133,81.92079952347089,1.0453036799553759,0.0
-6.709542145606752,83.15827348913865,1.0399848748226173,0.0
-8.696578082476789,84.89483370227441,1.0853153781608467,0.0
-7.8084753652687136,85.1251326742203,1.080154630701982,0.0
-8.408123472319945,83.83645171090691,0.9169988270333725,0.0
-7.149551030598437,82.58444313389758,1.1568927543033631,0.0
-4.816827872566741,83.98970001325789,1.063014413101848,0.0
-6.872061790169642,83.70689151155982,0.9544400253650238,0.0
-7.219522002092704,82.14158160726473,0.9198827769582455,0.0
-9.648610832267433,82.57012010644634,0.8972515143905081,0.0
-8.657542052915225,81.88697996437156,0.9409393491716803,0.0
-7.859603860651676,82.77294337656585,0.8617789580703767,0.0
-7.321223787485362,84.02435827755215,1.0323526467196338,0.0
-5.742960965950564,84.07740525211113,1.090595808437514,0.0
-5.293250530953324,85.12570178000078,0.9727461301922599,0.0
-5.4045226023610216,84.90001970363515,1.027102217884528,0.0
-5.407220359278095,83.0518413519365,0.8429456769192083,0.0
-5.229930939405947,83.30052135257814,1.0109950936750913,0.0
-6.1431887696749605,84.27400647719554,0.898978940927381,0.0
-5.212372017171781,83.41853252185601,1.0491348766768893,0.0
-5.1935461716423825,82.17066097970792,1.034696300614526,0.0
-4.161775338443923,82.61197789316186,1.1558999596115376,0.0
-4.554790234432254,83.49990196707242,1.0360378257377578,0.0
-3.905369888371093,81.90393658579214,1.039825663609099,0.0
-4.037402178960824,81.32767253868187,1.166611339333843,0.0
-4.831465057992706,82.26916905038307,1.1238711343383967,0.0
-5.577674914532798,82.80364021590995,1.0528188381163595,0.0
-7.093812647760526,82.90597612163998,0.9306048795467174,0.0
-7.175024812474615,82.74826353268857,0.9419588900270576,0.0
-7.018165700950521,83.50861842471423,0.8239814186257821,0.0
-7.970574038825989,84.4912304216815,1.0991019115237561,0.0
-8.119263826059125,85.86422113383696,1.053065200169219,0.0
-8.429270782591836,85.99839010238769,1.1424876855904849,0.0
-6.877819527188475,85.59941317684437,0.8845804782296973,0.0
-6.8087563315941475,85.92079479932262,0.981714493185121,0.0
-7.3346193327064535,86.77784978130256,1.1692571094965378,0.0
-6.8861857270342375,85.97052316277077,0.8465177127499279,0.0
-6.518230394517865,85.78652531062652,0.9482231147026685,0.0
-8.272927263998115,86.76756141391868,1.1446959361228273,0.0
-7.258367134981001,86.51541239852578,0.9512928582855693,0.0
-7.492663941169041,85.22883440472178,1.0576708067314682,0.0
-6.315516919688321,85.12026646186382,1.0888118741014998,0.0
-6.07217889122473,86.5049910147281,1.0674980141590704,0.0
-7.677383614910492,86.94370672609574,1.062192122309939,0.0
-7.405224528688795,86.67088397671087,1.094998116615892,0.0
-7.022491089511998,87.64384291558738,1.1006904725280084,0.0
-7.288621683437743,87.54422358298861,1.1280362698255935,0.0
-6.8094652391683725,88.8225827456046,1.0749910311182913,0.0
-5.946920742625967,88.76404537731892,1.0161994588282304,0.0
-4.863502168937476,90.4803798800921,0.784871197606452,0.0
-6.0633692088536435,92.01880614206857,0.9107338061593206,0.0
-6.156086265326796,90.82262015483971,0.9778752364879016,0.0
-3.874254968151708,90.05722232068013,0.9828671839290342,0.0
-3.226088497036472,90.90510884583912,0.9994440759255526,0.0
-2.85452255242697,91.75545355274167,0.8542465393357812,0.0
-2.3907929657584606,92.6675308485577,0.8447782468145832,0.0
-2.605323619314877,93.01416507117503,0.9980931220767164,0.0
-3.0352530672649993,92.6190747038165,1.0076318776965694,0.0
-4.488589756625116,92.94625303710872,0.9954843322468089,0.0
-5.108791495626611,93.26486646451482,0.9398745371772134,0.0
-4.905755858521344,95.43522299153156,0.923794439367063,0.0
-4.236233796229208,98.50461476377747,1.0877427483766127,0.0
-4.737449817346113,98.64285490893457,0.8869012825505779,0.0
-5.726749082388665,99.08975976999474,1.1878235407527973,0.0
-4.750221771069141,98.611418772359,0.9221478653448748,0.0
-4.672813666859422,97.09798043575405,1.0082066009957116,0.0
-5.121991776366891,96.47341752007809,1.0650733907834762,0.0
-5.3547773414235005,95.6119394792635,1.1439766097933455,0.0
-6.091593521732622,96.54361830296332,0.871636101134936,0.0
-7.224793958755101,95.87657046071294,0.9556728212037603,0.0
-7.178037221031044,95.01390687924423,1.0583481555768095,0.0
-7.900150512275843,94.27707988064789,0.8540942732155437,0.0
-5.775727276471105,93.37918825460783,1.1090667358434325,0.0
-6.4316038660863954,92.58081193153544,0.9503811128384614,0.0
-7.79931088811337,90.24025732896851,1.0754299124927564,0.0
-7.7495802352857455,89.60284410312299,1.037785108132313,0.0
-7.651811552595512,90.08146041627951,0.9026255189521998,0.0
-7.332676763216778,89.48410564249969,1.033115148340239,0.0
-6.996958247264058,90.97358572938306,0.8866810325405496,0.0
-6.968767202224493,91.3846433583289,0.9480170915330405,0.0
-6.616548783522123,91.44121653347831,1.110257881362037,0.0
-6.811101342274868,90.60881119957712,1.0309999065713538,0.0
-8.081164427512743,90.80505983801993,1.0044515402383838,0.0
-6.762139815797462,89.77720691344288,1.1130055041882323,0.0
-7.395089983539363,88.21886955548322,1.1516529101206312,0.0
-7.124143225642315,87.34894566941632,1.0419693629693614,0.0
-7.608478751509662,87.84835547127972,1.0250022825492027,0.0
-9.177086500593063,88.05124229474272,1.1426778199113583,0.0
-7.832415030105018,89.14735045111279,0.9381344967739531,0.0
-6.668541676033971,88.98281419269429,0.891785845583116,0.0
-6.418647020295142,90.04906005428026,1.1123703662702797,0.0
-6.3377704400900505,91.07657082527389,0.9585862155041133,0.0
-6.4876333430387705,91.26822445895644,1.004559347281563,0.0
-7.184093564640106,92.91854395680345,1.0678642215802336,0.0
-7.745755595698436,92.26214923299074,1.2107682128047468,0.0
-8.231698196154088,93.24576216439272,1.0033000188954542,0.0
-9.107116692946096,93.38218726597334,1.0118744145208125,0.0
-8.456223772804014,94.74199137611188,0.8899515894404246,0.0
-8.468394314029503,95.87763310671633,0.9009633870167874,0.0
-8.636468870531283,97.70380493131711,1.206535576858222,0.0
-7.948586684262226,98.70678503007686,0.8807981866164123,0.0
-8.865158172860621,98.80950948166428,1.0672471762035733,0.0
-9.324837318004983,100.0232046695183,0.8960390050345142,0.0
-11.007979868554353,99.99970252941696,1.1866964497778292,0.0
-12.109310755279964,101.09317056422796,0.8709151615373275,0.0
-11.440935691277495,101.63974838539322,1.0483928531119067,0.0
-11.713177872206305,101.54709977507213,0.9014704036423239,0.0
-11.852706357043242,101.92588446650464,1.1829099122286193,0.0
-12.437303537685876,100.31228328957981,1.0453442908362351,0.0
-12.031793683661748,99.76876165917628,1.0901789134853928,0.0
-12.21137724077911,98.6949745088343,0.8955379746271465,0.0
-10.639284955171153,99.2496599709591,1.088572766201894,0.0
-10.640672032131027,99.97879846285365,0.870601874426454,0.0
-11.633443893871352,98.87644431594791,1.0570906422705346,0.0
-12.072011784734656,98.6952915236852,0.9805816069454509,0.0
-12.344851145882094,97.88825474377462,0.9559392698223264,0.0
-11.174198091762834,96.92123528507354,0.9511850046203468,0.0
-11.77141406187652,96.63185742079948,1.0125743663018651,0.0
-10.255316120145645,95.63880272659003,1.292241863365856,0.0
-9.038612033505123,95.02114628799731,1.0299688342060547,0.0
-9.534167703446794,94.61469943802969,1.1547487014182765,0.0
-9.831358408935731,95.93597904246799,1.0063789004872399,0.0
-10.852341673491177,96.72534122820944,0.8062322092298361,0.0
-9.715243541326762,96.22340142199444,0.9418251069715573,0.0
-9.165864438975412,95.35217015935918,0.9252206178687813,0.0
-9.165789256839098,96.30440447407231,1.0457153367611183,0.0
-10.644936977954771,96.71250180344873,1.0581182333630408,0.0
-10.747218527601627,98.99429966467576,1.0745589378261733,0.0
-12.227511341633415,97.95441587895935,0.9388836763040429,0.0
-13.258608833542876,99.91634085549754,1.0222623459530495,0.0
-15.240418380289423,100.49031979916256,0.9915168478110935,0.0
-15.294578223042082,100.13310568740582,1.045579973641315,0.0
-14.637070800550749,99.44044958971827,0.8791836928208114,0.0
-13.72407890111713,100.25439532621556,1.0389854990143916,0.0
-14.862552097760274,100.39738667245842,1.0448002075058471,0.0
-14.784825868260175,99.90888566613125,0.8597090957608644,0.0
-14.533998531587585,101.30454178725171,0.9049443643576874,0.0
-15.293788582368144,101.88018390049893,1.111114898867601,0.0
-15.395574444537717,101.10868297821537,0.9886052067702412,0.0
-17.104432790427143,100.37611338625382,1.0449379502157028,0.0
-18.168309533960098,101.35004534422471,0.987291214694494,0.0
-16.36249598832586,100.77583736611545,1.0806971743982525,0.0
-18.21189532630718,100.86658941954059,0.9143359248874032,0.0
-17.733840079601364,101.81543446295717,1.0493658456199926,0.0
-18.730709637454737,101.36551855645563,0.99054945483118,0.0
-19.06677804483108,100.48332716894929,1.1019451290593798,0.0
-19.401343065251677,100.85538119953915,1.006209903134561,0.0
-19.122572502839223,101.81868771685144,0.8267307252025418,0.0
-20.935431705012938,101.57473225042636,0.8640369155017306,0.0
-21.538086096603923,102.71581839839719,0.8853802676352691,0.0
-20.406113521467002,102.53743269722523,0.9332231998006457,0.0
-18.576623272501124,102.75409185894223,1.078240687793024,0.0
-19.66598549587046,103.5362063061486,0.9791254744231737,0.0
-19.772306921432474,104.15804821213382,1.0208950488623714,0.0
-19.881756106566122,104.99463928935056,0.8592373114844001,0.0
-21.22080791093412,106.23473414852052,0.9673676526624908,0.0
-20.10119256929926,104.81691618679079,0.8179289393316203,0.0
-19.864443625055934,104.31519185725827,0.9208260996800532,0.0
-19.13321575390393,104.59275628592033,1.0470591205903133,0.0
-20.00992987539272,104.07011377353199,1.0723693855753818,0.0
-20.01877352116967,104.12935736165623,1.1100072762682478,0.0
-19.385378044080777,105.12802195221497,0.6987574602701015,0.0
-19.50845549816765,104.65895665651242,1.1365975082327153,0.0
-19.39631304290407,103.63646752255747,0.9925916527067141,0.0
-18.49070996842679,103.14216365859758,0.9633717016896318,0.0
-19.677938863149926,104.18668013323494,0.7861278974097857,0.0
-18.233732557742,104.43883141667433,1.0616287158182571,0.0
-19.46474094115144,104.37813980988815,0.9102525548246311,0.0
-19.53815327257743,103.90295830462155,0.9024208054152919,0.0
-20.470260707169878,104.00378127618337,0.8788205863497162,0.0
-20.38682702793144,104.79414543673727,0.9166966460421425,0.0
-20.01318393058982,104.48063091658418,0.9166797645893259,0.0
-19.374691572793672,106.5499409900636,0.9694024601048621,0.0
-21.44541267574545,106.43542047842281,1.0520078643603548,0.0
-20.90697663811853,108.17433394799697,1.0940827619977938,0.0
-19.757076105260285,109.36380307847702,1.0573201022805168,0.0
-19.860510235239484,109.12133724743711,0.9050157077407925,0.0
-20.320674740357656,110.55143572369752,0.975759120257316,0.0
-20.519136609217647,109.71748435251953,0.9784633889044093,0.0
-19.03420141671096,110.58492817378855,1.0197577706420045,0.0
-18.804960806084477,112.24260928861831,0.9982603654306719,0.0
-19.257505118602747,110.39959609007211,1.075145660976981,0.0
-19.086399145719632,111.80117918737172,0.9307595301915337,0.0
-18.9978311210489,112.40720027433358,1.0476627862802628,0.0
-20.604208427772,112.56443662698544,1.0987254763131982,0.0
-18.855331807965786,112.78583350684058,1.0338808324326223,0.0
-18.67953829494224,113.36905334704672,1.1113499261446684,0.0
-17.883159935806347,114.52174096814011,0.9339983543646797,0.0
-18.982063557384784,114.39473517401478,0.9891856367963351,0.0
-17.990734139963113,115.45826210964897,0.9121820670653742,0.0
-18.12306357289653,115.58642324709562,1.0426106669622985,0.0
-19.34169769385486,116.93498874004787,1.0293538708766694,0.0
-20.771192506218636,115.7406195703688,0.9183370953050004,0.0
-21.053354676515436,115.3386015349726,0.9177764507625044,0.0
-21.923783352607607,115.6271751611807,1.1678672254580178,0.0
-19.56064165703172,116.73772441748025,0.9789267153882302,0.0
-19.45753693128379,118.39155376996447,1.0225361791234624,0.0
-19.54091359443497,117.82873172121552,0.88610266183199,0.0
-18.586956517888666,116.37992769422857,0.9206630398700173,0.0
-19.403285408075345,115.29134867471271,1.096418316848738,0.0
-18.982840007413987,115.66919069374231,1.0368187737132732,0.0
-18.17079423321147,114.38928162972343,1.0562284784751017,0.0
-18.948976763887483,116.06631519670869,0.818345276933423,0.0
-18.526251487438966,115.87060235908366,1.0869975807653727,0.0
-18.11383098793597,114.74909856903008,0.8863428072988518,0.0
-17.531777984648837,115.94629864466114,0.8956487485521277,0.0
-17.521594413985575,117.27369074542312,1.1546071761999577,0.0
-17.954361834820265,117.02905203178327,1.0805270465483297,0.0
-18.9654852086486,116.23052231039743,1.0795852739036376,0.0
-19.291753549529265,116.16688228656658,0.9451485968817059,0.0
-18.575822894605064,116.89165544877031,1.0426733100726102,0.0
-18.828872733471734,117.08757626117564,0.8401940632924121,0.0
-17.53817907142956,117.24923019640401,0.9249238551458749,0.0
-17.672936658863893,117.37242842798614,1.0954484134077773,0.0
-17.04245327430199,118.66345595841462,0.8464463943466162,0.0
-18.00616176493045,117.45942875876835,0.977814054886144,0.0
-17.187107321559196,118.66799150980717,1.1343537804432628,0.0
-17.986889608892625,116.26740480331723,0.9854916934628513,0.0
-17.462081391546885,115.69414966220054,1.0771827543150694,0.0
-17.41836181219969,115.92374012508492,0.9509032701868017,0.0
-16.683864828079066,114.74076222480856,1.0627708040789257,0.0
-15.454316579369562,113.06931301953371,1.0008077385337697,0.0
-14.225732958646397,112.98984202286918,0.8383421734659092,0.0
-13.126909765609216,114.34648359460704,0.7282523363955877,0.0
-13.785938359098607,114.35743909338551,1.0480458750319783,0.0
-15.122418275103255,114.96635488464469,0.9482062216994528,0.0
-16.061045122623057,114.1164928190656,0.8511096353361184,0.0
-16.52194276661724,114.58832656465063,0.8380284509120596,0.0
-17.108532034360636,113.74043728870582,0.9790471224032816,0.0
-16.0643575506057,114.20003209254526,0.7714425610702023,0.0
-15.252568630691949,114.32739323959782,0.9744531962813574,0.0
-14.531683655243954,115.75694049370219,1.0849129845499461,0.0
-14.580353748303363,114.88135058859812,1.106525297374985,0.0
-14.598020425455823,114.33056068985081,0.8756487203064961,0.0
-15.264777726786566,113.8448978022006,0.9794010289524292,0.0
-16.05667716146323,116.12248544981364,0.8501977450968032,0.0
-16.903057882263546,115.74652995540255,1.0497883019071916,0.0
-18.296629335942086,115.98544438407284,1.0306906314312756,0.0
-17.916948235722575,115.7389726988692,0.9647985110592349,0.0
-18.027727326642538,114.40448404708087,1.144229834027197,0.0
-17.643188386688273,114.11107100280599,0.9068422281984201,0.0
-17.54287923866049,114.30194706666745,0.9506952554992544,0.0
-17.825339855313544,113.61491316386174,1.091663981298199,0.0
-17.608840369389334,114.0865783775925,1.0690217231373442,0.0
-16.953503168756818,114.4227151828622,1.1289822370520892,0.0
-15.730498095057357,115.60956523885159,0.8693593248273519,0.0
-15.521188124748617,115.72431014985146,1.0199490318894227,0.0
-13.637620628644644,115.89808103706378,1.0995915265223768,0.0
-13.84943846292282,116.08565642782294,0.9774153353600386,0.0
-15.378457033593673,116.53588491888516,1.0801404853984127,0.0
-13.827388266804084,114.68827124102165,1.2370336148283865,0.0
-13.557049273275705,115.1743235543319,0.8353543366201103,0.0
-12.796593739600766,116.18977127174625,0.8992825662103505,0.0
-13.355494732543592,116.04680255861363,1.0953893314727472,0.0
-13.202826897219767,116.08160489355524,1.0479887183899042,0.0
-12.805492956865843,118.05686010524649,1.0328546635640306,0.0
-14.40003448509627,117.60348798201176,0.7386409656047961,0.0
-14.044118677193026,117.04687330546788,0.9009477362356796,0.0
-14.577386102994767,116.4408518631097,1.0760222104256516,0.0
-14.384042945979555,117.48549814873523,1.1157273864328263,0.0
-15.017310740399827,117.47711147451143,0.8104833209738527,0.0
-16.200733924358932,117.35353778919158,1.0677914716867243,0.0
-17.18759409545528,117.28794708006073,0.9139750250834587,0.0
-19.780029551670246,117.30590777467704,0.9704379229689091,0.0
-19.03747222603749,114.39661124788077,0.9164759286115135,0.0
-17.595583725873656,114.20005969201954,1.2267132833987824,0.0
-18.29118955438476,113.40545577073804,1.0392948210935167,0.0
-18.637684474714657,113.27228808209266,1.064532116841846,0.0
-18.859858711953294,113.74547341303935,1.0077693312572875,0.0
-17.68447216385659,114.21197100745064,1.0380214300643986,0.0
-16.502017869134292,115.18832926720631,0.8669292557454457,0.0
-17.64542716607477,115.07409309305284,0.9780147857487471,0.0
-18.66261539420873,115.69514085566433,1.011307818933885,0.0
-18.897647860907366,114.41809870650044,1.0993119386622825,0.0
-18.82420274685378,115.60809502227119,1.0377773639687757,0.0
-19.33203978658665,116.56999846472674,1.0483906074632767,0.0
-18.841113187798047,115.63803204789761,1.0004682387734893,0.0
-19.09103558570755,115.96370001482595,1.098136207540603,0.0
-20.396911832540447,114.5881356568228,1.0723325458558477,0.0
-18.65354546364097,115.01999421222457,1.1022983925794076,0.0
-19.719081730780317,113.28121987201362,1.0566444404908297,0.0
-18.006392116147673,115.08236558416715,0.8251357664380274,0.0
-16.2907732928417,115.05667098611787,1.0471533275122868,0.0
-16.55492962280379,114.21174578287031,1.0125574904953738,0.0
-15.587140354315714,113.35927567000545,0.9992255993620459,0.0
-17.2523102849178,112.97578804061418,1.0094818154797913,0.0
-18.95151011825486,112.82377805579095,1.099198875870017,0.0
-18.35432864799101,113.5957696869015,1.0526378745611829,0.0
-18.41859076080403,114.68138969845087,0.9230444890355287,0.0
-18.481763793316258,114.67698802151254,0.9610984286480262,0.0
-18.03278968961393,114.73029385324811,1.0430019912182407,0.0
-19.567654987648048,115.77575176458221,0.9968091944137256,0.0
-18.419915880648805,115.09115759739302,0.8907866605854015,0.0
-19.779062677336906,114.08378539058208,1.0876115709997263,0.0
-18.79459263716485,115.83001805039609,1.1620580946495016,0.0
-20.114783754101765,116.57759158702926,1.0510632876640653,0.0
-18.9350816580157,116.70205000269522,0.8146161675284194,0.0
-19.722381585370545,117.14429720430986,1.065016224494644,0.0
-19.130004793858003,115.55901871481345,1.0644942909840462,0.0
-20.199539266860857,114.21430262073255,1.0430347933377258,0.0
-20.901983615016153,112.82282460866779,1.034240326742858,0.0
-20.79374128348982,113.08677951376268,0.9787680360751291,0.0
-20.63437780680624,112.121337427776,0.9632836694468779,0.0
-20.427496733623748,112.36678015667916,0.9822090979331091,0.0
-18.733991083608867,113.75391549160733,1.0518539465083303,0.0
-19.857759050565598,113.37645613836301,0.8530178167128439,0.0
-18.41669286998891,113.76641184733559,0.8995362986015866,0.0
-16.686724027741473,116.38907459850522,1.0126525037213197,0.0
-14.971744266678016,117.22299177850854,0.974957426697928,0.0
-17.358865519739926,119.09747534795332,0.9840179442571806,0.0
-14.958823830032587,119.01180617123099,0.8984954026422362,0.0
-13.876817144888404,119.45410418215226,0.8954105216714174,0.0
-13.358000930346341,118.72810904886387,1.0827930777949892,0.0
-13.699618939763907,119.38939106524478,0.9455729353613906,0.0
-12.673788950926772,120.52610249273836,0.8211408509614931,0.0
-12.45855616161074,121.38139294051199,1.0495792429191333,0.0
-11.632102533789945,122.75798926452,1.0828058422421207,0.0
-11.400191118066546,121.49495495188107,1.0675790673915098,0.0
-11.751618580900866,123.10520991182588,1.0030805389060036,0.0
-11.718290047479178,122.39467519629673,1.0347359426749072,0.0
-12.495294215772214,123.99877818148887,1.1230189890350324,0.0
-12.769124046973385,123.65306086194953,1.051165624357408,0.0
-10.76277001002378,122.86781709369284,0.9842671658239122,0.0
-10.762445666241424,122.74080930090463,0.9210919494198782,0.0
-10.773634872638898,123.45290780542655,1.2615459014730643,0.0
-10.670782963221882,126.6788033409513,1.1527032040034193,0.0
-9.8151394641837,127.95633179756409,0.9778043315092767,0.0
-10.800972069269745,127.83102885978816,1.0379759005194131,0.0
-11.518278618198526,128.8511025188401,1.103156627527357,0.0
-12.971221956891526,128.50906086427352,0.9559454050503424,0.0
-13.529706576300532,128.22685879590512,1.1021361643458127,0.0
-12.979195274551008,126.9468617693497,1.0391778998136634,0.0
-10.250498402967036,127.60513689446371,1.0687780851104445,0.0
-9.806383090619502,128.66823183127374,1.066716690795973,0.0
-10.317845830295592,128.79490921230916,0.9595451428976604,0.0
-10.663275418226487,130.40521963390165,0.9673247137072714,0.0
-11.906333595344371,129.6945935367829,0.8461758016780689,0.0
-11.723710243144813,128.87172004038285,0.894136011654376,0.0
-11.483307124953864,128.00170079047328,0.9696053698607541,0.0
-11.396114444520459,129.17510253729003,0.8754404535041149,0.0
-11.615515195658345,128.128777908131,1.021963753148541,0.0
-12.554676727128403,127.80608544137621,0.9281138599249028,0.0
-13.985472538731424,126.34844560294611,0.8459902187981474,0.0
-13.329360774148439,127.65160827601221,1.0283909799945903,0.0
-12.341142336790467,127.45931284996612,0.9109087430780589,0.0
-12.135310748335401,126.78880636034377,1.0482226752718338,0.0
-11.650281533600113,126.49982525738179,0.8506393493553588,0.0
-11.062276099517538,126.26544983850646,0.9899697878119301,0.0
-11.000664290140836,124.77221876110399,1.079330261052435,0.0
-8.722812802150214,123.60022198279063,0.8589539954257457,0.0
-8.065632751655986,121.95290679950324,0.975163680796723,0.0
-7.554949643305716,122.22014453458544,1.2695991133366833,0.0
-7.843239801119882,121.5897695474103,0.8971594057070028,0.0
-7.489515206806126,120.80620726209366,1.0816911569453618,0.0
-6.586419354986949,119.66089726659527,1.0289631831949586,0.0
-6.8099898469218925,119.83530997458845,1.0405222979042255,0.0
-5.379067089192924,120.9877431946823,0.9930691704637371,0.0
-3.8440142188279207,121.91310752715985,1.0263896499979386,0.0
-3.440794933398111,121.26129122780691,0.8303455168732685,0.0
-4.408170301853235,122.74005660862835,1.0496069537453707,0.0
-2.622940996951807,122.90943557249396,0.8905692508160308,0.0
-2.6660195334573915,122.21854669605531,0.9759835340834472,0.0
-2.321025869456721,123.1705650754588,1.0231590820389742,0.0
-4.763277752174024,125.36888817667709,0.875639948131309,0.0
-3.1514109413966738,124.30329203545661,1.0636218884406958,0.0
-2.4585807733813794,122.82930571222417,1.0142942200200868,0.0
-1.7269480706589504,123.8258030266072,0.9502658467192833,0.0
-0.3704313336035505,123.3596019696159,1.1403676635262259,0.0
0.6469414036527502,122.67805632022214,1.1817811759388324,0.0
-0.5120559270531075,121.53800947177132,0.9954760425114245,0.0
-0.6039294373424622,120.7632164468051,0.8141723527829536,0.0
-0.9423284198846766,121.34356025834367,1.073148918199871,0.0
-0.9405121910225935,122.11631386417635,0.8976006006003491,0.0
-1.1802960211859617,124.59924643873303,1.2727762166674,0.0
-1.001588169372043,126.89191333299446,1.0266270853225896,0.0
-0.5926038272687271,128.6399553821963,1.2443444836885638,0.0
-2.145085211670181,127.41775912102077,0.9381130631385874,0.0
-3.068393197824707,128.97334156148614,1.0500947478950702,0.0
-3.6010371405416643,130.4831385272924,0.9034030104104578,0.0
-3.8154386340678905,129.66437934933745,1.2168689423612196,0.0
-5.271686091514714,129.94573140500552,0.9512741526488455,0.0
-5.517863473977082,131.65565095913615,1.0421825873664767,0.0
-6.007433562579069,129.94168936200623,0.8256692122571805,0.0
-7.386092521437864,129.75597874942224,0.8162023044415025,0.0
-7.855356927427176,131.53869768814633,1.034516471892613,0.0
-8.157072508410065,131.36358713279054,0.9245380144420479,0.0
-9.779917960497945,132.15208587018358,1.1811919279430383,0.0
-10.307355638718134,132.21607341777934,1.22479731042381,0.0
-9.638511722185402,130.9680976723443,0.9852558126065332,0.0
-10.600594875467229,131.5949078738364,1.1013717365565145,0.0
-8.941102946150032,132.15371806694395,1.1280456846392322,0.0
-8.809569742390302,132.79986177878976,0.8321762776855512,0.0
-9.088920415843932,132.46487342921057,1.1560014126563876,0.0
-9.704712846186249,134.1197802258564,1.0519639697060443,0.0
-9.729513856488037,133.32294684899594,1.1024570050225202,0.0
-8.948259853252688,133.57388809459414,1.1959406870683424,0.0
-10.40997051419965,133.24486586794904,0.9762434479998136,0.0
-12.039853686549383,134.68165762993573,0.9744428790097943,0.0
-11.279510251200458,135.3181290708848,1.0211775008040391,0.0
-10.381329097957227,135.14805309760544,1.0220979862622084,0.0
-9.300435340250186,134.73427551198102,1.0057533631962159,0.0
-9.792414274715133,135.53953604019426,1.1003765454124395,0.0
-10.840359217940255,136.15356208535786,0.9755479817587608,0.0
-12.206743971725937,135.41616754936896,1.0612092035404874,0.0
-12.547926241716567,136.20659074709846,0.8564150995770511,0.0
-12.921043121388525,137.2209311107153,1.1091234665436112,0.0
-13.124181162840607,137.85023567581413,0.904565257645812,0.0
-11.872345251131751,136.8359243097398,0.975008380111101,0.0
-10.84275288307679,137.3020865216473,0.9764349568492651,0.0
-10.706235855048732,137.71208097020272,0.9358887756687224,0.0
-10.072460224142297,138.2923215797662,1.0512612997800233,0.0
-9.80879764866144,138.0298822418079,0.923467386600926,0.0
-9.521238719418255,138.1226804739573,0.9071923001465585,0.0
-9.610460389780252,138.46552637061475,1.0557255041049336,0.0
-8.764919475049082,137.69145515558156,0.9473231177826138,0.0
-9.360004652460603,137.71456998637095,0.9958174235266494,0.0
-7.5798710570074785,137.07070800091017,0.9202508098348612,0.0
-8.370274677938356,135.11233773465855,1.0066232985373909,0.0
-7.2158093773890135,135.10408593894323,0.9521835930354484,0.0
-5.327252578731491,135.9109072231419,0.9983714136540002,0.0
-3.6706260492598,135.49268378167469,1.000664093871681,0.0
-5.057572599711188,137.2011575883409,0.978256203505348,0.0
-5.772354457559894,138.03715359708238,1.0052505586721516,0.0
-4.386589288410275,137.46163337869936,1.1419880736847334,0.0
-3.547232784964609,138.0004614726693,1.3362111222188604,0.0
-2.6683454056829343,138.14782409183064,1.0124085129002742,0.0
-2.2428297817914062,138.22427153245096,1.06437964012545,0.0
-3.218906683459803,138.46393266749934,0.925388069711282,0.0
-3.9714917263701697,137.83974229145073,1.0608964075673017,0.0
-4.671395354555091,138.26628949743224,1.0194696448124578,0.0
-4.696951006557487,138.2559889346014,0.9396093749753947,0.0
-5.562440554524214,138.97854852449944,0.9500096028848303,0.0
-5.493009240846752,138.88574509706316,1.1055638669450767,0.0
-2.975670017734057,141.2101460174195,1.0621633498888947,0.0
-1.9010129860730598,143.10823483436374,1.0538662629876108,0.0
-0.9847850642489895,142.95707886564406,1.0964101347979591,0.0
-1.066780853829044,144.06096347964592,1.1242465506433443,0.0
-0.23021279889173438,145.21832864419622,0.86622604460098,0.0
-0.3212021323941411,146.20541954320564,0.9874529405611163,0.0
-0.7595837181284515,146.07793434047147,0.8473029976741753,0.0
0.47338970949751696,146.4170113998091,0.9881600983844819,0.0
-2.2790842859854505,147.00884415188716,0.9805314244432082,0.0
-2.2976135408513114,147.41513622067063,0.9942146359110626,0.0
-1.2836426547207123,145.8252588000384,1.1271382207068281,0.0
-4.820048184009884,146.24829295497392,0.958884686032692,0.0
-5.0303824602118645,147.670984931407,1.0590250447569163,0.0
-4.5930088306413595,146.78495077122398,1.0359672611384518,0.0
-3.649278186840508,146.2861866359236,0.9390905152264653,0.0
-4.445717662846857,145.6966424022209,1.1050906908155296,0.0
-5.086171423794156,145.3703757960578,0.761188835726654,0.0
-5.949161957392193,145.9500750481643,0.9818899787167311,0.0
-5.8886457604131275,146.02122476111393,1.0371604281411695,0.0
-5.3642774541554745,145.25959504299215,1.1306608104212759,0.0
-5.855022950817244,147.2854707347865,0.9285991256705813,0.0
-6.038586666180794,146.98238333221732,1.0244177059218242,0.0
-6.489488138749552,148.85573670882044,1.209351309022922,0.0
-7.05559165305123,148.41867298450586,0.9439364736032552,0.0
-7.079151198860603,150.44684472309288,1.0552598817902736,0.0
-8.01809698512993,151.16253996333106,0.8957775765631848,0.0
-11.028085423070507,150.3838867446935,1.265346083001356,0.0
-12.155105886239143,150.72280872557067,1.1520375268497987,0.0
-11.398902003948315,150.72126721933017,0.8685928744171632,0.0
-10.798078535464313,148.57182691496405,1.0563407767806137,0.0
-9.993335264861877,148.99030958097862,1.054648344351051,0.0
-10.505431665362632,148.18967793261385,0.9575680443198086,0.0
-11.00104482083271,148.59385790545113,0.7935627877375497,0.0
-11.291056107367606,149.6662076350665,1.2135057463307084,0.0
-10.766088106516078,151.6292344761104,0.9558325347449463,0.0
-9.478351944908212,152.92285674907004,0.8586152562203809,0.0
-8.884846332409628,154.74287895372115,0.9919006457179013,0.0
-8.436553818076057,155.11571850617435,0.889995408881299,0.0
-7.888574649852936,155.51948183705042,0.9917445247641377,0.0
-8.705092631881902,157.58333242462373,1.0383431373643859,0.0
-9.954474342663396,157.37849285945646,1.104825129256271,0.0
-9.763865931887858,155.79138324614541,0.9906461930837441,0.0
-11.6316251328025,155.38066978713005,0.9135009959860567,0.0
-10.861911103199304,154.82999594007677,0.7509073975998541,0.0
-11.831344040684629,153.52749252463718,0.9769195273783999,0.0
-11.716919807201581,153.18352965905115,1.0496812497414978,0.0
-11.292213793685587,152.8573540304644,0.9464881133532381,0.0
-11.456726097518402,153.6915097144384,1.0248705676682421,0.0
-11.846465590861174,152.07190345020993,0.9587559846485757,0.0
-13.479297063719574,152.44997052221942,0.8565675379647245,0.0
-13.313388357231416,153.04138101582043,1.0965320516072472,0.0
-12.528610939212978,152.1436270348408,0.9204717974016323,0.0
-12.822869375997769,150.8842354149882,1.1431421685639889,0.0
-10.982389569222724,150.00355727794886,0.9713223438469791,0.0
-11.376944661352422,149.70900511599174,0.9079249558526501,0.0
-11.726879787083881,149.0075038110919,0.9173979714371748,0.0
-10.983237621340887,148.5954161349557,0.8486860945714377,0.0
-11.795358645471879,147.41767863734498,0.8904303632507842,0.0
-11.112977319619546,145.8065127725164,0.9077702299976314,0.0
-11.78991216812669,144.9498561596798,0.8964208686896591,0.0
-10.655677109847133,144.40734528194878,0.9858321422184834,0.0
-9.472447130140726,143.67242361853747,1.0091169012485273,0.0
-7.5689543482043815,143.09667432373138,0.9151730009683542,0.0
-6.864795881311338,142.94009033536375,0.8638935182804549,0.0
-6.032519280393045,143.7310311388122,1.0507437959538926,0.0
-5.559020793262267,145.30454030476199,0.8047354586738275,0.0
-6.714292496202074,145.84745757612407,0.9647678536426719,0.0
-8.832640101865554,147.06802534741792,1.1720627787675488,0.0
-10.467748859181041,147.40893323850312,1.043879529797452,0.0
-9.250629719806414,145.68616073907828,1.1046579485847732,0.0
-9.197935696026603,144.42574001235317,1.143302713793654,0.0
-9.707763761417272,143.07322716622704,0.8844297044519812,0.0
-10.03201935659508,142.33388539957988,0.8508417712323414,0.0
-10.889944854935953,141.4247456331814,0.8837664968634344,0.0
-10.374341290445553,142.528346611639,1.0405960489868016,0.0
-10.3945453910612,141.7539282820098,1.1706166980001955,0.0
-11.324536599430052,141.75079612643054,1.0175860164402155,0.0
-10.021174869586247,144.27704958279108,0.8844129020503122,0.0
-8.776162300744343,145.34365765480928,0.929935375244612,0.0
-8.69090832345763,144.41139388742192,1.0866539785563372,0.0
-8.5565316485828,143.20922540259136,1.0490937221082781,0.0
-8.21127186995115,142.753502047283,0.8710223940556961,0.0
-6.502826470436525,141.178598769259,1.0727098257418592,0.0
-5.233627332031092,140.1825346730936,0.984712791695303,0.0
-6.020985220354228,140.80166801902723,0.9549303107004705,0.0
-7.797653191936732,143.40184018994375,0.918624462997719,0.0
-10.567748473914651,143.87057092046567,1.0386237400658973,0.0
-11.318291890365774,143.0168549120025,0.9321317642658273,0.0
-10.776698685906748,144.50656688147498,0.9780575876441215,0.0
-10.558620693781624,142.06919017158955,0.8164276813026459,0.0
-9.793319641738577,143.46484817559315,1.2002181997136723,0.0
-10.955034677232348,144.26061639201447,0.9843594891633961,0.0
-12.070284822623409,144.48502151565305,1.2137180259860347,0.0
-11.108589764732162,143.07176986979047,1.0925197917034384,0.0
-11.424744659523729,141.49357116047912,0.9530688169958491,0.0
-10.516198119316483,142.21762852940762,0.888321672638211,0.0
-9.61926349629368,143.60440255775544,0.8874897485406542,0.0
-11.555108064651055,143.66777396603084,0.9934201950970367,0.0
-11.493508302065084,142.64055927810918,0.9859224156860233,0.0
-12.45592235272585,144.01905879820384,1.0402283111847366,0.0
-12.829236974664315,144.33854193076226,1.0488623963215797,0.0
-13.145258988673124,145.4635277159168,1.08573119162016,0.0
-15.379965658709747,144.6323513454992,0.9751569585546024,0.0
-17.24830772709407,144.520677738942,1.0640580027182938,0.0
-18.917843544286814,145.0734711612608,0.9256926096005784,0.0
-19.790284820704827,146.0417254247042,1.1153560705982586,0.0
-19.684026231168932,145.4122863056591,0.9879045941890819,0.0
-19.911038145905646,145.93130245995283,0.9542008821346929,0.0
-20.25007338601924,144.19455646599042,0.9353741182008805,0.0
-19.207622611722844,144.96670240618,0.9701979919378722,0.0
-19.743317100963466,143.78165950334702,1.0483385277192614,0.0
-20.250013801110686,143.5199931042031,0.9959541171278273,0.0
-20.91900946837128,144.32059158883268,1.1084583063325417,0.0
-21.709607366484732,144.3813361684137,1.070046255344796,0.0
-21.708486998969782,143.67781181956946,1.0062258821128602,0.0
-23.244513540417604,144.7803518314388,0.9677326048368846,0.0
-24.072404627199912,145.1463141097751,0.9448135303127657,0.0
-24.912778143311904,144.6901586425425,0.9931394470164332,0.0
-24.188239003379355,145.21356476216351,1.0910027008332437,0.0
-24.388866428886452,144.10046592964474,1.0500985135075664,0.0
-22.330525255877888,142.76634390552286,1.0655452709200584,0.0
-20.510351545492682,144.27817282982932,0.9808440720538156,0.0
-20.066275683691988,143.99087095604136,1.1785691769407014,0.0
-18.999765465072045,143.559962951166,1.067084950012405,0.0
-20.81048278606356,144.3360678806068,0.9884792645432728,0.0
-21.291900492338357,144.71302935810346,1.0323216080437798,0.0
-21.03673625777697,145.11022495676838,0.9461541712463565,0.0
-18.889090953566996,143.6942901051508,0.9778760754781208,0.0
-19.573082829723127,143.94240174398666,0.72829932657054,0.0
-19.606402866683297,143.85107685336806,1.0350146066788657,0.0
-19.403553244436644,142.6085488694517,0.9916204435329014,0.0
-20.689529951786795,143.51708738817433,0.9081671614950589,0.0
-20.422364100744964,144.91641449756068,0.9539225519347002,0.0
-20.995552767334633,144.9966470803601,1.0696508577223163,0.0
-19.58566412381108,144.61996150042557,0.8123379648899368,0.0
-20.27710470960921,144.3237128281794,1.2758019150089197,0.0
-19.831561481126798,142.6240725022166,0.9801456116086171,0.0
-17.96951555900179,143.06362838591653,1.0454670239561754,0.0
-17.963482870765066,143.34029905243494,1.002963383198705,0.0
-18.757568932546377,141.15843769415613,0.9200180403754519,0.0
-18.136101315280413,141.24175261014457,1.050763535887888,0.0
-16.855411723883346,141.63702487718336,0.9318243503786261,0.0
-16.246221187772523,140.70501193656062,0.9781540276108398,0.0
-15.500712531850699,141.19336371606073,1.0976192215607157,0.0
-15.034510452151087,139.06528831663744,0.9992856665960397,0.0
-15.74721507067109,138.6768759379593,1.1480751504179605,0.0
-14.490275364459146,139.63811635075115,0.9182988992310503,0.0
-14.435260454170772,139.70324972182564,0.8634907820582393,0.0
-15.92985097244144,140.84983248216366,1.038151316116309,0.0
-13.180630882651425,142.27402634379015,1.0468621740908204,0.0
-13.402606280872783,143.1124391634161,0.9989879977576664,0.0
-13.701068826428292,141.97840419855177,0.8148971858371262,0.0
-12.655885379801624,142.9831073083129,0.9324180388853323,0.0
-11.411979915978499,141.2064126280592,1.1481616561392147,0.0
-11.325850171598145,142.27940081962075,0.9447822763175094,0.0
-12.028898802083178,144.4633752849765,0.8456598235054615,0.0
-10.848798430341224,145.3217664124668,0.9965617874386145,0.0
-11.204663807463106,144.84516543283922,0.9497312719330104,0.0
-11.279240928249276,145.471586530163,0.941824515956794,0.0
-11.505419808031238,144.8136405849485,1.0392575339672503,0.0
-12.228254386513449,146.44140516775232,0.9379130694183626,0.0
-12.114177506581155,147.53913494611663,0.8575492639857376,0.0
-12.345726258558287,148.3247706126484,0.9940338498022742,0.0
-12.897898196337216,146.32602241593753,1.110307401788416,0.0
-11.980266494733455,144.79694323409655,1.0475322880105171,0.0
-11.190943543553704,146.76728782767316,0.8293136519029158,0.0
-11.037413495890618,147.94223276961358,0.880871459382815,0.0
-11.590093751743233,147.53962663172285,0.9096648864288179,0.0
-11.497886730051532,147.70682846702903,0.9821678800006095,0.0
-12.555864842283967,146.85940921118694,0.9218400037956729,0.0
-12.293581313846607,146.02165920801667,0.8350681796319377,0.0
-12.81846179771486,146.1466446472107,0.9068393607863515,0.0
-11.910307832829144,147.12647724842867,0.9411874721702121,0.0
-12.289916083771452,146.22285253489048,0.9184777857135217,0.0
-11.422744079581806,145.57615794678483,0.9742763262276777,0.0
-11.169899979983155,145.59427058003777,0.9952759280656147,0.0
-10.188999956377664,145.18769706041175,1.0424454010137287,0.0
-10.076793714906751,145.98580613902067,1.0237031756253843,0.0
-8.651931784105747,147.0438943132126,1.0121382569817854,0.0
-7.024203548325955,148.31112035452975,0.9969859323136048,0.0
-5.214245314748882,147.64047375155482,1.0820862563367188,0.0
-6.005929445078497,149.42886648010426,0.9469290699407757,0.0
-5.458456230102718,148.37738361925295,0.8357500992203104,0.0
-6.051444528509009,148.59446375486834,0.8584517540783653,0.0
-6.975477540105416,148.16650408014243,0.9791128861512886,0.0
-5.527630491310445,149.04304844916564,1.0551122541522104,0.0
-5.419693157082885,148.24842466772026,0.9411335784954354,0.0
-5.741891680975831,149.40837998713158,1.018942253994226,0.0
-4.246703396707342,150.99716911862564,1.0264640608536486,0.0
-4.454590495484103,149.69021956847703,1.053905489611494,0.0
-3.7553514092748976,151.43324836203436,0.7286491304326235,0.0
-2.6349173144264233,151.8563781364263,1.054637997947996,0.0
-2.940385796873758,150.8981873261297,1.05156855387141,0.0
-3.3406500729132182,151.09016779176756,0.8183557549053705,0.0
-4.708473697082952,152.97406159910702,1.013866508464388,0.0
-5.527427261033504,151.30339824727426,0.8884108159439393,0.0
-5.002279804444514,151.2639001411209,1.0846663514179393,0.0
-4.877613318423326,151.55633537574684,1.0870502557361255,0.0
-6.452080428123706,152.42713466463803,1.0222183574700205,0.0
-6.912300973160047,153.41082452661848,0.9353514909733213,0.0
-6.550832246654395,152.31201408685882,1.1091655308594843,0.0
-7.959479551869057,153.18114028759874,0.9837036484406485,0.0
-9.506852299261814,153.35816873734598,1.0433818654936278,0.0
-7.034584073257614,151.58632927339997,0.9030835117762461,0.0
-6.523992446110208,151.4311869908519,0.8823320909563694,0.0
-5.39725792485745,150.13019591483848,1.2502798479292334,0.0
-6.451474295668934,151.28393782099462,1.0905770213227433,0.0
-6.421196107724214,150.78305682842822,0.9234600536637847,0.0
-4.214197350661008,150.55453505612644,0.9707561634831513,0.0
-3.786023864485764,150.43324157455498,1.0354491316575982,0.0
-3.4401779964678427,149.29253649053626,0.899209284502894,0.0
-3.548235314870972,150.58689922839196,0.9560148815256259,0.0
-4.547848003410443,152.3947122899961,0.8347514218140091,0.0
-3.375526374961138,152.6237979253732,0.8863964458492173,0.0
-3.9908995236828724,152.98718987115967,1.1019387373597562,0.0
-4.226755012822501,153.83075019815422,1.0013860657249243,0.0
-4.34094777596314,154.105720033089,1.149125945320333,0.0
-3.814978964439629,154.94948757877728,0.8816885542936894,0.0
-4.096684132596822,154.57870635178247,0.7291015728415502,0.0
-3.5022277491817047,154.73858828122178,1.1880923886773596,0.0
-2.57574713588023,153.42053265202577,0.9580663122846652,0.0
-1.2963933538637207,154.53104439078842,1.0102684141138776,0.0
-2.0284791576569408,153.11572267298988,0.9863565427619264,0.0
-2.506961773101814,153.1224088026507,1.1034868430190432,0.0
-1.8678330358384163,152.81310647804796,0.8616846921890186,0.0
-1.5130230300651222,151.8691697746758,0.9999586593286185,0.0
-1.6569167315673985,151.72748927269436,0.9925896776031573,0.0
-2.6533966316911712,152.21075696807443,1.171872189070778,0.0
-2.713822543922127,154.1936970504961,0.9151739945362616,0.0
-1.8909269570271952,154.22955122885156,1.0372768579236524,0.0
-2.283137473461996,154.67440712727242,0.8972215474029592,0.0
-2.350752279938094,155.23347749567915,1.0167093826467848,0.0
-4.488868966736057,156.40531174958699,1.1353679836792905,0.0
-5.249943974481926,157.20576977899344,0.9939508057067731,0.0
-5.241978997233052,158.1233455980374,1.0861931833383538,0.0
-6.056946286854675,159.1155978268129,0.8775323244713082,0.0
-6.140156734487306,160.43095928679065,1.002185356655022,0.0
-6.957793202921583,161.6180778172666,1.0925011615372644,0.0
-6.824084086510954,163.3702401313211,0.985962179233932,0.0
-7.100902527871351,163.09374222051554,0.9278227985339234,0.0
-4.294998917111888,162.35722426374429,1.0438920097372455,0.0
-3.2871402822275,162.48256773883818,1.003054349305672,0.0
-3.630033466402879,161.3589828240463,0.8568020945510877,0.0
-1.7020474499898173,162.91564505378406,0.7662920238911213,0.0
-1.71570782383885,164.10052701343255,0.8774572733590877,0.0
-2.181120246033665,164.81397586089923,1.005285078104358,0.0
-3.3896750976791594,165.8378383693667,0.9750760568838974,0.0
-2.516310366539974,165.0842419741858,1.0459651947064577,0.0
-3.054666935124647,164.80345073508258,1.0469983385314157,0.0
-3.9438661705140303,164.47371155435252,1.026680292487541,0.0
-5.703211709858557,165.23889666843118,0.9943715136650587,0.0
-6.223271832806069,165.01190861007834,0.9424546183740152,0.0
-4.311648269293488,166.1131009277074,1.0244873649003587,0.0
-3.5301632763101147,165.68296236350827,0.9414084011346542,0.0
-2.6736147184227805,165.66507443407855,0.9949371723084022,0.0
-3.9738510474638327,165.85288752988063,0.9620786614230827,0.0
-2.8423498423363793,165.9613134470729,1.0384837873500872,0.0
-1.6854372256346408,166.02328394816237,0.9420650321908074,0.0
-1.2696373257579214,165.94572181581205,1.0252357654164599,0.0
-0.974606429341693,165.10853961063737,0.8943659966250188,0.0
0.25162540078671647,164.48630383606806,1.0595775478005909,0.0
1.1605322300866525,163.939536435547,1.0198316833220993,0.0
1.4910931788584227,165.83589337229176,1.1356736830265393,0.0
2.410053141626915,166.2095519401027,0.9194631180434804,0.0
1.8282291141841283,166.51838833571566,0.9370239982397275,0.0
0.3144351106284138,167.57863020486374,0.8300703764256052,0.0
0.7510283956283671,167.92806805128532,0.960276968073926,0.0
1.687176180957061,168.34857330549684,1.1657771568662574,0.0
3.244034836070675,168.33421102143978,1.0111685651142541,0.0
4.097751393446684,168.57659346909765,0.9482697083466575,0.0
4.5516907042852175,168.63472723022065,1.0169528747076133,0.0
4.75012419890034,169.86010779640526,0.8840644398044087,0.0
5.0080225006513,170.7903802542054,1.00376895149727,0.0
3.81047305134557,172.48744114150477,0.9015921685505006,0.0
4.982362030433457,172.03088897246585,1.1599991031425834,0.0
5.242336389534666,172.34828328158824,0.9852027197501586,0.0
5.55533868727818,172.46261519881344,0.9221217947008891,0.0
5.6211024307584,171.35395418806633,0.867444316159955,0.0
5.87976225574033,171.6992013367037,0.9652414417336451,0.0
5.478759577303607,170.23405812296028,0.9459997795975282,0.0
5.3266370467955895,170.83477872187828,1.0970780186422922,0.0
5.6846965636407445,170.8647640897145,1.0041499044413447,0.0
7.112025682193777,170.52639321789167,1.062628335055721,0.0
8.85602245420313,171.43544886540172,0.9901123959848467,0.0
8.173092182093978,170.97305147964636,0.9039794257590135,0.0
9.232813070131222,170.9992037798457,1.0077772475572073,0.0
7.554720125757855,171.3879114307225,1.0248422057514706,0.0
8.364892560630718,172.31583107695684,0.8820740971154412,0.0
9.293189170962805,171.05789822126724,0.9364864053148535,0.0
10.17668608110344,173.51460633556835,1.0687586154353106,0.0
9.424395039724345,174.73610621631525,1.0389956055331897,0.0
10.329186220205834,175.61738564071658,0.9599205115432993,0.0
10.401425874875168,176.4891566438697,0.9727034213702991,0.0
10.089094474831628,176.17519074242495,1.0086763118341555,0.0
10.184606884454686,175.56358146657072,1.0354819514388665,0.0
10.688566132604345,176.4153380967397,1.0026169953429755,0.0
11.597314988932986,177.63088215499081,0.9031180021953731,0.0
11.484479691937118,177.76784318003578,1.0007203137458736,0.0
10.232928486633822,179.43957695445567,0.9322229294932991,0.0
9.697354666946174,178.23955144600203,1.1458958814367028,0.0
8.91977884244038,177.68958934203548,0.8880637439480961,0.0
9.497996953959522,177.2339245890667,1.0699802167928942,0.0
7.5637860175548415,177.44659748803963,0.9398893763087129,0.0
6.790572560001376,175.62804395193274,1.1463796372076083,0.0
6.684737365787751,175.91338996923363,1.1377647332182197,0.0
6.374357475646997,176.08966929218076,1.0237657884961722,0.0
7.1135524659634735,177.83344451085688,1.022771042950434,0.0
6.437635677545387,178.73736514621672,1.1283979821247658,0.0
7.587570913948129,178.54577040753244,1.0649259126883162,0.0
7.988310005884272,178.1648789538768,0.8709669599637986,0.0
6.530765179148667,178.83450249149254,1.0326557721968799,0.0
6.208860238355578,178.08761138988973,1.090641922017001,0.0
4.295773903558159,177.44684806897584,1.0250322562603043,0.0
3.429840044937694,178.67088370251957,0.9526675183028127,0.0
5.401870341471777,178.1448300621646,1.0854647876238017,0.0
3.9843495999288496,178.01282949104524,1.038759504601268,0.0
3.5745610222310975,176.76784625018436,0.8299401069971352,0.0
2.0944436433963345,175.24552292562979,1.2138403035167398,0.0
1.590236561510504,174.8537818580992,0.9410547646025406,0.0
2.679110583571534,175.78167390124622,0.9901347800249517,0.0
3.40955538202951,176.0713615717391,0.9457913527247724,0.0
3.2031575320869172,176.02151575402928,1.121926657193829,0.0
4.09735967696944,175.46369576787592,1.0024221272940603,0.0
4.937786241786223,174.87433254661397,1.0479505066235786,0.0
4.553850818565043,175.74226830862816,1.1194770793403432,0.0
3.8455953916521946,176.20657837868038,0.849362588192941,0.0
3.968725042504675,176.8616154500836,1.0317116303417206,0.0
3.09931546338925,177.82744478155627,0.9425349817066402,0.0
2.650655323542575,179.50723384591478,0.947857678802321,0.0
0.45914168703173575,179.16532555539513,0.8318598238146447,0.0
-0.6291245805913965,178.9275617983751,0.907633210022734,0.0
-1.1418204731673256,179.76136410058973,1.0180650889318434,0.0
-1.0276447387286454,180.9467280838335,0.9572781384583211,0.0
-0.06940137414896988,180.6081039079393,0.9862871219393837,0.0
-0.4578453661097025,181.67699022829004,1.1086883425301672,0.0
-1.5855963288892707,180.39518859096842,0.8664477768958769,0.0
-0.0406633757641246,180.6018274568166,1.0389546468075515,0.0
-0.8765022721326179,181.51593052248916,1.161254149183538,0.0
-0.641921042243699,181.25686351032908,1.0115837453333214,0.0
-1.8204070720703123,180.65161406730323,0.9269919837243754,0.0
-2.026131779046927,179.88799732747435,1.0125255306736602,0.0
-1.6232217278090866,179.6173826494471,1.03384447820965,0.0
-1.5396704454751142,179.48751764649373,0.9461059863898335,0.0
-0.7597006313930728,178.53704779127568,1.0618778676683198,0.0
0.30612620992065087,179.3384603717291,1.1394442908981077,0.0
-1.5225964108762609,179.47286332143412,1.0295957708062236,0.0
1.265086543872726,181.53400941964514,1.043852637184992,0.0
0.3175907658527804,181.03861779723567,0.9315578828234239,0.0
0.20514605514139594,181.4603031212655,1.0270954765713258,0.0
0.7047533868750181,179.89048269004667,0.8795807199828372,0.0
1.9859622863014137,178.93194417356838,1.0809900650220374,0.0
1.7899165948744016,179.6736189836172,1.041820207600777,0.0
1.6249024011875266,181.33862169837974,0.7985830572308626,0.0
1.7378797981800873,181.4292454888561,1.0463488891706518,0.0
1.7463723902134158,181.42968128237845,1.1319737098638665,0.0
2.0136224699298646,181.64195876453903,0.9170363233449971,0.0
1.2171072835747023,180.31135207310058,1.08025920590925,0.0
-0.05987502724563171,180.60221295253535,1.056532004047081,0.0
2.147890674198366,181.50618872112747,0.8985642974330454,0.0
1.2419435595236261,181.54784923775367,0.9130697123869346,0.0
-0.6358557745347162,181.98380558554092,0.9437134791986607,0.0
0.19351651707352618,182.053007729574,0.8938028137261971,0.0
2.327585543288251,181.89062646384912,0.9411084590542468,0.0
2.8014852061914355,182.7886755259635,1.102035058082538,0.0
3.5350863946123106,183.6089494994159,1.0548325626393131,0.0
3.5958124454762843,184.14967318080184,0.8491604245274986,0.0
3.59069299768672,183.08569877879404,1.0579142674580841,0.0
4.646014965313343,183.4252148510141,0.9256744710770578,0.0
4.449689740038405,183.42211172440355,0.9362383746171348,0.0
3.3814920282139984,182.9052980414916,0.991930510075861,0.0
2.5894627722885724,183.04447401322935,0.9525303422740944,0.0
2.8043262697522695,182.3461907257154,0.9433830280396485,0.0
3.217487634787134,182.8509806655107,0.9296539400740381,0.0
3.2074074253892637,182.10389292955472,1.0005556706648735,0.0
2.3285657195518272,182.76304017685092,1.0714656000683096,0.0
1.4704755562135363,181.744871434666,1.0483829582543138,0.0
2.213927847697457,183.06732375163864,1.0971686597090542,0.0
2.844060501744579,183.69943257319852,0.7732263050803757,0.0
3.7370729139286927,183.45690958103793,0.9475933992718174,0.0
4.41587302132067,182.72369830733737,1.1023782157099544,0.0
4.478529397707147,182.28358127278997,0.8922052464486279,0.0
4.918345437753406,181.9977708001784,0.8578779562022141,0.0
4.118102653352932,181.8064160524277,0.8460225030505204,0.0
6.001574778743095,182.12135443659395,1.0714507532879844,0.0
5.991441320342232,182.37473618059676,0.8451859922150735,0.0
4.307111978209278,181.94367285100452,0.9330623520901675,0.0
5.180093106848422,183.15954599589813,0.9261263544908809,0.0
5.169378299758928,182.26139732323168,0.8886776060112307,0.0
6.042558785192076,184.31830890638395,0.9015312714892065,0.0
5.561162200400002,183.23947552395134,0.9385512010790276,0.0
6.086396739548574,183.02877188086657,0.9628515235737363,0.0
6.8108415041428785,184.52532330039872,1.1585786034006076,0.0
7.175195594861553,185.13750783003786,0.9194769850900361,0.0
8.725692914560902,184.220715227021,0.9185654238992311,0.0
8.698554179907202,184.2649855001733,1.1488224209418356,0.0
8.928691410570112,184.67883970329845,1.059744462934495,0.0
7.772762221389649,183.03838246455322,1.1287520229861365,0.0
8.71328882502757,183.69182576087456,0.9798169596333692,0.0
8.990172722495382,182.23653162164922,0.9425736428936894,0.0
8.311276334110783,183.23849018354213,0.824409035101735,0.0
9.038460697485103,183.01295247846468,0.8820896169841117,0.0
8.045584920862487,182.0796896143089,0.7496628265318925,0.0
9.691452985228645,181.56730634896994,0.9381178244844159,0.0
9.516569026448451,181.34109451462376,1.0787742480368088,0.0
11.27981410237432,180.56458656428174,1.0423906833535859,0.0
11.007252021431054,180.29853996989246,0.7242646864677087,0.0
10.061338633002169,180.7934410096179,1.0795664822286244,0.0
11.283083732876737,177.83997665373275,0.941207919617443,0.0
11.674611771848847,178.12359350103938,0.9781225951863725,0.0
11.09738134777691,178.09799650247905,1.013277576451974,0.0
9.850746492508563,178.93908357741853,0.879793103102061,0.0
9.242482488199682,179.55190369439327,0.9546472307952214,0.0
9.486742586407374,179.0695638987167,0.9050503993069762,0.0
9.709875553071468,179.11167322842883,0.9715865137091195,0.0
8.572421498970021,179.7039616805061,1.0121006404550321,0.0
8.790764194122941,178.96306678093654,1.0286148276670752,0.0
7.661576866757168,178.70486736542028,0.8071667293312692,0.0
7.484143578538027,178.72639048537954,0.8317838608976725,0.0
8.345066388282383,177.93619403727334,1.0637972172743153,0.0
7.53637964150238,177.9473721929569,0.9976064502054273,0.0
8.649803525561865,178.9571205037411,0.9868352805655671,0.0
7.728547237952346,180.63413087166674,1.0240046349709502,0.0
6.10748115357672,179.1268155514435,0.984951071326054,0.0
7.267270078436883,179.4507266914718,1.100640292401271,0.0
7.644209547342896,180.37185311010785,0.8524015266404587,0.0
7.935342891011624,181.4763075691771,0.8399575931375259,0.0
5.670785306043256,181.2747134981884,0.9480641677159989,0.0
5.361620184250807,178.5786963286003,1.0633817484182966,0.0
5.640256397772633,178.51214927635098,1.0956479592311512,0.0
7.11695159936214,177.6700996625474,0.8927085504811648,0.0
7.521204325120422,178.5274941792231,0.9119256898133365,0.0
8.563487535227589,179.68584243017895,1.0111699340556242,0.0
9.126711637425654,178.34351412580486,0.914694840394219,0.0
9.357472487537722,178.7171469888614,1.0307806463871652,0.0
9.718902037012711,179.08719271503745,1.2363936271536713,0.0
8.190798791828657,180.3315877272093,1.0617575951684517,0.0
9.930319901366499,180.70894295160397,1.1207551944195984,0.0
8.929668654255064,180.8055308389402,0.9635545640262324,0.0
8.042686317748833,181.59152858842342,1.057361340827399,0.0
7.120639464644121,182.31594268165978,0.9934483750770536,0.0
5.341479392428211,183.9385503435096,0.9785063091719908,0.0
6.73017410707276,183.16613601697873,0.8914768102252866,0.0
7.858585117238325,183.8384952694031,1.017435578154448,0.0
7.988687503508795,184.193761885326,1.0238566686340684,0.0
7.791164272626815,184.7370201400399,1.0409353453963592,0.0
7.316698504018429,187.78808024817542,0.9277538179445155,0.0
7.135332739660357,186.724474361261,0.9733504675068597,0.0
8.76916424343056,184.58769234125762,0.942550295067228,0.0
8.082539090320884,186.0870858399813,1.0452487722751265,0.0
6.337668509019626,186.05860352790546,1.143389909322506,0.0
7.04338062847015,185.40115635129814,1.118658314852914,0.0
7.608818813601181,184.6716867879718,1.0760959946815982,0.0
5.912210952001749,185.40478124642533,0.7474107640133935,0.0
5.437275008709463,185.6279920464139,1.042129612956017,0.0
6.230953248769836,184.50211704314987,0.9246510337535937,0.0
7.538197002938724,184.57013308968993,1.0155412292699921,0.0
9.011985751154661,184.98442490426433,1.1159216196996313,0.0
10.082919265966522,183.53992150742266,1.0889074169921884,0.0
9.718124565515678,183.3816315750471,1.1277002111331054,0.0
10.761357312891215,182.84358544145456,1.032191474547227,0.0
9.71214202503149,183.3127220724212,0.8820996658616752,0.0
10.155159895524877,184.18901724323857,1.011517535473132,0.0
10.979371451068571,185.80167846972955,0.8941940966184979,0.0
12.428878567975469,187.22250537349714,0.9062900599530721,0.0
13.791806676573973,186.73009904193498,0.8662080683573088,0.0
12.83068210916311,188.22529487820802,1.0085162843390374,0.0
12.969347340142859,187.74528083696822,1.0291784069118342,0.0
13.468838804244244,188.19483137250245,1.034193232990367,0.0
12.667096105918587,189.12871260139386,1.2028515154350636,0.0
11.49303448319111,188.53156130642824,0.9228491947513623,0.0
10.950234225152457,188.96476709728861,1.0707712081303384,0.0
9.573955988234237,189.86051270042086,1.0310658550321845,0.0
9.724183606822454,190.23014298465435,1.0673474488739303,0.0
8.172403516781378,190.60663054398677,1.0963313429273496,0.0
8.032374154249457,190.18881167355127,0.9763723902660849,0.0
7.5489624042563666,190.83578208261568,1.08725262550829,0.0
9.158329362717287,191.30500180816807,0.8155251795442022,0.0
9.922877443403422,190.65698644827003,0.999661257019178,0.0
10.155624798784658,190.68539875815793,0.7212322737887056,0.0
10.40711954384136,189.32811286022886,1.0945643945328736,0.0
8.909070067396348,189.19423378060122,0.90939256759184,0.0
10.169431716009026,190.5120995145738,0.881939161284413,0.0
9.018526683648364,192.06332270808937,0.990612545560858,0.0
9.079883358497543,192.58623886012333,1.006534619151478,0.0
8.436346923370529,192.25306475974097,1.102418626818804,0.0
8.53049515834316,191.47966559940986,1.1683891776680457,0.0
9.307425086017663,189.97813035052312,0.9609156625316293,0.0
11.12233837066524,189.98665317053215,1.0945637813086306,0.0
9.605557472830009,189.4008749904017,0.8743240177892777,0.0
11.634509381659273,191.5020421840155,0.7970636630294812,0.0
10.62863365752072,191.71205886414745,1.0670459914450097,0.0
9.654648859381265,190.83856887488733,1.1633729602725538,0.0
10.923638193739455,191.8679752348796,1.0394442125952814,0.0
12.73882023640021,191.24984849541107,0.9543269504420611,0.0
14.294400317763216,190.07138167290088,0.7861663766683227,0.0
14.512246731965334,190.95216810300784,1.0020844745992727,0.0
14.932507269429298,192.1378499894763,1.034730394238109,0.0
14.47232843373201,190.78771701127954,0.9759289750493141,0.0
15.556686965812498,191.7963990545139,1.0579525721591305,0.0
16.023799907190252,191.56967400959567,1.0065737751638195,0.0
15.725692595261101,191.88926026789144,1.0556921828455446,0.0
16.84945276765944,192.88213623071786,0.9880575660241762,0.0
16.420369615610063,191.06440165302055,1.099574810659946,0.0
15.6158158890904,189.46749346347113,1.0123294330933652,0.0
15.334593171415182,188.36545234684522,1.106008174107899,0.0
16.23040051904661,188.36907147534404,1.1680706978161755,0.0
17.388935526339615,187.62650898261768,1.0741734085073085,0.0
18.880488760709135,188.96874648258571,1.2989822866204506,0.0
19.466793713760694,189.12822288287882,1.0423255667206728,0.0
18.635823037269535,190.70404034134265,1.0750237184017568,0.0
17.553906920655983,189.13707267728154,1.0074418006452668,0.0
19.35092796376607,188.884934396864,1.0468544484579092,0.0
18.689310071321852,188.26600918108505,1.0027086136384984,0.0
19.39117467139605,190.73053997859782,0.8365753427955794,0.0
17.62265221104903,190.78976134636684,0.9391016751652058,0.0
17.507472883392225,192.09915559928749,0.9405793246908304,0.0
15.72934597023602,193.6938051015052,0.9370028367564074,0.0
14.74905540328455,193.95155831291015,1.0924341811954823,0.0
13.219872733699066,194.38589022201,0.9449086022105307,0.0
13.32194900014825,193.84748835126098,1.0352979754024918,0.0
13.039593969225095,193.57780554135633,0.9109303639972571,0.0
11.270333037347665,192.94260136202644,1.045393944139361,0.0
10.132629180110715,190.7510182744074,0.9385489655427164,0.0
10.088540466622575,192.06896030641295,0.9350458410500061,0.0
10.081418598651998,190.9877643950351,0.8678533238765038,0.0
8.294954605850412,192.4939439739055,0.9817686382436875,0.0
9.169328665360089,191.17315592789188,1.0376170506489644,0.0
8.04177396139484,190.8089939725084,1.0116396988022043,0.0
6.714351571169855,188.72059784525575,0.9087645951262358,0.0
5.7127539464453,187.75085953267086,0.9611849349820313,0.0
3.8326647843741313,188.1922168780169,0.7770772231796264,0.0
2.1221787380610984,187.91088696131806,1.1174190158530761,0.0
2.035558222384297,186.22305457233128,0.8832739876185071,0.0
3.752282165140742,184.77601918403636,1.0851998203629807,0.0
4.347624799061635,183.66145277292142,0.9385801860280258,0.0
6.7321314285165545,182.19800920951067,0.8657014636008278,0.0
5.5927513063609435,181.20575711799833,1.215898978123287,0.0
6.808738115627573,180.54812331579657,1.0623249009759952,0.0
6.524090594463149,178.5622106876778,0.8586614986655288,0.0
7.53011814238234,178.71721165470444,1.17175756103461,0.0
8.61199200576241,179.72703866180015,1.01188351556892,0.0
9.267383976064652,178.9910568172087,0.8143773165801447,0.0
8.857094409444297,179.7368495025595,1.1261892315106068,0.0
9.929702179921735,180.27250086215545,0.9444104513742377,0.0
10.116644985797292,179.19251073947913,1.0319753399590987,0.0
10.3337873324515,179.78872631849543,0.8928267454326071,0.0
10.091435942305043,179.38631441917963,1.0184390427692358,0.0
9.976524821596026,178.7100895856985,1.0722486138436806,0.0
11.532309744308456,179.9140544698938,1.154439782812691,0.0
8.683015551232625,180.32410054629895,1.1588151176189445,0.0
8.76144916106136,181.95305167315271,0.9464831357335372,0.0
8.85827446676874,182.83520037407212,1.0090016580816759,0.0
7.689723947685051,183.0158547191665,1.017025031387783,0.0
6.421976269315341,183.79130142083136,0.9833870388205314,0.0
5.826926662228034,185.07794835712488,0.9579222584608905,0.0
5.557344570674875,185.09335123932226,0.9595033658501874,0.0
3.864761920476366,185.6291065923556,0.9420930918777758,0.0
1.7097311275970444,185.01973149011454,0.9628485897153027,0.0
2.8266199871984155,184.85876347280765,0.8464536486864171,0.0
2.8630778057066504,185.46025686628064,1.1487785148473861,0.0
2.2485114823107195,185.88088736587855,1.1035963389627963,0.0
1.7099744220799034,187.9264118384268,1.0528821701067281,0.0
3.482263636235561,188.8131437125219,0.8335907957271724,0.0
3.786307588170055,187.17338927150965,0.9573327326845217,0.0
5.1633069019527085,185.7344464915268,1.0470550432855263,0.0
5.756003878363291,185.95252652143307,0.865560111817493,0.0
6.9526224049484195,185.87625682236234,0.8136942284284787,0.0
8.52598856742372,185.67788141916344,0.8863709952971874,0.0
7.167536884860642,185.62959092115423,1.029181088383615,0.0
6.736490812934553,186.40077876599287,0.975678177219495,0.0
4.989888940960949,186.37496599716764,0.8303097838559059,0.0
5.099830545784184,185.9776384773523,0.8060445202646139,0.0
5.926000608001732,186.4395514450555,0.8902728052046375,0.0
5.539224276253782,186.58566552849737,0.8980324454180283,0.0
6.325726290627583,185.26810191856606,0.9979059130690077,0.0
6.022314823242595,184.87728413661026,0.9899825360668725,0.0
4.57360320585153,183.79011475931824,0.9842326834837846,0.0
5.725048060746696,182.66743229198224,0.97008491967641,0.0
6.455794364769062,182.5958336385558,1.109840794951599,0.0
5.698281138250247,182.96878927882543,0.8835475414860906,0.0
6.869905320813798,184.1143725741103,1.0724275537073307,0.0
7.760709695684249,184.24717325971739,1.080158072787659,0.0
8.110311226245146,185.50344058900527,1.13061678208389,0.0
6.828360853180368,186.94855456815543,0.9693770169585293,0.0
8.264673717842983,188.00127225261875,1.0094340566256128,0.0
6.221298515316591,185.28339267705937,1.135494010028623,0.0
6.700509931220065,185.22428210424553,1.1401155180114457,0.0
5.849832367077867,184.58930687303732,0.8413326756079852,0.0
5.14966958980234,184.972535368743,1.1066212728413425,0.0
6.096050167642967,183.89912719288986,0.9670563726132255,0.0
6.540683119148729,184.56030747626764,1.0348195823854063,0.0
7.095368291252447,185.47738514792164,0.9308124993710208,0.0
6.412463256538193,185.0671920505895,1.0403788566600785,0.0
8.936092666813787,185.477306914647,0.9580779914492613,0.0
7.668148301839658,186.42485998764926,0.9985494302019435,0.0
6.9339890700903855,186.26020483823123,0.9594408716307048,0.0
7.639314651266292,184.7374968099797,1.011321565924806,0.0
8.733586903002859,184.4839492599046,0.9195571407301374,0.0
8.024131099130981,184.94829498074557,1.0419528620309562,0.0
6.356431697296369,184.2840045224511,0.9572284498579087,0.0
6.037714959973996,184.1435724156827,0.9733268806135135,0.0
6.434288235597658,184.62460592765873,0.9631645198900489,0.0
6.739935821123736,185.42206046877544,0.9485305539072856,0.0
4.4536641713724805,187.4140511329998,0.9308151112635118,0.0
3.570708320652862,187.94683471399605,1.0939698739512542,0.0
3.3171501259244534,186.94530908960252,1.0255592061764471,0.0
1.8850067341279169,185.34248284314998,0.9500047032300655,0.0
1.529321806307507,185.6443347446977,0.9336447680417885,0.0
2.9288331200107445,184.82640147773023,1.0607159750165625,0.0
4.617118810080718,185.7218944379914,1.0270580373301208,0.0
5.041344194240897,184.26653489848496,0.9524103452133876,0.0
4.0311583789667775,184.59580841163458,0.927276870924755,0.0
2.876792920089999,186.15373975129924,0.9716582501926004,0.0
1.4623978787224825,183.21800206454745,1.0430183726287203,0.0
2.8562629312158436,182.82394720893987,1.123854149579772,0.0
4.34845130975749,183.59623160004648,1.0164155354126043,0.0
2.945867649737085,183.90555392046616,0.7003469418338713,0.0
1.8164438391715931,184.34839772774197,1.0277196374265054,0.0
0.9968240551263428,184.9930636123978,1.0291576038110846,0.0
0.6673100553732836,187.35195706047637,1.091549885761722,0.0
0.27969604173398,186.9276988929952,0.9515385884405209,0.0
1.5741118960152132,187.91623686365384,1.0995227678421353,0.0
1.8873542815013238,188.6369164989014,1.1046778249341584,0.0
1.9970538243491922,189.83813006829533,1.0325531387963194,0.0
2.6375435691797158,189.47235373235281,1.0761746075930538,0.0
3.083504984309303,191.347552852816,0.9682851017256603,0.0
3.279825977727304,192.89697628774303,1.1686191868759173,0.0
1.7996512602870904,194.12141657479287,1.118146679070181,0.0
0.7959499281308176,194.81868133154944,0.895042468501978,0.0
-0.6276832774783725,193.73905603731376,1.109435571111782,0.0
-3.3445961045841917,193.975233385675,1.0269167117336675,0.0
-3.3058553414836083,194.74060136088173,0.8542501789275411,0.0
-3.598402885133209,195.49262090121138,0.9769153231704685,0.0
-4.669892208992463,196.09602660807946,1.0959264728268503,0.0
-5.982206595731602,195.671537661942,0.9916390354413679,0.0
-6.135236763794262,195.5899031331971,1.0701280486215161,0.0
-7.532662285567394,197.45384391991053,1.0703464897000643,0.0
-9.212292967293726,196.45294713582715,0.9512050470111082,0.0
-9.396833172195757,196.64699809009298,0.9809424682133026,0.0
-8.73822803654173,195.37578877584448,1.1425201950133452,0.0
-10.3123636294022,196.1247634581182,1.1260594438865006,0.0
-10.539211727107036,198.02662011620234,0.9988211040942322,0.0
-11.007591715259654,197.16337133703908,1.0256893818040014,0.0
-10.725503666877302,197.87256133860348,0.8974151894045856,0.0
-10.075779526936026,197.7381152316045,1.0144825960063688,0.0
-8.61789231671364,197.21785043065245,0.8305111979187547,0.0
-9.573679255329063,196.24580051177006,0.7187226195163263,0.0
-9.557104705208896,198.33167535350216,1.0355567629019542,0.0
-9.433252229744292,197.61291328297918,1.0076610043191603,0.0
-9.911638630042086,198.24207456128846,1.1657597482846376,0.0
-10.642453540385192,196.14502645342634,1.2026826221706535,0.0
-10.607061633705351,199.030701594468,0.8670226078219235,0.0
-12.623569642127809,200.89861348178485,0.8294220871112181,0.0
-11.865084750798212,200.51064545264083,0.9529759832629653,0.0
-10.819039124593026,199.63582900204753,1.140965045314118,0.0
-10.97420438149397,199.64464994563167,0.9809890625843325,0.0
-8.84541916835198,201.9812069171882,0.9240320192331803,0.0
-9.165040573518267,201.49263359764666,0.8893891944514016,0.0
-9.44226346179831,202.69524360458598,1.084885531320307,0.0
-10.676446635425394,200.0319276787998,1.2070579619447226,0.0
-9.244114970356897,199.26449890153208,1.1652079729766243,0.0
-8.036945167219681,201.0620250182659,1.0556250025292815,0.0
-7.542745516525407,201.2260527728869,1.0198678819833324,0.0
-6.6188276647263224,201.57911794842568,0.9108761531669848,0.0
-5.005980151623219,201.62351713552982,1.152889305703781,0.0
-5.134251695440084,202.11341425416182,0.9881570765426383,0.0
-7.349021734634852,202.80869519814217,1.0783870191248448,0.0
-7.263915816104838,203.6907073081416,1.106871555410682,0.0
-6.822031462025805,203.96486588318157,0.9473030172734759,0.0
-6.764642975937305,203.81496810243584,1.0262889647556743,0.0
-7.648583793181869,203.68305675140965,0.921320543339732,0.0
-9.574309354804626,203.03835277868666,1.0331505366315739,0.0
-9.671113206299928,202.76642298015554,0.8358478435915784,0.0
-10.30432431670037,204.77322551500208,1.2090609485979094,0.0
-11.654210760245084,206.36664882862212,1.1072476970681158,0.0
-11.6742639374381,204.28909172155562,0.9536850436183134,0.0
-11.555042544530366,205.58414110397763,1.0986928831039615,0.0
-10.914660062847664,205.44554629951585,0.8524862130710964,0.0
-12.271366834005917,206.05303128726868,1.1351764407859355,0.0
-12.76955728001732,206.23562897045255,0.828852675928471,0.0
-13.527559157019928,205.1932634223314,0.9114256566096458,0.0
-14.572316885544373,205.22393909081364,1.038108311952206,0.0
-14.369562435500537,206.07055141130164,1.0967246370654204,0.0
-14.885173938715456,206.59999720907047,0.9622637003896513,0.0
-16.41423810142622,205.94301773140447,0.9794376646022803,0.0
-16.198755361537863,205.5410021506963,1.0454970452831123,0.0
-15.972714998022319,205.5694921482233,1.105368161500302,0.0
-15.708945663917023,207.1597825872412,0.8927566408484663,0.0
-15.876596547468761,205.7957799101428,0.9209040860741454,0.0
-14.895982086689655,205.50144905841546,0.9709993494677442,0.0
-14.982177677626684,206.15317654024534,1.0886580993821218,0.0
-14.908433000320304,206.9466743335753,0.9478477017752228,0.0
-15.447693755868194,206.8634494666127,0.9721369343790822,0.0
-13.924546930363741,207.27008022196884,1.2011240243358068,0.0
-14.920005957784946,207.48067669946667,1.02913227192256,0.0
-16.27548183819115,207.0281121076247,0.9826160331850169,0.0
-15.536088121566003,208.0936950729248,1.1465265443562702,0.0
-13.379901275782009,207.24341050426702,1.0755691135111953,0.0
-13.363825853878991,207.04580106718228,0.8235512808604961,0.0
-12.991952794239738,209.73454028860138,1.1565122223025022,0.0
-13.879625089362015,209.87045874354388,0.7574759196174485,0.0
-14.590840563967285,208.84775057258489,1.0496444916902603,0.0
-15.349083127275113,208.25533355145808,1.044161188797419,0.0
-14.961762283224651,208.91106242564405,0.8742414541147793,0.0
-14.481470629417288,208.40422753848335,0.9613372087326445,0.0
-14.781454943987491,208.84502943753736,0.7711093793079583,0.0
-15.495993276288408,208.85184906015297,0.9626900233160024,0.0
-15.780510115644184,209.96183527152283,0.818889228983373,0.0
-16.812863120250114,209.7326118727279,0.9118181955203399,0.0
-17.18291834581596,208.0417492816146,0.9325265874682583,0.0
-18.00910044801319,208.71956162514226,1.0056708167153516,0.0
-17.647108995627875,209.39061204301618,1.079079505288532,0.0
-17.89705512271666,209.9180414242129,1.0783751692696553,0.0
-18.256386849728635,209.0475496520109,0.9657881146947199,0.0
-17.050024078611333,209.28515919529252,1.086840504567747,0.0
-17.47467925546189,210.57085430973686,0.9394831015804302,0.0
-15.933606217503092,210.31851880295366,0.9350985374288093,0.0
-16.651712645285855,212.37846565999286,1.033185105631454,0.0
-16.636657397020574,212.0716734574961,1.025931139736732,0.0
-15.151009967326399,212.5314467215058,0.9520681437754724,0.0
-15.427395345236462,212.38053837097078,0.9644455943059304,0.0
-15.42402777808919,212.0428870890283,1.0989034308819159,0.0
-15.481171294996704,210.17322069339315,1.0073905454152465,0.0
-15.594486597383334,210.75225880508532,0.999594266237142,0.0
-14.59677150619148,211.4933481805711,0.9969432151150865,0.0
-14.078975727191828,211.05939629852531,0.700075198207881,0.0
-15.125361616052967,211.35451977449563,1.056043565690229,0.0
-13.941357093431687,210.80114569579158,1.1223902247679938,0.0
-15.222512173213948,211.14628631524545,1.217221657361687,0.0
-17.197718766253857,210.99118817264394,0.7650643898290339,0.0
-16.780533148473417,211.25328827948618,1.0321607820959728,0.0
-17.876976874825182,210.0869338887504,0.998433932225985,0.0
-18.28665123210897,211.5098843394775,0.9669304450999028,0.0
-18.21683028169584,213.34895259753938,0.8710942071423612,0.0
-18.979304743011088,212.05269873414358,1.1039127248349467,0.0
-18.93196626405041,211.88619985139093,1.2063673610462151,0.0
-19.467132061709698,212.0274312536653,1.0481367858103747,0.0
-19.88982846139931,213.51797004229303,0.9439612685584311,0.0
-20.80194048123453,213.38528133595278,1.0257986843231919,0.0
-22.330654671336042,213.02901538545987,0.9135450698125405,0.0
-20.89283195340243,213.72750064251872,1.0315163702235108,0.0
-20.97474685816554,213.94687284139593,0.868347976302643,0.0
-19.75715494620385,214.2878366845108,1.031116297110584,0.0
-20.115491210096998,214.60386393611554,1.0452316347289596,0.0
-19.97021562775028,215.46897605978927,1.2760115350587127,0.0
-17.943910634770972,216.53576043907645,1.1407313995893886,0.0
-17.378316462825747,216.91097511492487,1.11004598758622,0.0
-17.57824639184379,216.68801712238601,0.9470540814648447,0.0
-18.579233899935883,216.78451607862132,0.8703722205738074,0.0
-18.950813893550375,217.59289957620118,1.1333591045695615,0.0
-18.247354507147605,216.87582658874442,1.2616366425061671,0.0
-17.607375140334334,217.79961966916133,0.9918431312391902,0.0
-19.34653356817071,218.67751898387348,0.8285430934033196,0.0
-19.285407268239624,217.9435082343275,0.8900561815775452,0.0
-21.746255892166523,218.38113983548274,1.064817261168882,0.0
-22.369158634920446,218.6269079846315,0.8267383859506975,0.0
-22.310475152245328,218.88248145887934,1.0558203871121605,0.0
-22.871492756990804,218.86660474531408,1.049689194859372,0.0
-20.50008654382453,218.6691897265396,1.0587534431608292,0.0
-21.95596408533723,218.59563644053404,1.213088160006923,0.0
-22.04393744763994,219.24293931448463,0.9855868362729066,0.0
-23.173148344162055,218.4841486619193,1.1171821621933524,0.0
-21.574873670032705,218.69149476142672,1.0582125560241389,0.0
-20.470632475603768,218.5442219880319,0.8281402811936011,0.0
-19.771755604853965,219.43804185087922,1.068371918601737,0.0
-20.844005653210015,216.78959509098078,1.1978572499155449,0.0
-21.37316657750286,215.27442343984393,0.861232907113376,0.0
-20.843283265014968,213.74904310043834,1.1921881092020254,0.0
-20.39611235942572,216.17867640249952,0.9002804689481517,0.0
-20.28333593406913,215.29560595529347,1.0571871355906863,0.0
-20.939017251512265,216.1471911854202,1.144800337507827,0.0
-21.64712916910853,216.45804809834056,0.9117849669434317,0.0
-22.01977156222004,216.4736665246612,1.077040424305623,0.0
-21.501664300536532,217.3839519636262,0.8132575738085341,0.0
-21.711604880569343,217.24711106892363,0.9406737850082104,0.0
-21.029474267757852,217.35341681138192,1.0707389811358459,0.0
-21.0796957292214,216.17863635487439,1.0686266128783009,0.0
-20.79344917440178,218.26587140428245,1.1612281079289277,0.0
-22.203775663307344,218.277960763608,1.1337070256796196,0.0
-21.71194048992141,217.75175387628636,1.0840094902510822,0.0
-21.72747270763054,218.59975482404408,1.0909699044870997,0.0
-20.348865854472955,218.2624848996313,0.7107070587467177,0.0
-19.701269663188445,218.26706555998751,0.9806395993627572,0.0
-18.021980297440273,219.2299974061329,1.029521684873581,0.0
-18.090736071031312,219.54437238624652,0.8606132672787088,0.0
-17.73301196547761,220.93314205173405,1.137681922932718,0.0
-18.805720853837734,222.543612314027,1.1114906799599393,0.0
-18.250345138718988,223.05915825688277,0.9026846660120232,0.0
-17.51784839826802,220.74205340773102,1.0601477765352896,0.0
-15.55009377977529,221.16951047310152,0.97220343324761,0.0
-15.12561371516752,221.56145309226258,0.9933941147947188,0.0
-15.881337347034133,221.59910184906147,1.136381820995769,0.0
-16.83278881901631,220.4848159329022,0.947223712781987,0.0
-17.712917798892526,220.37271542556527,0.8264042627340437,0.0
-17.922347267664417,220.66211738213696,0.9094372909020254,0.0
-18.58506179653551,219.36708948908472,0.9877689823266135,0.0
-18.689761350787858,220.9887264050855,1.0616596640772626,0.0
-18.06021969324505,220.66849495472903,0.9261323517874234,0.0
-18.542042702129198,222.25973454750104,0.9208931249907425,0.0
-19.667314944083365,222.56986634802402,1.0710163338142074,0.0
-18.393454796593705,223.7385092782189,0.990203838248799,0.0
-17.11483422224647,224.5983986994588,0.8175090420011522,0.0
-17.311118018980295,225.0497655000002,1.0458920348408889,0.0
-18.228914227502838,226.7380471240132,0.8443063774273668,0.0
-18.50332208003838,226.84135286323087,1.031395590097738,0.0
-18.77083140128834,224.96858577794265,1.0830744182667897,0.0
-17.349282336365757,225.54577709619377,0.9360993045334155,0.0
-16.95751571587097,225.94551829053893,1.089090989627654,0.0
-15.896656458893816,225.70724833704986,1.0464674799865505,0.0
-15.494792537053378,224.81393502494407,0.9380811806117378,0.0
-15.973462482672407,223.12266596021755,1.1391123147740465,0.0
-15.869122542839323,224.36292199444094,1.1424402887470078,0.0
-15.516114938047256,226.211727006221,0.8248461762299404,0.0
-14.100292382554866,226.81393860665605,1.0496471307254527,0.0
-14.256326663266094,226.72953807735553,0.9398934548236288,0.0
-16.175599805159692,226.1235142907002,0.9702837060239878,0.0
-16.10378475729145,227.38083297338056,0.933407310110355,0.0
-16.383953142281317,228.68193753050429,1.0972582801781328,0.0
-17.284750890427375,227.8218372479475,0.846256386180422,0.0
-17.310514481845548,229.0503043232961,0.8497153620257281,0.0
-17.028553753812375,228.31371471497806,1.0110147316205715,0.0
-15.257022903539145,228.23698912730646,1.0595642074953147,0.0
-16.53209221240665,227.25497382089264,1.1278683518476753,0.0
-15.21920833800623,225.80710933360993,0.7781121739365542,0.0
-13.250275962439783,224.85215207984933,1.077104485149875,0.0
-13.617979586253176,224.73258644733187,0.9541276197876127,0.0
-14.713592658082538,224.0525445772466,1.0473310223641736,0.0
-14.233204809854696,224.37393821792242,1.055780540875878,0.0
-15.010603273391764,223.96435927477611,1.1077185115387107,0.0
-14.522934249265669,224.07495519475793,0.8747297960530059,0.0
-15.477105943254715,223.41165834618485,1.0194405737235888,0.0
-15.542278480121638,223.972535050943,0.8254164682039319,0.0
-16.278544120033732,222.89056337837573,0.9254408682113493,0.0
-14.510735385849664,222.78365755898116,0.7322944125069117,0.0
-14.553650156017289,222.85814425657327,1.2060776272830898,0.0
-15.239681557974361,222.19794426811998,0.9554112618847639,0.0
-14.90696448844416,222.62865204148093,0.8409643893680225,0.0
-14.443755518376957,221.68217916448543,0.992672607210058,0.0
-15.034428367803816,222.98523544789805,1.0213445524686149,0.0
-15.444523790888717,222.61267883525238,0.7400761876321709,0.0
-15.113239021301126,222.74206367566472,1.0655624778550348,0.0
-15.440310589045106,223.95668983598034,0.736366643873285,0.0
-16.276694995850928,223.2581633096765,0.9560518055464009,0.0
-16.05325213894839,225.30021074628274,0.9688305248582321,0.0
-16.100402638639476,225.6760267986475,0.8772802132909142,0.0
-15.334310188274708,226.32739597209633,1.1793619805454914,0.0
-15.195529912122865,225.7148087130006,0.9580505225528764,0.0
-14.319361139655653,225.22077968697448,0.9730848125126349,0.0
-14.257472786397152,226.90007475923855,1.1462367028479337,0.0
-13.118442671734742,226.28777175973934,1.011568155024897,0.0
-12.826264971493575,226.26051814481224,0.90878273751323,0.0
-13.511744179163431,224.18155202855513,0.9307194856487983,0.0
-13.479379586502608,224.4417932137478,0.8490637811013494,0.0
-13.233270001370688,224.3131402142598,0.8146008661461468,0.0
-12.607330078169742,224.21220814226191,1.0898094687050002,0.0
-13.805502558021608,223.7517143698527,1.0409749755167828,0.0
-14.860326886140232,225.2433445634563,0.9227274823905557,0.0
-13.572440819969023,225.18928231922231,0.8845618765578418,0.0
-12.984332464547714,224.94246729050639,1.2242279025551863,0.0
-14.140337911074162,225.82840391331268,1.1207627858096192,0.0
-14.664401259922649,226.66522972267032,0.8994708576860021,0.0
-13.577951767721576,226.5046923701693,1.130342317265415,0.0
-14.625058827545825,224.17584007352644,1.013302479128893,0.0
-14.807537076029123,223.897104338086,0.8370182974215195,0.0
-14.012752809896172,225.28330063759864,1.021968328855288,0.0
-15.24832731039252,225.57448790172762,0.8095207712423675,0.0
-16.23082903663564,225.7882590789399,0.8847886196261369,0.0
-15.762322364929224,226.35797623063687,0.8217953411855036,0.0
-16.64337096113955,226.22071024413125,1.00061913986371,0.0
-17.899432208564686,225.67167576122228,1.117109268423966,0.0
-19.443911393865097,226.10044116036767,1.0380312068492301,0.0
-21.17568610188626,227.8699749965807,1.0886952066484046,0.0
-18.915150437502607,226.37295748914403,1.090999017165936,0.0
-16.945442488614415,226.05822974506128,1.0000856855398845,0.0
-15.579087361359582,225.49317445065446,1.0140483269398253,0.0
-13.78182246209726,225.0986121876792,1.1545256377814517,0.0
-13.100199551690766,223.66227575186275,0.9472370375176751,0.0
-12.459928792491901,222.42946492558735,0.8928468404592433,0.0
-11.847847141846279,221.81845969501856,0.9257969763943094,0.0
-11.379059935271515,222.81718083648576,0.903912407732371,0.0
-10.828236874887798,222.61110049878886,0.9591387986213454,0.0
-10.417020819145002,223.40726854306757,1.1331538678526967,0.0
-8.00972150902183,221.92293739818922,1.0306699025004167,0.0
-9.40704314863579,220.53935610472942,0.9068071059526184,0.0
-9.755447354471821,221.89148103576053,0.8697344298165698,0.0
-9.673568673906932,223.33443805647514,1.0477587662566394,0.0
-9.790800309219824,222.7744567819395,0.8237394150905334,0.0
-11.080776442497951,224.2695575784678,1.0838752227581263,0.0
-10.803797749982095,224.79875241752458,0.8849818081930543,0.0
-9.147891166002108,224.41392331604226,1.084608854455699,0.0
-8.924244189648318,224.92986930817833,0.9697181433149737,0.0
-7.833133190494057,224.3507210152737,1.102869544878999,0.0
-7.866588743332948,224.14982656275598,0.9395387833602407,0.0
-7.388925654360663,224.94316942479054,1.114285944096726,0.0
-9.808574892601712,224.75959078518244,0.9678965507627677,0.0
-8.979879636722767,226.11690288259518,0.9300561947215231,0.0
-8.43412167671685,225.81770459890478,1.0257538037426557,0.0
-8.808311980335741,223.69171602391197,1.242743255881504,0.0
-7.553542456544685,222.4118124179471,0.9485142944150308,0.0
-8.272175937917103,221.9510884099351,1.0508095656501812,0.0
-8.874415491613785,219.470026479867,1.0691029803444743,0.0
-10.291002827506334,218.58616806336738,0.8951515591656962,0.0
-9.251442616127795,217.60722283736334,1.0187307615258023,0.0
-8.245974167388486,216.86757364229874,0.9129191226608732,0.0
-7.174702769474983,216.4119564789766,0.9020530090827323,0.0
-7.173000035275902,216.37197406309588,1.1611454703184432,0.0
-6.540907557802472,216.5463046975999,1.1337848352820752,0.0
-6.119419489229473,217.72352238331075,0.959700740430534,0.0
-7.30355762960696,216.9871208801457,0.8483861731824485,0.0
-7.126707497934706,217.36026705963988,1.056972004929926,0.0
-6.06799382048112,217.96177348693266,1.0932108600406087,0.0
-4.695793923809039,216.55856254839966,0.7933290011525508,0.0
-4.918323461471367,217.0492647683333,1.0714550519752732,0.0
-3.819278976553331,215.5147844877072,0.9493213909915128,0.0
-4.471376116331653,216.44768531879538,1.0479071016687633,0.0
-4.415898798629004,216.29363151671762,0.9217636143175902,0.0
-3.832584258884931,216.9956593416416,0.9921067031851911,0.0
-3.487357756569298,217.60726402717623,1.0476341808962981,0.0
-2.7097635320140623,218.61143007297397,0.7885185592006583,0.0
-2.2172824818538155,217.04386926511302,0.9567915644442601,0.0
-2.977817080373217,215.18663828848824,0.912327209772594,0.0
-2.061606125770237,214.59083399917367,0.9290728167209295,0.0
-3.5218750350631027,213.1470438373668,1.0213608514774135,0.0
-3.821136763175848,213.37013317252914,0.9731057127170226,0.0
-3.9724737804038512,214.96866874331025,1.0010558942080674,0.0
-5.626283278531053,213.75378216823572,0.9924048741294135,0.0
-5.592759570089323,212.52430644467518,0.9490382259835171,0.0
-4.729410253636623,213.94415267036192,0.9264310931494378,0.0
-4.6285550050072635,211.40215785504142,0.9828471335660892,0.0
-5.082419487286415,211.3963376189099,1.1259139116917878,0.0
-5.525833057292697,212.20253742943612,0.9153645605809085,0.0
-4.9184526298167714,212.62497581474486,0.9337476844801601,0.0
-5.008894818791522,212.16384496989255,0.8343408154179798,0.0
-4.523190188538265,211.06389333559815,1.020713827275598,0.0
-5.1095135869918265,212.1832973469564,1.1088415579501125,0.0
-5.34893616245114,209.91777513575963,0.9536492687554406,0.0
-5.063114545986707,211.32424164659614,1.1348355631503606,0.0
-2.9207512033317147,211.07546746756856,0.8878457548791148,0.0
-3.5971720896878865,211.3156252092299,1.1816475725875488,0.0
-3.9820838703650145,211.62205200260968,0.903910124077703,0.0
-4.045396596281066,211.91052251833298,0.9613832247518068,0.0
-5.286787751712172,212.4646061691723,1.0324694745952454,0.0
-5.457656529831818,210.57770358828844,0.9661370246765885,0.0
-3.57855061301262,211.3995875282813,0.943627228091894,0.0
-2.860990266995091,212.3963162981593,0.9532335681351592,0.0
-1.409015267511439,211.83402910092516,0.8083797291034733,0.0
-1.2663880414154656,210.87259670093206,0.9718328439878251,0.0
-1.3986602820649776,211.32232883735827,0.9799072640495357,0.0
-1.881884427222189,210.0014206376855,1.0210882461373276,0.0
-2.6249504064628226,208.12943258025805,1.017038932795863,0.0
-1.3570670122932476,208.41171439083624,1.0695775380819106,0.0
-2.1058371469854613,207.95100012402995,0.7994542494680126,0.0
-2.912464912210397,207.77374656628848,0.973942828878214,0.0
-0.9134502455775535,209.41797437615182,1.0678580318266377,0.0
-1.381789351159238,209.01586757156542,0.9345177593344852,0.0
-1.7833787329083843,208.7051007486421,0.9553058732864366,0.0
-1.7653061230069433,208.8372632757638,0.990857233755143,0.0
-3.586507535841098,209.912802754939,1.0730023872660537,0.0
-3.0060134879442137,211.45935794288002,0.9684128700052745,0.0
-4.0651244262194615,210.27816847754008,1.08375777944009,0.0
-4.717196633350532,208.67992876973724,1.0640371730464069,0.0
-4.758563701843066,208.98612991161554,0.991606457170031,0.0
-4.124349316667944,209.11550521652157,0.8865019963002992,0.0
-2.95853993378216,210.0635393214238,0.979827100868337,0.0
-3.0657164299944695,210.75343888146273,1.0088640149955865,0.0
-2.3383083833105633,210.03413231202433,0.7858751331533791,0.0
-1.8045521387532104,210.09385399597775,1.0311721742118902,0.0
-1.6015875691938508,210.3808293199689,1.092469621444662,0.0
-3.786190809149887,211.75813660684398,0.9940173910810411,0.0
-4.189685759396699,212.12468716277453,1.0539056017449027,0.0
-4.647118465524749,213.04404646087727,1.2261196750776109,0.0
-3.842366947671096,215.2074472598213,0.9814421437103242,0.0
-5.158755367667853,215.98308072430763,1.084942902824178,0.0
-3.323742828850526,215.6067280214364,1.0587087865171414,0.0
-3.4000809486793875,215.88823967604074,1.1304119855847745,0.0
-3.908785204073906,216.84670207618348,0.8162038287046542,0.0
-4.975289863634809,217.15618362482246,0.9056634910470669,0.0
-4.454358989355693,218.4752333913335,1.1127767182354704,0.0
-4.895093976483047,219.31456473907954,1.0132152018950367,0.0
-4.828427418001939,219.11896712836236,1.071141027787713,0.0
-5.310326363708209,219.3164045173253,1.0940364117968335,0.0
-5.075279476838547,220.24128591899864,1.0350988063837798,0.0
-6.159091886517073,218.87234877763413,1.1155339891041547,0.0
-5.198859845478372,217.5886549474871,0.9852211128082129,0.0
-5.609187387104148,216.71867797783648,1.0187403793934944,0.0
-5.707351059832073,217.02744947220143,1.1069827297295443,0.0
-4.624502368360679,217.5284652790157,0.9469577188965784,0.0
-3.9361948286903123,216.15856941929908,0.9787447760155776,0.0
-3.5028747095033252,216.6586064210075,1.1304731477927215,0.0
-4.400872066597252,216.25827395546878,0.8805599496200767,0.0
-4.624594301647814,216.4408487973283,1.0084241895885397,0.0
-5.559818080091867,214.68733961881793,0.9114944055936047,0.0
-5.448197105436367,214.52801449705422,1.0360782955260408,0.0
-7.221314476228245,213.7179033814876,0.9474142012633955,0.0
-8.101793134050784,211.8711231895603,1.128260281822249,0.0
-7.204198793491051,210.69668601984262,0.9964705817096682,0.0
-7.886256664635687,211.14066958685476,1.1114387264478145,0.0
-5.605691868262694,209.59930316686592,1.0011910293368442,0.0
-5.700506762472051,209.35723293072547,1.0263964329526423,0.0
-5.274365474512414,209.83168990197515,0.9528634832912946,0.0
-5.457063809056434,210.38828677380528,1.0413314318301792,0.0
-6.0189932730099205,209.8486336623449,1.0596374312236165,0.0
-5.725120092420082,208.10021800313666,1.0166662473600883,0.0
-6.122738548895871,208.40735049890083,1.0961145036701083,0.0
-6.522819402684784,208.00104614298246,0.9126905894970432,0.0
-7.320884222714266,208.65523612325822,0.9169680200714234,0.0
-7.918973447876222,208.8748583781011,1.183912573016959,0.0
-8.983191712400515,209.1950635323836,1.0485264595093393,0.0
-8.10782120634617,209.2317919194707,1.0958509072308813,0.0
-7.875833618732136,209.7222342923852,0.8806399029861971,0.0
-7.084780957243871,208.8335097608214,1.0451985804551085,0.0
-5.353035005828777,207.02778673872967,1.0041267634970716,0.0
-6.42180855416218,206.67833094974037,0.9562428297262157,0.0
-7.189348289437356,205.61635187185098,0.8841730060776811,0.0
-7.737886558643854,204.54760502577292,1.0632151777826049,0.0
-8.313964063043494,203.63403707402622,0.9635617938891166,0.0
-6.288470540687136,204.45231586789683,0.859920625469858,0.0
-7.268288538464109,205.4130648751559,1.0003230319163503,0.0
-7.900973761373775,206.39424849617075,0.9872287567260574,0.0
-8.963697440231329,207.189237547594,0.9659381237804006,0.0
-6.752672483411512,205.91389248672428,0.9940439289246131,0.0
-4.621917927965736,207.03076468298005,1.1873942530211947,0.0
-5.204281734665432,205.13273769244486,1.229762837809097,0.0
-5.554943497307628,205.09132607513038,1.0066044699536398,0.0
-5.308351232215138,204.66874747345622,0.8804412096714878,0.0
-5.196582041042711,204.40701646209092,0.9537412927177518,0.0
-4.410660603104373,206.27673883288944,0.9603909240223931,0.0
-3.3020163542703163,205.8417480388605,0.9796336350838678,0.0
-4.842688843616547,206.09257338060368,1.0357491601946527,0.0
-3.477346379216816,206.6820753071152,1.0378475589240834,0.0
-2.8322241821480643,205.47271073786027,0.9891782987386739,0.0
-4.031350381272118,205.88109605264444,0.9085130945021758,0.0
-5.256054924255059,205.8046726672137,0.8949049769217715,0.0
-5.258162398262617,206.1058424855007,0.9553686553037164,0.0
-6.311590020475776,203.87319950667194,1.0251985769023921,0.0
-7.848051053524515,202.9806868263585,1.1599035007636798,0.0
-8.140887078677125,204.87711913593597,1.0691168681220615,0.0
-7.309184678838394,205.80725509653624,0.93540021735725,0.0
-8.522860071710433,206.009903633898,0.8707401712199226,0.0
-8.860437878916155,206.31388464992645,0.8912919059366756,0.0
-9.076405884842478,206.50900415812956,1.0545224892325549,0.0
-8.281967881909567,207.38510775834067,0.8444978689225076,0.0
-10.069581654714824,206.03292560077412,1.0053038977646878,0.0
-10.669549618150755,204.09583092078492,1.0516848957617313,0.0
-10.396545764135604,204.1831916684683,1.057915443373537,0.0
-11.993443611971541,205.20613543344257,1.105810198041131,0.0
-11.18578495416989,207.08803414564022,0.9431347461458423,0.0
-12.160954617510841,207.34945359574343,1.0156197888947078,0.0
-11.572245117994523,208.22775465475056,1.067024250128903,0.0
-12.682838047554906,207.9954969091201,1.1705850677084202,0.0
-12.39045225607349,207.74104918624897,1.0362666507782674,0.0
-13.185293789696154,209.82825760592746,1.150863439557129,0.0
-12.224456935680893,211.2387649012597,0.9562509685606799,0.0
-12.361942150350215,212.7442929406623,1.101171639946593,0.0
-13.128146334020322,212.23622659036766,1.1565368944589636,0.0
-11.538650167243084,211.99095256191103,0.8604068626909598,0.0
-12.369507293601142,212.4162398586984,0.8760329344276372,0.0
-12.843738597685807,212.4692217351169,0.9323738864862834,0.0
-14.142517211445877,212.55377471495618,1.0240617708235624,0.0
-13.264148480984694,215.04738639988864,0.9403715166980229,0.0
-14.458718605570477,214.92676542718968,0.8970438398948146,0.0
-16.26009482950122,215.2519312653536,0.9633173080994629,0.0
-15.998829008501268,213.38122551500763,0.9548271946889545,0.0
-14.360636821429054,214.61232075741802,0.9635679057789295,0.0
-13.296601124833684,214.51327672195106,0.9786928524393403,0.0
-14.085915602576643,213.77036811147698,0.8869022110920122,0.0
-14.977473703497633,216.89576128694262,0.9944235045257294,0.0
-15.059678170701655,216.06314981116165,1.1095663949814754,0.0
-14.885047430723633,217.67941116939176,0.9241940177117036,0.0
-15.180582882033208,217.63531169124894,1.1104039031531416,0.0
-17.245138289834802,216.09376453141607,1.0568639430486853,0.0
-15.852194038864678,215.41725243017498,1.024399054147433,0.0
-16.33831822509382,215.7359192571919,0.9766391160254222,0.0
-16.626582485435854,215.3689053865539,1.2256416780296355,0.0
-17.063769464165976,216.69918047060895,0.8848654430410934,0.0
-18.00480980237447,216.72979531750696,0.9979711939029937,0.0
-19.357020464612738,215.75085521734624,0.9927724576999335,0.0
-19.231968824389508,215.6708012540194,1.0648637348410928,0.0
-18.2581230261121,215.97739256122054,1.199880666561379,0.0
-20.143951383339417,216.59405296823863,0.8227836483011246,0.0
-20.125665277235786,216.7142749304228,1.1293455343437455,0.0
-20.971025746400493,215.3445704709984,1.0371587090459535,0.0
-21.8042651875163,215.20378521371853,1.0891640214477254,0.0
-21.46994330405289,214.64852093133766,1.090338302955526,0.0
-24.166078036973992,213.65225196375178,1.1930984511233527,0.0
-21.948472283866927,211.98165855529035,0.8749998759567337,0.0
-22.51944179160552,210.64978326395948,0.9858245812077061,0.0
-22.999961368767444,211.65155968837016,0.9205683400275579,0.0
-21.73033450242183,212.90093811117305,1.0920074348465867,0.0
-21.66199588462367,211.52282416662894,0.9526593410302812,0.0
-21.28958543220567,211.59156991040646,1.1350403415038446,0.0
-22.500717057842017,212.1131487835168,1.0823097879936265,0.0
-22.285629607949073,213.4787448668099,0.8665728061981348,0.0
-20.577652114629963,213.81083967444718,0.9448332700293433,0.0
-21.138705455882665,214.17014800644503,0.9504352080475988,0.0
-22.516121053139173,215.62226051623085,0.9591680777786411,0.0
-22.268495632671343,215.94032644045126,0.9467183313380723,0.0
-24.270160204798984,215.45569078497758,0.9381734325744704,0.0
-25.520252153763696,216.71573715025696,1.0988885724060191,0.0
-26.66995094564993,216.03631528528481,0.9706939851312941,0.0
-28.41806509966026,216.85026581114127,1.0647334100790677,0.0
-28.13776117990964,216.86624032838733,0.9097826681237244,0.0
-27.936631041436755,216.66913013171683,1.047237090827849,0.0
-27.456531685864007,216.2441096142025,1.055026681889169,0.0
-28.256043955455866,217.1585065833071,1.1193887648407217,0.0
-28.906382198153658,216.8756905096676,1.0521893357245886,0.0
-28.802617669221785,216.7076810013543,0.9432795105376788,0.0
-28.170178931378892,216.6826656366053,0.8753042228531006,0.0
-28.001529973501555,215.28722262337146,0.9767599067254209,0.0
-26.961952351252183,215.3982774479889,0.8246331827593751,0.0
-26.115171023272758,215.07728423447696,1.125353041476654,0.0
-25.775367930837643,213.89007061448527,1.1453440714927696,0.0
-26.720765944897586,213.3331799216523,0.9863523088180424,0.0
-26.239672467864903,215.19978986257738,1.1730837531019067,0.0
-26.057788466511887,215.68221505256048,1.0326192949400912,0.0
-25.574163183905643,217.29243459152684,1.1171526156808158,0.0
-25.8348574947004,217.19218074750134,0.9145524603050598,0.0
-25.14731104511689,217.48571883010902,1.1445859770626727,0.0
-22.68704399371278,216.21946230766056,1.0676438631901828,0.0
-21.58184183822834,215.882168686983,0.7532310909467005,0.0
-20.606535345302927,215.3141469782344,0.843510008567929,0.0
-20.674400787668397,216.25005038732704,1.026104022009543,0.0
-21.42324599562851,217.4089639286209,0.9911012261038733,0.0
-22.287649735830477,216.0482168829189,0.8608256358771667,0.0
-24.079869361300666,217.18908656923227,0.930386332452372,0.0
-24.94862857432458,217.3322096302531,0.94440108019325,0.0
-24.203454725336005,218.6816771740422,0.9605389139725677,0.0
-24.232731555477404,220.1500789597505,0.956944953008285,0.0
-24.778421504986934,219.88073526421852,0.9305123996577724,0.0
-23.433737639301036,218.88330746607642,0.980275010327906,0.0
-24.317009553522333,218.81373973141174,1.012367476151925,0.0
-22.817902666594737,220.0627451889368,0.955865171398076,0.0
-23.689552318734478,220.19428243775278,0.9821153529820659,0.0
-24.712342167670133,219.01411928578034,1.1352791007373817,0.0
-26.15911247307217,218.69020034493826,0.7301326349661199,0.0
-25.602806342302436,218.77549506814245,0.8765689310655582,0.0
-25.207551172592986,219.5091969559282,0.974804461743138,0.0
-25.380435509377744,219.03410536256445,1.1234031082568983,0.0
-24.740338394494728,220.01762747679936,1.0093388313883018,0.0
-25.129772717457374,219.85527597458182,1.0695433615763692,0.0
-24.068171152722343,220.01450416335902,1.0173091669906753,0.0
-25.578998674251118,220.40154854398594,1.0597223819005674,0.0
-24.54508054394168,220.41622774943346,1.1606073342015404,0.0
-22.297561212415825,220.42483744002578,0.9238714501426795,0.0
-23.040263841944903,222.18544442803335,0.8772935682103623,0.0
-22.113601359906905,222.01730744261613,0.9713055144502674,0.0
-22.78177808832195,222.70466443877874,0.9914960657023054,0.0
-23.14365666499707,223.39599613161127,0.9989121049525991,0.0
-23.32680007604019,222.42004861162692,1.0482239593272198,0.0
-24.351494402992003,222.67699110657333,0.7961873150913602,0.0
-23.61077430817325,224.071191733463,0.8262778627803997,0.0
-25.283399849703322,223.70950682255184,1.1615743596091805,0.0
-25.169065761176828,223.59096315938586,1.0457316319246643,0.0
-24.364153284019704,222.9441337107399,0.8837720968204804,0.0
-24.19152204476827,222.09110980174285,0.9808255180743505,0.0
-24.927848637565962,222.79690232563462,0.8748773159400213,0.0
-23.515185838409707,222.66058646704627,0.9380379043532449,0.0
-23.871106492407286,222.55513762939884,1.1002983232710426,0.0
-22.374760742730402,224.3842187441251,1.0772678541845049,0.0
-24.45523217586341,223.96597448118575,0.9589033003920682,0.0
-26.288238192998758,223.953814144863,1.072122739703682,0.0
-27.97559724194457,224.1593174425794,0.9026195363371808,0.0
-27.75923730978872,222.14864079017354,0.9703900635110122,0.0
-27.536191003299763,221.7509346547941,0.9313387792817363,0.0
-26.04914659635013,222.4483785390504,0.9726122931764579,0.0
-25.482500743980683,221.13946845399815,0.8340252561638362,0.0
-25.82643011182871,221.52636525510033,1.044503057858734,0.0
-26.284732198796917,220.3874148365273,1.0688048839773543,0.0
-26.093759707976947,220.83864570896958,0.8999404507593108,0.0
-25.945686154730584,220.405663560756,1.0155360140053185,0.0
-26.57576139637969,217.59866988280103,1.1388894146385138,0.0
-26.510553430322393,216.03165670133322,0.9392499457671877,0.0
-28.21963568254298,215.96440845465298,0.9778616224232498,0.0
-26.758728920670745,214.93370091970112,1.1010443708655224,0.0
-24.82791628695128,215.2398141375702,1.0838430018207075,0.0
-25.257942158435025,216.1818799153902,0.9044000482266781,0.0
-24.26637849004631,215.7970197028406,1.0006560894793233,0.0
-21.96290565634821,215.57174588908913,1.1394892565951902,0.0
-23.23836233895465,216.21742646077212,1.1126729362673755,0.0
-22.76873490515371,216.77461880674056,0.8073994998542543,0.0
-23.735928615573343,217.11157110843183,0.9733654675908336,0.0
-25.042383294183253,217.60065549078243,0.975838502872175,0.0
-25.196072320750524,217.63736443557625,1.0362543835677644,0.0
-23.50683199362412,217.59408624277276,1.046208577658166,0.0
-23.2458740481654,216.4210646385622,1.0504989583488202,0.0
-22.440881381157602,215.96948301033024,0.7774984015345454,0.0
-23.097440153808616,216.50284876049622,1.115814636838148,0.0
-23.011986126164604,216.95528116692708,0.832199457265554,0.0
-21.65246504409333,217.16223828068732,1.0382087202696835,0.0
-23.125795208345572,216.2743547117163,1.086071574305358,0.0
-23.226482565580667,214.81445111277424,0.8400901094111799,0.0
-23.31693247991378,214.33234872490172,0.7543345534026614,0.0
-22.426202564280327,212.3340427400747,0.9216516241155015,0.0
-22.320603713621246,211.53638741309265,1.0238832044759083,0.0
-22.831189017130974,211.11978741191027,0.9568970912136886,0.0
-22.33329787182135,212.03416837726692,1.0787132742554164,0.0
-21.207701553821163,213.4604652344418,0.8864412469410997,0.0
-19.88874694001427,213.3992297375909,1.0114306692216055,0.0
-18.5046963250042,211.36298196143812,1.1255571612670816,0.0
-17.623484087575985,210.9781832584922,0.8866431378577639,0.0
-17.837952368100762,212.54151309661762,1.1590019532012037,0.0
-18.375858018087314,213.2867602044922,0.835300540392458,0.0
-18.300067517621592,212.26886561710825,1.0143397102714482,0.0
-16.62628386597703,210.92288303710163,1.0506990524107376,0.0
-16.746554100805998,209.6352867774294,1.0225808124614446,0.0
-16.86437068584806,210.53643854814104,0.9939389090365494,0.0
-14.71561242830248,211.95446730630954,0.9614997621580814,0.0
-13.024239758800816,211.9232403385685,1.0153959363445495,0.0
-14.66537095814886,211.4146952126284,1.0234814319760785,0.0
-14.855622374951887,212.0893700336258,1.198542598236628,0.0
-16.390085946172043,210.9792641282816,0.9207106226295133,0.0
-15.909814794797867,212.02219645187674,1.0954791188419206,0.0
-16.97294825874467,211.3393322805367,0.9517537551468108,0.0
-15.965132990065708,210.74907117459622,0.7996240143005865,0.0
-15.60763303852127,214.02352919410353,1.0899968202420545,0.0
-14.534282821113578,213.47018388877098,0.7886290136742493,0.0
-14.300337104921224,213.6002446809931,0.9486469629385934,0.0
-13.918220333099155,213.2222395876973,1.0913456656491174,0.0
-14.636121067314246,214.61352351844806,1.0788044868884465,0.0
-15.917383081159514,214.03684354428347,1.025315961848479,0.0
-15.848306884185341,215.1334540858338,1.0014372025864247,0.0
-19.722730040133666,216.79170411199547,0.9793867147930898,0.0
-18.702352065065675,215.42359467306088,0.9703246403784244,0.0
-18.89604138202553,215.4234890582415,1.1016604343093912,0.0
-20.167761652039967,215.38931481870634,0.8769076595629115,0.0
-21.430070199861987,215.4951272721394,0.960922595383217,0.0
-22.960432051413328,215.91629513742066,0.9648827224289953,0.0
-22.437916268670275,215.4476495186045,1.0621346466165704,0.0
-22.628264028619046,214.60949767372918,0.928886324665691,0.0
-23.577143310968733,213.35193112890036,1.0164260201632505,0.0
-23.014706889434382,213.54402623939524,1.020928804294616,0.0
-22.781379066880753,214.68510447382724,0.9865662117321037,0.0
-22.386940428531133,214.99886268338014,1.0967909891784908,0.0
-23.75804934333052,213.7671158746354,1.0362828799286914,0.0
-23.0185861707568,211.3817935724404,1.0077250389997092,0.0
-21.421670831938176,211.8347256415555,0.9122889181938356,0.0
-20.973505059483784,211.26035490690663,0.8048418095552816,0.0
-21.443096964158993,211.78211202769444,1.2503805887460422,0.0
-21.805412279314382,213.34604655455783,1.0025805047181306,0.0
-21.227048150704125,214.0236322718901,0.8519174048837957,0.0
-20.49182336383614,213.20545313742528,0.8670221987333591,0.0
-21.319272048739904,213.023166358048,1.1858267069308481,0.0
-22.45225659097932,212.15749007581977,1.117387387036945,0.0
-21.892326543664513,213.1645310384299,1.0313163676555648,0.0
-23.55602737204769,212.64625547349542,1.1899668586525691,0.0
-23.383363342577685,213.9241889493125,0.8722881642181968,0.0
-23.781848993905506,215.27712147213603,1.1142811074081214,0.0
-24.186114294413386,215.7362498764464,0.9196702857071016,0.0
-23.771911568216524,216.10506494562674,1.004062428606251,0.0
-22.03945364926499,215.25483925306673,1.1534746230181026,0.0
-21.050434357389705,216.1847116962271,0.9989002706338793,0.0
-22.909950152904514,217.22071077653155,1.147186864019615,0.0
-24.09865489680573,216.1089586803952,0.9878024418644854,0.0
-25.25258956576991,214.31347383190288,1.2343539518263267,0.0
-24.46231811376416,214.80208598169935,0.9647273101783791,0.0
-26.027436239312273,215.0722005655067,1.016947009041707,0.0
-28.18416652542739,213.71123622549706,0.9866041865832625,0.0
-28.37881985334348,212.24228022460986,1.053776270980282,0.0
-29.431915395154835,212.22291311706755,0.9961076389807295,0.0
-29.942104319109976,212.40841805178576,1.0053719923473883,0.0
-30.009217695180933,211.83548041920608,1.0189366608275403,0.0
-29.83002480969793,211.17403275979743,1.054597300119843,0.0
-27.957206890493485,212.33932644346731,0.9732113958872705,0.0
-28.68564993014278,211.07810717552255,1.0729592421524279,0.0
-29.66317003320757,211.85476685149177,0.8712403216100262,0.0
-27.85508771216432,212.8692959902946,0.9053249022686078,0.0
-27.31808630644743,213.4301937486404,0.9722406067144961,0.0
-25.553592090696686,214.63609654425687,0.9824241712112887,0.0
-25.270103209362148,212.83438305350032,1.1553628094352035,0.0
-26.727926554015248,212.40980771986258,0.9854372159943832,0.0
-27.38998841661718,211.84659658306228,1.0768424179099243,0.0
-26.525419738289123,210.77606961936203,1.1273305513039706,0.0
-26.786916293446676,212.2035779842283,0.9942969835681649,0.0
-26.50104888363657,211.62398477869957,0.9043391887354002,0.0
-26.515851956673888,212.05103890733503,1.0361437783999576,0.0
-26.15465551210678,213.7759461458011,1.0024431598696575,0.0
-24.039391361508677,214.98431260477508,0.7580767246044451,0.0
-23.970527408177354,214.6860127929779,0.8796763131024411,0.0
-24.16111686746947,215.63528518915913,0.9676745184453046,0.0
-24.79324224060705,214.79004116268675,0.981605133155876,0.0
-26.068823166556303,213.51757618347548,1.1023869813179747,0.0
-25.204758485323108,213.6857193778617,1.0950695154594436,0.0
-25.607116451430613,212.02729177378097,0.9449250195342258,0.0
-27.489483995928452,213.07786920744562,1.071375733972117,0.0
-28.75052632701395,214.09778393844658,1.0172011817134239,0.0
-28.29503796951779,213.2307449021293,1.0621768793757767,0.0
-28.42650520289049,212.1292711523709,0.9159847885470942,0.0
-29.402947801753818,212.75627937669088,1.003900679691573,0.0
-29.952023532372735,213.58723684460756,1.0579573318685898,0.0
-31.030439536499824,214.36419841690423,0.8925341951616671,0.0
-33.35728534247029,214.23302409662742,1.0423509616049107,0.0
-33.79061021289685,214.1864408083759,0.9752622710259163,0.0
-34.19691823475546,215.94055280215633,0.8942074916494096,0.0
-34.41860462965775,217.2957189631846,1.1357295699293495,0.0
-33.71177428598551,217.18517209878564,1.0631341734621034,0.0
-33.49820526921827,217.16658099800756,1.0319472261557348,0.0
-33.88792271491392,217.03933059623574,1.0783655840891173,0.0
-33.5879623678237,216.53532737172085,0.8213932820202451,0.0
-33.45802910016237,216.16451057636073,1.0327888660778457,0.0
-32.01194962010967,216.3998926030399,0.9323455549028106,0.0
-33.01219133232492,215.35980990383482,1.0225550453003343,0.0
-33.12127112302664,215.29888558789608,0.9689824115007097,0.0
-32.344402157560644,216.74296274057068,0.8956221117531492,0.0
-32.90995196742321,216.7103472322894,0.8951447564196959,0.0
-32.95132383654,216.62148543531464,0.9845958446934022,0.0
-32.153731511469736,216.93964929946205,0.9179439029596872,0.0
-30.533175155473863,215.91142704609885,0.9564616739731885,0.0
-29.115664050351214,217.25549736657746,1.111680417487046,0.0
-28.169823391859694,219.3005735419664,0.9938115790310937,0.0
-26.634250330491593,220.2559703019953,1.1315613332320282,0.0
-26.712551186446095,221.55583166689544,1.013337069240028,0.0
-27.480338495739506,220.94534609081512,0.8698566219792743,0.0
-27.99722624035278,221.39793915364658,0.9186202915014822,0.0
-27.844336179475803,221.72275978331882,1.0789892108150068,0.0
-27.44997644713095,222.57953795804568,1.0988675484129569,0.0
-28.505032938052523,221.1295553037975,0.7891445843889822,0.0
-30.712083439585744,220.05065287433393,0.8840883143247449,0.0
-30.143184853881746,219.6402305203689,0.9343695766616484,0.0
-30.818009704030917,218.5105086587717,1.1074502427988784,0.0
-31.675864436429336,219.8203000293246,0.9444077390393502,0.0
-32.90649681986358,219.65232873623088,1.0896827441519732,0.0
-32.71211150048075,220.02924500734298,1.1172736549172382,0.0
-30.884325509554692,219.32932699056767,0.9771759323773724,0.0
-31.306308962764504,219.0977398334651,1.1300244232671157,0.0
-30.820281036927245,219.5634795735069,0.8793827463832545,0.0
-31.23887822660596,219.60310617033915,1.0507991743932301,0.0
-31.454635820249432,221.40684994927236,0.9990098703747424,0.0
-30.279869893811103,221.0513068903877,1.1773593039639336,0.0
-27.4435580931549,219.37435944088853,1.1428683102922936,0.0
-26.297005310354105,218.41880062722666,1.1163491754790835,0.0
-25.878082416868054,219.6018525842802,0.9908786120018928,0.0
-24.552885832656475,218.42979473571768,1.0002144926208927,0.0
-25.054051105902104,218.2973877300484,0.9236579920371472,0.0
-22.8132721300379,219.01440278202466,0.9303710211556538,0.0
-23.325011861183537,219.1127996883332,0.917826145209552,0.0
-23.401459853050717,220.1680969886483,0.8762077982364145,0.0
-22.44256958698076,221.17583261603784,1.0803137546222632,0.0
-21.911242572377613,221.35805566327437,0.9599725234777438,0.0
-22.98918711968536,221.4357157716403,1.043548284910522,0.0
-23.494680131839512,220.25986893258704,0.9850294951556303,0.0
-25.233987136188663,219.54163248391578,1.0871682439061467,0.0
-25.095403435434914,217.26920967874952,1.1356731072144004,0.0
-25.527117109045093,216.6242181099698,1.0035190501376243,0.0
-25.500520592736233,219.5655221073319,0.9091584279105589,0.0
-23.267488496834762,219.25573661710004,0.873783584756132,0.0
-23.431370812622884,219.52889424191167,0.9450203929232752,0.0
-23.007589210340313,218.9611786476192,1.129504483796569,0.0
-25.39258389072899,219.80053343730057,0.9989573135328492,0.0
-24.986145297861484,218.61920788638722,1.0012104945728764,0.0
-25.17569089540566,219.24248261768693,0.9978133785275005,0.0
-26.801178247023273,218.7947896201239,1.1386435864358482,0.0
-25.954070893480054,218.00392648980923,1.1821545476713147,0.0
-27.051356821114112,219.03865521147054,0.9491476271020752,0.0
-26.89844437069618,220.53629402177066,1.0857392146030516,0.0
-27.210917674342905,221.62397809622234,1.1604904221744667,0.0
-27.364926975319058,221.17556454461993,0.9705737102140958,0.0
-27.468898266982144,221.45258080154167,0.8952390806023864,0.0
-26.253457533478574,222.05537075321638,1.1090447052745724,0.0
-25.166609702829117,221.82243544056593,0.8782096668774519,0.0
-23.80214126364219,221.30567397242814,1.278298197600889,0.0
-24.41901019883556,221.5197852806113,0.807577868668867,0.0
-23.094772197749265,220.2332764750327,0.99235904818947,0.0
-22.78122770638454,219.9768699178764,0.8079861867226025,0.0
-22.272636434510208,219.9677457164895,1.1063214526970215,0.0
-22.405393596375184,219.4588201403504,0.9024746361526058,0.0
-23.953107339962155,220.02608015645202,1.0142137981028871,0.0
-23.621445278816577,218.59916162417966,0.9153644790745694,0.0
-23.529502149240358,218.97039293601472,1.0117714923376502,0.0
-22.31483445707269,219.69468689778145,0.8690711113305672,0.0
-21.47423623946979,219.16003111119818,0.8841748810521014,0.0
-22.655827686887452,218.39106126124966,0.8620887225094732,0.0
-23.77268452841706,218.28143417743195,0.9636519386746059,0.0
-22.529690335730535,219.356739895351,1.0362795530044182,0.0
-23.871577882228795,218.50435185350196,1.0140643031653649,0.0
-24.739403781428113,216.86527713153862,1.0594894870354399,0.0
-22.821769432252275,215.3559676814101,1.0476834860863753,0.0
-20.56148788729032,215.35152889317757,0.9182953347446557,0.0
-20.3660291103929,215.44514110076443,0.8798100023951805,0.0
-19.489753788808276,215.02542024769414,1.0341077497706195,0.0
-18.57397073730612,214.88519815688943,1.0881332636815055,0.0
-17.95222689194804,216.3287634980225,0.8443314705212404,0.0
-17.747401023653527,217.07775674562518,1.0678364176731596,0.0
-17.815660453747913,215.7803220293148,0.9325415259807548,0.0
-19.080842623625657,216.49477131764408,1.070420258937606,0.0
-19.222473623700587,216.69502771156823,1.0218618311327097,0.0
-19.147397284828795,216.42798294187972,1.0438506015835745,0.0
-19.74067691320376,216.23322214232513,0.7765455450760297,0.0
-20.670242592546153,216.20320976845318,0.9522830487203515,0.0
-21.21202825701331,215.91076193819848,1.0822831437827323,0.0
-22.45786594583383,215.0628148586535,0.8198502843881378,0.0
-22.11789082558269,214.5086017114964,0.9583404982658746,0.0
-22.440536874942048,215.5820497286117,1.1103723104315746,0.0
-21.302398744450556,215.0108875857249,0.9121796322048987,0.0
-19.587054764860362,214.89454675528702,0.9146931766404462,0.0
-20.22738128633761,214.67511099444272,0.9500544730112599,0.0
-20.41926806485666,215.37431071298946,1.0207125397313763,0.0
-20.372898788304312,213.149270978095,0.8420228510138343,0.0
-20.315803777766266,213.2226898283341,1.0021406430976885,0.0
-19.885712966832525,211.44895009673138,1.019066679777058,0.0
-20.976102845916717,212.2127627786308,1.048994099602035,0.0
-21.157893442174277,211.8022815089272,0.7880754276570938,0.0
-20.991187483446236,212.07328433300083,1.0604581503420496,0.0
-20.224800052220253,211.4270945188643,1.036674174402038,0.0
-18.374516269799134,209.55940803469508,0.9786768044985561,0.0
-17.947131822707743,209.561776383786,0.9103910976115632,0.0
-16.98677330770739,209.00148518609655,1.199120764936685,0.0
-16.263533835292296,210.32589463811505,0.9973298731635506,0.0
-16.538455818796997,210.71010768788105,1.0474473975952603,0.0
-17.290842459038547,210.41871540218608,0.9355010853643244,0.0
-17.025750501289025,209.85550898700208,1.2049202148605174,0.0
-17.770943198840456,210.96409092952808,1.150667389938988,0.0
-16.37824432626709,210.51049873821628,0.9890497733039366,0.0
-15.731389534140582,209.78060386191564,0.960780545298412,0.0
-17.683624193249212,210.45218479442315,1.0424425746688892,0.0
-16.971031056104707,208.10732215287908,1.0734036078156066,0.0
-15.700755563689016,208.69670806373406,0.8620990428240302,0.0
-15.723661537826676,206.44998795633768,1.08758829628499,0.0
-14.507408631962607,205.71048219991607,0.8819395346044894,0.0
-16.246669016075938,204.11484800185823,1.13921266221642,0.0
-17.027347114615115,202.5500315847512,0.9877357931919045,0.0
-15.228544523832179,201.94739547930482,1.0245593395921315,0.0
-15.398638292326702,201.47010974891415,1.023655832437576,0.0
-14.340949278768479,201.4541367194821,0.9944127566467427,0.0
-14.472438208640938,202.2491977894022,0.9865623897707092,0.0
-15.887851619325838,203.18633167402285,0.8904731042937267,0.0
-14.726538575692432,202.14189123112095,0.9672084355936627,0.0
-16.023858194751416,201.6625010475991,1.1170714201452094,0.0
-14.942540983820786,201.73908742608245,1.0355352072712558,0.0
-13.371927498602261,201.84826168706854,1.1472603604752905,0.0
-12.173553252553793,201.02841543689578,1.2083269826801637,0.0
-12.351567036068424,201.45870021059258,0.874265090682429,0.0
-11.299909575645072,201.11379254311157,1.1011864442999622,0.0
-10.405961441604484,201.92780608129092,1.1878542124028761,0.0
-11.032820225923706,201.32796759344507,1.0320351040457785,0.0
-10.615332620591982,201.11729111001247,1.0304463701985054,0.0
-10.420774512789384,200.5467020970774,1.2003967273133158,0.0
-10.27647919027803,201.09713709037146,1.126008204162355,0.0
-9.631947342310825,200.46334797170238,1.115799989482675,0.0
-10.88744552179271,199.80847006694188,1.0817020777735713,0.0
-12.291980461342947,200.86844925019093,0.8572081900737928,0.0
-12.1385983872005,200.65910328147905,1.1984054834754418,0.0
-11.22765649005974,200.48612927304654,0.7660369342998097,0.0
-11.426695466212177,201.5297014085286,1.0602590944690988,0.0
-10.30393435861212,201.79125598962935,0.9828744524276298,0.0
-11.63432545572989,203.18273755385275,0.8704267190214238,0.0
-11.935290660946494,203.91719337381505,1.041897416984585,0.0
-12.220435208563607,204.98140697553745,0.9600624601469666,0.0
-12.679746680262259,205.16754665131268,0.9016262878352694,0.0
-11.632513722125934,206.2952949954857,1.2044808245627268,0.0
-12.326538301090656,205.74086026799827,0.9782328339422243,0.0
-13.734358850541799,205.94120008108095,1.0573247961358527,0.0
-13.437933027646492,207.53501999951277,0.9081592002739084,0.0
-11.357711084423503,207.82721415494805,0.8480204119031498,0.0
-10.686131789986693,206.66660231167327,0.9644598707971503,0.0
-10.925266847073795,207.0881764131938,1.0639173026852546,0.0
-10.172903732911214,205.36576496238155,0.9168124995484578,0.0
-9.075692843551424,204.28422485927706,1.159724079884764,0.0
-9.710871099549664,204.0359013670472,0.8765745523506011,0.0
-9.013965860922271,204.44136542920407,0.953475432982819,0.0
-10.065338241004676,204.6321143308363,1.0288578236228367,0.0
-10.113578401879893,204.81898047529333,1.093255731034558,0.0
-10.612394066982105,205.96817643381863,0.9269707483360758,0.0
-11.166510886239864,206.74231908393233,0.9363129702180734,0.0
-9.273145060891231,209.64275374335736,1.144846102941322,0.0
-7.85497725160467,210.9941890049247,1.1003655797112197,0.0
-9.306403031879574,211.09549702346072,1.1048391543735796,0.0
-9.827010134170171,211.16732985547063,1.0107283600004728,0.0
-11.769215308653289,211.13192924243094,0.9522054576958147,0.0
-11.984511760098883,211.99264491354538,1.0186594506858795,0.0
-11.108714156012066,213.5783212243574,0.9799351021278793,0.0
-10.65669806495297,214.7241946630254,0.9798890569897672,0.0
-9.260084101870405,215.46979818417256,1.110719989966166,0.0
-8.993851255438374,215.42618632374254,1.0573726569783655,0.0
-8.79192954993831,214.69925352825973,0.8575057427111592,0.0
-8.447547265248167,215.26380724432207,0.8037583458497684,0.0
-8.748298738966243,215.3738259245908,1.2244497414110813,0.0
-10.870794898481174,214.81287583254124,1.0508455647884458,0.0
-11.054002423183436,215.78307649664657,0.8710414881116793,0.0
-10.284999166498517,215.4199586139923,0.8821133679227395,0.0
-10.444270911319336,215.55034332790927,0.9764689737910653,0.0
-8.193491156361539,215.10360418275292,1.2266170571844135,0.0
-9.488255446653783,213.35104040584042,1.084622766469365,0.0
-11.41511909293636,212.2265719488837,1.0337320378691996,0.0
-10.836148256611278,213.03725706274636,0.8167413489246815,0.0
-9.479598458295811,212.46401194708727,0.9456963125534972,0.0
-7.855085634643542,213.21213779518231,1.102400067488721,0.0
-7.252687890174479,214.121476162356,1.0904214433560346,0.0
-6.960450859960094,214.7607500860636,1.0848727895870391,0.0
-6.880597760754644,213.7193324803373,0.9468922078630938,0.0
-9.029457818947591,213.23173758600873,1.0951715257447387,0.0
-7.564341718513151,211.52013941232795,1.0053768261782376,0.0
-7.951322466491702,211.04115071493396,1.0711031859751017,0.0
-8.236088937957334,211.9547514443117,0.9498393324712567,0.0
-7.5031676477546725,211.92021152508144,0.973827697827998,0.0
-7.732542776669249,211.95496914372453,1.1391186505719042,0.0
-9.162980459167835,212.61316136665172,1.0042507354148424,0.0
-6.878642804668472,212.77075580738503,0.9549902218901339,0.0
-8.253022984875557,212.71086761150602,1.057461379673837,0.0
-7.692231669055304,211.2536396668152,1.219473294243961,0.0
-7.5081322596657945,211.70559187557782,1.1404476287585896,0.0
-7.025899906695678,212.756572825523,0.9060265395202318,0.0
-5.528003325010104,214.29493419824567,0.8714480938904141,0.0
-5.646350216724994,213.29253515683695,1.061871977414627,0.0
-6.455757324669458,213.25823763973727,1.0645323170918437,0.0
-7.22459691396992,213.22695539479238,0.9072516757732371,0.0
-7.652630383122556,212.59160999765237,1.0225164073526962,0.0
-8.150891162005534,212.36505772111838,1.0650435271379826,0.0
-10.230630097786014,212.85836529277884,0.8167620500821193,0.0
-11.515228543985714,211.97206121812354,1.0205541302428596,0.0
-10.642978133304766,212.36139936341326,0.8778553803037324,0.0
-10.633583067735495,211.80558600852913,0.8880550185883734,0.0
-12.010625913891944,210.2227528796548,0.9433181756973356,0.0
-12.304477723506805,210.7075323861521,0.8843126335805216,0.0
-12.977230738484765,210.10366264221173,0.9184414692808902,0.0
-13.736485978403032,209.60560172407315,1.0672384322532213,0.0
-14.681990076309495,210.08070621742766,1.007159647953311,0.0
-14.206616307103179,209.45694550446527,0.8488755848886954,0.0
-13.796800067634656,209.64990302525356,0.9447505793172932,0.0
-14.486791895987077,209.35196368075077,1.161322011259013,0.0
-16.807461887844003,209.6289848871848,1.071425043444166,0.0
-17.186787257345955,208.97617806336413,1.0259640646401407,0.0
-17.34081876890088,210.3956182716461,1.1250637837829913,0.0
-16.887176683278177,209.16003449836475,1.0729663222428496,0.0
-17.37091265436487,208.19802962037934,0.9564794083172742,0.0
-15.9146721263832,207.5919798867423,1.0907863533390985,0.0
-15.68038312527032,207.4726548566971,0.9317134550968078,0.0
-15.789132411924163,207.29400355218138,1.0432681841598677,0.0
-14.40748986811145,206.41268168147423,1.1957215170700433,0.0
-13.390050681453657,206.91863580448006,0.9634606923128347,0.0
-13.928822041152,205.92963009296756,0.9309567336564488,0.0
-15.02694792387408,206.81276972127367,1.0131431248682479,0.0
-16.01943394555321,206.84947616024394,1.1269006394853083,0.0
-18.08386383019078,208.1478951441707,0.9809362235486074,0.0
-17.67870409518062,207.0784020658617,0.9952209427011823,0.0
-16.98711756496056,206.44565872844157,1.0785725333507759,0.0
-17.75435109171684,205.56549602585235,0.9099159513139149,0.0
-17.082496913615795,204.99712956521583,0.9584901872590527,0.0
-17.828685523413554,204.92541431939017,1.0745466618628718,0.0
-17.344440359613138,206.69067437758835,0.9757369946595204,0.0
-16.4206332788707,206.32447608995238,1.023563576441854,0.0
-17.15739121046951,207.4334390652837,0.8624227678897893,0.0
-17.185622800732343,206.6800984794749,0.9274978056528255,0.0
-18.389032464029007,204.73696445942764,1.0110410762591504,0.0
-19.49267288427496,203.62046775212903,1.21019091680422,0.0
-19.52316431727293,203.16357991824682,1.1854757523719954,0.0
-20.17808917277831,204.44647002412796,0.9035912760818573,0.0
-20.624459249463808,204.74679638863847,0.9517077767818921,0.0
-22.543582095184078,203.40815245031342,1.031550691728686,0.0
-20.83983459707842,204.41049193475052,0.8801158953683196,0.0
-22.044681343196643,203.00011187700886,1.0097986609595024,0.0
-21.761058619072784,201.94181024569764,1.0977949398298392,0.0
-21.729169379442943,202.91126715547196,1.0902973397329696,0.0
-22.383445782507586,200.31376837687552,1.0344515243778685,0.0
-23.622985283362286,198.95488965467956,1.0897164359006402,0.0
-23.21404922063323,198.53583772019957,0.8734153372711226,0.0
-23.941520888070656,198.6896855984511,0.979254930406513,0.0
-24.295316532598196,198.42357948779386,1.045136872071065,0.0
-24.415962573631266,198.9475945152109,0.8508893471975175,0.0
-24.43919663076689,198.61478243158174,1.050723191656553,0.0
-23.928324216252474,197.68191970389697,1.1341092417521,0.0
-23.93204818947315,198.10222933102983,0.9485187245776409,0.0
-24.020434646252102,197.38458066778253,0.9873138245918994,0.0
-24.264205311956545,197.24805955895278,0.9172860141161453,0.0
-24.144711956981283,194.6856442005829,1.0205632953065298,0.0
-24.088896822287328,193.73445707203567,1.027156691279282,0.0
-25.736676397134314,193.85544065028958,1.022396026758121,0.0
-25.968261937886176,195.94734585599556,1.1072138081496605,0.0
-27.742292977407402,194.73513874094462,1.000931783256393,0.0
-27.081119964702204,195.2153995004595,0.9582407303185031,0.0
-27.853719937528464,194.3356184327819,0.9437127783939121,0.0
-27.120373666096253,194.17198868421337,0.8838717177216038,0.0
-26.869524826349267,194.6013667752,1.055624559459992,0.0
-25.853482794132205,195.0497423012083,0.9837010042363628,0.0
-26.317297505924323,194.8050687002906,0.8340940917909214,0.0
-26.439671087068668,194.98467441764888,1.0658430390373694,0.0
-26.450041403701757,195.1021746084152,0.9935432253225331,0.0
-27.438087605973806,194.32435077839247,0.8643354602168178,0.0
-27.38141223720081,193.4531054268257,0.9609193571223856,0.0
-24.983036112071066,192.77937587561723,1.0499711778274898,0.0
-25.386700765838885,193.58134740072802,0.7962992739263703,0.0
-25.35047220728001,194.06767139672368,1.1150840723291637,0.0
-26.217685906888203,193.20159520817663,0.9627084945163692,0.0
-26.430965037618257,192.9502562993978,1.0438746425640668,0.0
-27.290259149424603,194.74250801905114,0.9317831819818112,0.0
-27.49017358538645,194.34032022521436,1.0333064878580966,0.0
-27.056662655599833,194.93596841023205,1.144450107476733,0.0
-26.672167564261706,195.59306385498527,0.870493290342982,0.0
-25.598504587198466,195.51979657856504,0.9867692000849404,0.0
-25.111912075076383,195.89359344286427,1.068092815368859,0.0
-24.26711872204884,194.99995444748703,1.0655884665096318,0.0
-24.719229947678173,194.75420693122592,1.1948334799853382,0.0
-22.695447569271597,194.1007920560027,1.069067131267945,0.0
-23.238842462116487,194.64008581228202,1.0232997707854932,0.0
-24.367131075584524,193.30730176186566,0.9173177769333989,0.0
-23.361963173694594,192.88740011612623,1.0078454493945843,0.0
-24.497062921330503,195.6404898982015,0.8223906938492558,0.0
-23.036820253058334,195.41882418232848,0.9980376454426695,0.0
-22.299084835704804,195.15061124553498,0.861550996115813,0.0
-22.083200557738763,195.90943885453322,1.0286120472297846,0.0
-22.060756229431476,195.15622999102717,0.9668894193829627,0.0
-22.417474831822773,194.02979598231155,0.9362172733301536,0.0
-23.79006047592614,195.5399756277256,1.0901824244938463,0.0
-23.798252130503272,195.97426415398505,1.030476655702516,0.0
-22.67101141881058,195.90605459282403,1.049863560165346,0.0
-24.022761911850196,195.85866370819554,0.9864669722175567,0.0
-24.868697850161176,195.92035277584128,0.9414046895332577,0.0
-24.970294196751954,195.3501692938096,0.9690141365456713,0.0
-25.633869848210786,196.36003440120382,1.1162831990679518,0.0
-27.64081438248846,196.1973526811276,0.9392268676897068,0.0
-29.80258005802067,197.307857453555,1.0155587802068173,0.0
-29.135888804534925,197.62211751175795,1.0503117275955083,0.0
-29.74971291047573,197.33984617015835,1.0817438591508128,0.0
-29.945115462292335,197.21082649987218,1.0422330475003267,0.0
-29.159863798363226,196.85149494480365,1.027886157365187,0.0
-29.103661020825882,198.0595490792687,1.1112925231825341,0.0
-29.665634169144255,199.12618317247495,1.0347876738141721,0.0
-28.940442526613424,196.8722487075212,1.0459560411754918,0.0
-28.382200082889497,197.7294291212031,1.007869647038653,0.0
-28.580061041552646,195.95770887507217,0.8967650650565446,0.0
-28.29570611615206,196.9691630066772,1.0567901536483222,0.0
-27.113193453527508,197.6632254978077,0.9237514173530873,0.0
-27.03186350073864,198.95681764623413,1.114188701396925,0.0
-28.079388246767415,197.8434606089332,1.018799717473589,0.0
-27.402991054398573,198.90156264056122,0.8760897552506667,0.0
-27.722828154275547,196.92422868443293,0.899772600790281,0.0
-27.907412431746106,198.15794609383696,1.0695979124952313,0.0
-27.886219822247625,198.06890176671308,1.0815814052480048,0.0
-28.189878659596516,198.29645613147426,1.0490336856072224,0.0
-27.472455192752225,196.02606049709743,1.1669347779371155,0.0
-26.00106740456406,196.02320982799122,0.9233610577011182,0.0
-26.292691302530528,196.2098958800574,1.0577816443324426,0.0
-24.749337610891054,195.31004586834908,1.0870911630420934,0.0
-24.65836136161247,195.01126618334013,0.9792372657210938,0.0
-23.441354944387975,193.58947610999596,1.0129762782564076,0.0
-22.81218245555323,193.80315372449158,0.8927415992345133,0.0
-24.427264885735443,192.30511234712705,0.9117724944804757,0.0
-24.354207317307765,194.34016217791702,1.0107427491052265,0.0
-24.00471729555564,194.95794422531438,1.0154939020134306,0.0
-25.056433345447985,194.00734279764325,1.107906467838768,0.0
-25.486756014533896,194.84377387956542,1.0725839690389907,0.0
-26.748108816070253,195.10987316594375,0.985862429903226,0.0
-25.627132952193136,195.56757294743406,1.041578654240761,0.0
-26.456269595296593,196.38298170454104,1.234094470453239,0.0
-25.789455888332167,195.74975822306055,0.8097007046666052,0.0
-24.864530829255987,194.0193856934173,1.0594129834129937,0.0
-24.950758362050344,192.55669504563684,0.9440294630648781,0.0
-25.623295448649998,192.06303324743664,1.0708640841798602,0.0
-26.516671753001415,192.57421910528603,1.1056835708281152,0.0
-28.036014612222655,190.81965247028333,1.0219574047584479,0.0
-28.55848337777443,191.1703261891979,1.057813946510734,0.0
-29.16193370445412,191.48091727262545,0.9802649403983313,0.0
-28.94473333125584,190.2386798798365,1.0198751447706536,0.0
-29.202607506076067,189.86618550602057,0.8409444110028179,0.0
-29.96400383056701,188.4438748238421,0.9650599270325213,0.0
-30.78303219979606,187.53560260023696,1.1543037851659568,0.0
-31.843399593408073,186.51136796260198,1.0910887622705647,0.0
-32.227836864891735,186.1462566894132,0.9720312730451652,0.0
-31.323542473250793,185.64758889208534,0.9417234325694677,0.0
-32.49595042733001,185.78077118579353,0.9947476767069657,0.0
-33.53439881579597,186.4378328264845,1.0208099337074896,0.0
-34.65772340602525,188.04167887293954,0.9372861973644321,0.0
-34.80681241277514,188.18449405423186,0.858258863690227,0.0
-36.24800980031294,187.89406272811354,0.9893575174020909,0.0
-36.540804880401254,186.12431922680457,1.0699374535905086,0.0
-37.25613334373575,186.13187731675677,1.0382404641663032,0.0
-37.080366318847005,187.81624697886144,0.8076731706272035,0.0
-38.2204016120421,188.99123528895254,1.1327176078364964,0.0
-39.593199946045566,188.80764911141563,0.9317094175578948,0.0
-38.66787979633262,189.1835157520261,0.9671610095741972,0.0
-38.11975591705663,187.71909011369777,0.886020689320154,0.0
-36.98939097918897,186.48749944146738,0.7986625435677835,0.0
-37.266547726904705,184.51000543774694,1.023454527923172,0.0
-34.241804800253064,185.87197007721255,0.8232570223803869,0.0
-34.25481114754694,186.06028780935458,1.056287740489699,0.0
-32.31477529476449,184.1730198747039,0.8556604891689847,0.0
-31.06292956540954,185.72555882570663,1.0766481670444286,0.0
-31.48675584853659,186.13969601291745,1.0331899086767566,0.0
-32.600129581020376,186.4124997095163,0.9671649056780598,0.0
-33.02079468964729,186.70021568085036,0.9818123079652796,0.0
-33.44132830992064,186.40513581443867,0.9652789222230437,0.0
-36.50063034869232,188.13936599628855,1.0566867362093957,0.0
-35.850011977567426,188.22775207256115,0.9988335145221993,0.0
-36.712943511400425,187.33830132277427,0.9358416565778751,0.0
-37.021535277298554,186.06999452326042,0.8901888314655195,0.0
-37.08483182885596,185.69903354299763,0.9943426655600001,0.0
-36.012055680280945,187.65334486008956,1.0082746006909609,0.0
-35.78892462373558,189.04597751642598,0.7906148524295561,0.0
-35.884846035679516,191.20633328411273,1.0749601589019517,0.0
-35.768441072278804,190.05640116758235,0.9932822746651261,0.0
-35.53788105396862,189.98554378298985,1.0222592514301974,0.0
-35.30062407844192,188.56118231671118,0.9896344131056712,0.0
-33.97030142687296,189.89995207357939,1.150098371534308,0.0
-32.83887527079555,188.29551638036085,0.8594471956460985,0.0
-33.627443674733904,189.18397893089033,1.082530885966106,0.0
-33.25948616834034,188.3183824816609,1.082876847630058,0.0
-33.18003855606606,188.4177979645424,0.9282053412108738,0.0
-31.55973135929577,188.70553143817898,0.8756735900213173,0.0
-29.921631992202354,188.97184525370142,0.8750593225747711,0.0
-30.468887562576526,189.36822665896338,0.7715325789856918,0.0
-30.286173003391085,189.0809609093306,1.0328679501125266,0.0
-29.97949255782046,190.25787197734087,0.9606624629119482,0.0
-28.78027704999112,191.11913084679813,1.146005909923999,0.0
-29.492734781831974,191.58696704276383,1.1790350246854573,0.0
-29.021126790042985,193.421352865161,1.0051233595494402,0.0
-28.864504141639785,194.74109538890593,0.990288533353749,0.0
-28.069623463873846,195.91923837037587,0.8839375552005398,0.0
-27.717848573655193,195.65315329229827,0.9305953004160982,0.0
-27.951113489221488,194.7866635110351,0.8816186937672282,0.0
-27.757692232033314,194.643049380951,1.0665824712845449,0.0
-29.15059132255166,195.83621030606227,1.1038728986249395,0.0
-30.28513546883536,196.74223437313816,0.8871970563648888,0.0
-31.726267947253874,197.3551520842414,0.9956289384161289,0.0
-32.13107144592525,198.1868973506271,0.921057263425286,0.0
-32.57747886508264,197.5186060220088,1.0086265716146547,0.0
-34.8508300567552,197.16002445979234,1.1019069307385336,0.0
-33.783443806980294,197.9503825774794,0.8359354888972673,0.0
-32.88825056220363,198.1961189989166,0.9262721138842022,0.0
-32.434035738972106,199.47779261658494,1.2372362037015088,0.0
-31.490386554177686,198.76838894717363,0.8354786934382914,0.0
-31.30186974837451,198.1882248513481,1.1201006503150486,0.0
-30.47484090808036,197.0405664190909,1.0715050397873664,0.0
-30.58473310764451,196.64729302624932,0.7794694800323267,0.0
-29.79464211208224,196.26216820640576,0.975743914935543,0.0
-29.0195265674787,194.66133074120825,0.8276011952336976,0.0
-29.127881185494186,195.10308158519342,1.07843856241881,0.0
-28.6063156206299,194.10249145147571,0.9870833726750734,0.0
-27.869045988434536,192.631800342605,0.8434169585908985,0.0
-29.19068693003598,192.22337057010557,1.1347392782375385,0.0
-32.57655247644251,192.53144014151266,1.0375303245196479,0.0
-31.419045545547647,193.08426800164446,0.8918711504706286,0.0
-31.202410342616336,192.8259646170287,0.9818649787942969,0.0
-31.44829541229598,192.56216416537893,1.0794936755884088,0.0
-29.998476626680485,191.22537080739153,0.9284542220077754,0.0
-29.09421146387988,192.094850138461,0.8755393073154645,0.0
-26.581321669884204,192.31983197497524,0.9788773506202708,0.0
-26.275133144391532,192.0199025604627,1.0014221864823107,0.0
-24.752474958066262,192.44344094014193,1.069471945656058,0.0
-24.91296097162578,191.39037818394164,0.9767112979693181,0.0
-23.842184138275496,191.99701993577253,1.012967333429477,0.0
-22.60035599568936,191.55569534705174,1.0653280332786155,0.0
-22.520199604730408,189.96132560174897,1.0804097296122113,0.0
-22.99731868166171,190.52912422255045,0.9140946305180436,0.0
-21.841918145411434,189.7811334998387,0.989865643662355,0.0
-20.9668319984399,189.17461053789486,1.0240433924132437,0.0
-21.711193862281895,187.68947674797099,1.1839554896494455,0.0
-19.74795671501781,186.36997666182043,1.1401844969314778,0.0
-18.925067369240356,185.5814907235831,0.931454130383357,0.0
-19.087706445396822,185.80920251520496,1.1049698105362342,0.0
-17.748305430218856,185.18997785458308,0.9958497814948618,0.0
-17.216747603073557,184.61432401390735,0.9380512521341997,0.0
-17.975352157592848,184.3303439976404,1.1428919840467964,0.0
-17.620678506131952,185.37366767259945,1.059321134827092,0.0
-18.30482407651983,184.08446431160536,1.0330457857642215,0.0
-19.687168975284546,186.081651196495,1.0229063799359794,0.0
-18.799153271423428,188.0384182387213,1.2996179949858364,0.0
-18.48264401380816,188.30389919032484,0.9975752259746047,0.0
-19.49249231509442,188.3515094661425,1.124815382061557,0.0
-19.296469339422575,189.08344411965345,1.000262796479424,0.0
-17.745682923838782,189.48263151101827,0.931206617690585,0.0
-17.033341582613915,190.30057229972604,0.94579754332755,0.0
-17.19277012802179,191.4454342924142,0.8101415700071306,0.0
-15.241717350906692,191.41226020497933,1.0523384769510906,0.0
-13.984801907684282,190.57870004572956,1.080792461166353,0.0
-13.258442097893893,189.68895342333082,0.9640837193889157,0.0
-12.354685968416069,189.52961149965358,0.9948559943429188,0.0
-12.444313524084594,191.07384273280732,1.049867274357084,0.0
-11.399310643584274,189.26338626249512,1.1116766346339815,0.0
-9.591485378506642,187.97284095136607,1.0568238212815202,0.0
-10.775294084178599,188.53754063155483,0.9923644123730397,0.0
-9.234833266699189,189.24558624958087,1.1627207826252244,0.0
-8.106231300687787,190.71902566149507,0.8805444370401996,0.0
-7.343692218546581,192.00631005383656,1.0256536390134812,0.0
-6.929162465757175,192.92109866033186,0.999766678501197,0.0
-8.822066365972846,191.41970381157432,1.159120543977873,0.0
-9.403319510663753,190.43765429954965,0.730813235057989,0.0
-10.98851365680594,190.4309487559644,0.9046556685895505,0.0
-10.825022955116255,190.5028179425322,0.7812157549919604,0.0
-9.320451758802667,190.34511652366334,1.0498366034743574,0.0
-11.14587223393469,190.09131344529922,1.157753343466122,0.0
-11.018942262705668,190.77609072103363,0.9125666751945818,0.0
-11.871780278293885,189.70627703187287,1.0692444783597812,0.0
-11.976092668984588,189.4663637767348,1.011541936086224,0.0
-12.165697275914917,189.92547522414873,0.8292574062502449,0.0
-13.763402090437227,191.377212689184,1.1891185813006537,0.0
-14.674540578240203,190.83648255301284,0.9783246158338804,0.0
-15.784700239048929,192.99349992754995,1.0626285778294249,0.0
-15.623945062108346,194.48055688437688,1.0491984470845894,0.0
-15.293667120825159,194.91182405187624,0.963699467828873,0.0
-15.308276527775329,194.5503302760426,1.0785193099680106,0.0
-15.310471033930451,194.3507019980966,0.8372556884827815,0.0
-14.019449544708182,194.35571480032937,0.9956331169295717,0.0
-11.69552703105429,194.39706725149182,0.8448563358254789,0.0
-12.85769174651689,194.9874876688285,0.9196842138449323,0.0
-14.032390192408787,195.25474610007936,1.0868840415352823,0.0
-13.7837409825635,193.777050841144,0.9229061604074854,0.0
-13.596193061746543,194.4487551127565,1.0991314988014114,0.0
-15.523124714140435,194.96563881724333,0.9368214974142038,0.0
-15.885412070169176,195.07982096204017,1.1235565932204805,0.0
-16.514408040895514,195.69080798060045,1.0837923618816256,0.0
-18.01432754483783,194.97049664126453,0.9572544734499324,0.0
-19.52855816465997,193.39083527952766,0.9871161030955047,0.0
-19.72293815978332,193.99236237361498,0.9968509349997461,0.0
-20.666572022423,194.48413527025428,0.8376809976225252,0.0
-20.142700211263616,195.10736509990974,1.0112135222267804,0.0
-20.815873367067145,195.57313587488207,0.836395562012251,0.0
-20.268082171852896,197.9335236245109,1.2005598503158226,0.0
-21.822392481420096,197.6375061516777,0.8721230006059988,0.0
-20.847246319920618,198.32942240366614,0.9066636818255082,0.0
-21.228906204951056,199.90696247020185,1.0452603208990856,0.0
-19.79771267040499,200.11033085085452,0.9855358045379328,0.0
-20.02115004449877,200.3598525907074,0.9344843124040372,0.0
-19.927250434394942,200.05091059100252,0.8952399159979596,0.0
-20.549850470805335,200.71191625517395,1.0291281366937566,0.0
-22.337750095797098,201.06315124514538,0.8786312379383525,0.0
-21.989382450213977,203.1003999869446,0.9134040680811114,0.0
-21.63703995887111,200.5271916360023,1.0746929227995519,0.0
-19.907330781530007,199.39930006065632,0.8556995784775981,0.0
-18.704282786245997,198.0414711996381,1.0107379366020521,0.0
-19.346205371525972,199.50733443639018,0.889331698972285,0.0
-17.873158248697187,198.7258608651234,0.7430599731462302,0.0
-18.304383921938147,199.00099139674538,0.8389192304662183,0.0
-17.49957294673746,201.18335363463765,1.0921715523996325,0.0
-15.42985288323025,200.51693917453437,1.0595553694005424,0.0
-15.14033345367147,201.5004503719881,0.9756119252062124,0.0
-15.862764602788724,201.28695966832953,0.9168786597674029,0.0
-16.757212990261923,199.63401767878852,1.1802164284860055,0.0
-16.713839447154356,198.54033194662296,1.060533743901752,0.0
-17.86263758505346,198.32297191075443,1.033625318636815,0.0
-17.64564966778602,198.94828213201063,0.8695246603958122,0.0
-17.482849920716898,198.2112972177275,1.2148902626588238,0.0
-17.66256207473248,198.04328562866755,1.018269371610431,0.0
-18.00709334043828,198.10018764818165,1.05321153382018,0.0
-16.390196576479347,199.56312567067886,1.045078830876899,0.0
-17.63993751892336,200.32593872887284,1.0351535358180615,0.0
-19.001296638514347,199.13542138784769,0.9254457736649715,0.0
-20.08994414876171,198.9206273614827,0.9169164592450028,0.0
-20.356157443933373,199.85655003579143,0.959698445880342,0.0
-21.038019647917746,200.52315550839307,1.0102143211387424,0.0
-20.925660535336565,201.5963727928055,1.11799373439266,0.0
-22.334990908621915,202.17543750633146,0.998530027787442,0.0
-22.64067772989073,203.95625276193744,1.0757565119077088,0.0
-21.19507739976809,204.36356044632,1.0030614362356625,0.0
-22.283278498287796,203.9316624892193,1.0060019443996715,0.0
-21.121297875801723,202.48165995620732,1.0507340254903494,0.0
-20.080400160251276,202.2935649271375,1.099621125873306,0.0
-20.12784641973823,200.89859790258643,1.0800541688265555,0.0
-20.094811427839062,201.83739748787238,0.9249806162486165,0.0
-22.807189675004413,202.47507439297374,0.8935203262551505,0.0
-21.57030362751576,201.36498474178256,0.9387025336684793,0.0
-23.992482207795494,201.1212029914809,1.1443523227339312,0.0
-24.64776703902501,202.14809328321735,1.0967703805397109,0.0
-25.617233986552222,202.94247217763893,0.979219980288236,0.0
-26.482483630744408,203.30564133338447,0.9998488972473293,0.0
-25.43582138141176,203.7042494928928,0.936793107866729,0.0
-26.056766497847253,203.9675172426075,1.0796426770928003,0.0
-26.92524494752013,204.60181836619967,0.9322113929864821,0.0
-27.273593336064437,204.025656452331,1.0005691541395692,0.0
-27.296918069938783,202.12341022969204,1.0316184057431483,0.0
-27.05177481328031,200.92729157425956,0.950380126884669,0.0
-25.921131360138695,198.74138834106284,1.0879350380193245,0.0
-25.451141607262645,199.73837662345352,0.9532916582702622,0.0
-25.765513505653033,200.20936505053155,1.057901980427944,0.0
-25.61053013645449,199.1003025351291,0.9985654109245453,0.0
-25.90336317296523,198.20895767780544,0.8801039663127319,0.0
-25.39336647913791,197.7679459740016,1.1520250515664925,0.0
-24.522567943617528,196.40261443410807,0.9834900493199619,0.0
-24.374121457678612,197.0112875973988,1.1733451652879903,0.0
-25.452296611993667,197.64868486886326,1.0622389286702822,0.0
-26.36358737886573,197.41354413737545,1.0551193038284652,0.0
-26.21664818834825,198.86104713291624,1.0473133443830793,0.0
-23.86482157987498,201.08905671007952,0.9941909736377785,0.0
-25.26523310758893,201.3708368026339,0.9257815672481253,0.0
-25.6343711517948,203.89238099407606,1.1281180019011694,0.0
-24.58578135250917,202.52340289037284,1.1025473636389438,0.0
-23.192480056108128,202.47089732604132,0.8692373804349328,0.0
-25.54250742035278,202.9457627901112,0.9929024822230789,0.0
-24.66982764561596,203.4406473014747,1.041920373458093,0.0
-25.18092289923173,201.93121014343296,0.8193576759186056,0.0
-26.509961876902505,201.36197095194984,0.8528816060182851,0.0
-27.40540104036007,200.473458384836,1.1232053442699943,0.0
-28.286443317970367,200.75842860385183,0.859761445547069,0.0
-27.375896684061413,200.4928941326472,1.0356914280531044,0.0
-28.787286406748578,200.7892437656979,0.891633009043135,0.0
-30.62068137003452,200.36207232352365,0.9165545269076845,0.0
-31.545310548592376,200.44173821272673,1.100151667863452,0.0
-30.91492224568787,199.53738162323071,1.0422373515392431,0.0
-30.942163990265698,199.84671578950395,0.8524632613242418,0.0
-31.527752600523776,198.80754046249066,1.0479243140070729,0.0
-31.760616170952943,198.55933890775506,0.9726938688179699,0.0
-31.369156163777863,198.22372202498093,1.0251518083337656,0.0
-32.365713317114036,197.6482239824399,1.0650658529473818,0.0
-31.554464494890468,197.62152516319225,0.9186528352903617,0.0
-31.786911303112557,198.39019747276973,1.0121007911983777,0.0
-33.46753199920913,198.6584202532449,1.00405700069635,0.0
-33.0322652826677,199.41065232010746,0.7844151644973651,0.0
-30.97993134100359,200.27253388314963,1.003623449732149,0.0
-32.72452519100362,199.41068167465332,0.9588084678662728,0.0
-35.07999883575952,199.1925576045195,0.8647918748926404,0.0
-35.560337775807085,200.74938138727654,0.908012158949398,0.0
-36.087879189915704,200.5056752737599,0.795378802892804,0.0
-36.74902491081029,201.51732314594005,0.9103304615715381,0.0
-37.11035942903909,200.04602010190567,1.0734357840431652,0.0
-33.78860424193872,199.44573432641693,0.9218600775225406,0.0
-34.899336310517135,199.54951773527858,0.882422359194171,0.0
-34.66745209033517,200.21085398697124,1.0544873217122914,0.0
-35.454783617699405,199.45296338381732,1.2519524494953327,0.0
-35.29362447187007,198.6956585153541,0.8570356627223108,0.0
-35.422071198655324,198.22108039229062,0.9342185882488901,0.0
-37.25346197447685,198.06060322714737,0.8662835396415809,0.0
-39.13621035631687,199.22704661339506,1.059249092284061,0.0
-40.96808842239127,199.0547369532093,1.158704638763774,0.0
-42.100905196250025,199.4485395490982,0.7865977346785868,0.0
-43.49265839765169,200.59399831777816,1.0775782193346213,0.0
-42.90613321828632,201.70736144503513,1.0672548287006265,0.0
-44.359107125269055,201.47887737793718,1.0213314718607815,0.0
-42.58439800879981,202.23656542867656,1.0976819981528707,0.0
-41.81700863494003,204.09075954677425,0.9445735041205445,0.0
-40.458671541356544,206.05732426441773,1.0895010186044751,0.0
-40.77099480848318,206.15533035883877,1.010002033842189,0.0
-38.40111084410608,205.73617232170338,1.007080760008561,0.0
-38.42078680374383,206.6195095742347,1.217275574231205,0.0
-40.3107725932237,205.75591049770554,0.8485045728459892,0.0
-38.68228189254723,205.88679433844288,0.9686294469749597,0.0
-39.132771524950215,206.95998546069595,0.8117834247963833,0.0
-39.02176530080256,207.0802381629273,1.0054625503772188,0.0
-39.93419659138602,206.44828224410944,1.2092995064028842,0.0
-39.93001751333043,204.75405624716345,0.879856302076631,0.0
-39.900144497961165,203.2825075066715,0.9575831768884299,0.0
-39.914068954556065,202.4883816488549,0.9797767613490727,0.0
-39.25947395388737,203.1795987425091,1.2392427642668218,0.0
-37.81685465326969,202.7307429678904,1.0574294826183992,0.0
-36.98452810959233,202.47960873299132,0.8666199700335473,0.0
-37.18136449496246,204.02919136847288,1.0884995652552718,0.0
-38.24686234044369,201.78941706293708,0.9230452602090051,0.0
-38.181979308092664,200.8216215563808,0.9915383906627875,0.0
-39.02477697695698,200.77263186349603,1.0369461112904221,0.0
-39.16745050941118,201.49921584354337,0.9806639902874243,0.0
-39.503151459996865,201.2166211063302,0.8968256609315837,0.0
-39.91821830853779,201.87616636651796,1.0082759547502569,0.0
-39.667775094158,205.0454411161235,1.0328592104314538,0.0
-41.380857469985145,205.58630058982587,0.9082557651078931,0.0
-42.88634340315169,206.92275102772498,0.8935878412249608,0.0
-44.153976659829425,207.1695335271735,0.9615152982804251,0.0
-45.05589101196981,206.646409044834,0.8215281310002305,0.0
-45.525132320329135,206.40375624283436,0.9824699320947686,0.0
-46.15127892046897,206.3962381346919,1.0338099341200064,0.0
-44.99241192549258,207.13755530413275,0.9523917610144996,0.0
-45.4573295675408,209.39192889563478,1.0106526530965718,0.0
-43.456145306269875,209.95850133311524,1.0352441614229984,0.0
-45.42669259789589,209.01024380158498,0.8827190159624553,0.0
-46.882391456156164,208.66460617138404,1.1501650589887293,0.0
-45.88474745883704,210.64061880121602,0.9399932266996236,0.0
-45.10265782200884,210.65167517465605,0.9996156098446131,0.0
-46.9834076871167,209.61022027915672,1.0501252120010462,0.0
-48.347928332399114,209.73977642388147,1.0084724177837556,0.0
-48.69980287090344,211.69522849692407,1.1789444629046104,0.0
-48.756940186074836,210.36949247463184,1.1393865595714305,0.0
-46.08699661545509,209.70287883284217,0.9413083004995366,0.0
-45.213489794703015,209.25959569633957,1.0576652456440867,0.0
-45.55242922291131,210.0977922722038,0.8760589124035739,0.0
-44.52680672893904,210.2053223435299,1.0638052227583012,0.0
-42.691778412918104,210.61207818703244,1.0001532295766495,0.0
-43.10628385634017,209.39812378711633,1.1747993499578886,0.0
-43.31757313298813,208.58316529160925,1.0950657905639516,0.0
-42.61915882777967,208.91717317518277,1.100982169410827,0.0
-41.1548091982566,208.18714674008513,1.1555121335080438,0.0
-42.12937615149221,208.0811947388681,1.0605643018556619,0.0
-43.529121807527765,207.56275073353223,0.9636913735835988,0.0
-43.04047927662331,208.20186506865105,1.0548247906753063,0.0
-43.970681891901584,207.05631269709207,1.0592309648795715,0.0
-43.637669224942414,207.65708585444065,0.9580399328007986,0.0
-42.83443018813146,207.79104006537602,0.9709662404829013,0.0
-43.92661328324081,206.86817282484557,1.1568580232076484,0.0
-44.542549882622886,207.86717481145547,0.9656473366035914,0.0
-44.47351195555653,206.07445160016476,1.0846295422405885,0.0
-44.66362659189802,206.633788886592,0.9100154121025903,0.0
-47.25854372591893,207.58616029021198,0.8852321288547073,0.0
-46.26941029433978,209.8361695274536,0.9323952679913774,0.0
-45.292953928573844,209.2907080598274,1.1593202593253538,0.0
-43.69468997908117,207.95846953261184,1.1528846864448534,0.0
-43.33426135220863,208.5522660353693,1.076877833181917,0.0
-43.30889745131846,207.72052087772636,0.9073578984469756,0.0
-43.1935591593961,209.84425403425507,1.1076253603871817,0.0
-43.52847833603256,211.3320890054014,0.9305355557533351,0.0
-42.12667930019257,209.30220163927785,0.9416926747737188,0.0
-42.54861067249584,209.25068306932002,0.9206712847336116,0.0
-43.66473060747082,209.2282853547572,1.1376778718796265,0.0
-43.68236026771233,209.28214942756568,0.9712844273746087,0.0
-43.80990027934923,208.5661279136783,1.089074370268657,0.0
-46.35868908216034,208.99525563311013,0.969842100182413,0.0
-45.188932608540945,207.68701293500493,0.8952556357280632,0.0
-46.24330228571457,207.52518102415394,1.1225593718841822,0.0
-47.882174407973366,206.55398298454983,1.0360334195535839,0.0
-48.04671906025145,205.21423368714537,0.9519916739869616,0.0
-50.05175923838472,204.19174169794817,1.0738119881568127,0.0
-49.7183690495056,203.20433136299292,1.0779071729687677,0.0
-50.20643404848121,202.88193300025065,0.9919537873519698,0.0
-51.68994663970202,202.76422698078017,0.9848716340195716,0.0
-50.880110889005685,202.11355911737607,0.9780579203815358,0.0
-49.14331336970693,201.11474545573483,0.9339645945477162,0.0
-48.6224403821227,200.2300867778162,0.8983383179108521,0.0
-47.065386265401735,201.79902800366673,1.0821485425329345,0.0
-47.77727192094392,202.16663632260816,1.0462119131625307,0.0
-48.68473026927552,202.4728414257829,1.177923612748959,0.0
-49.93648199331839,201.24627964048912,1.1669262438028127,0.0
-48.890993306078286,200.16699591581153,0.9202791298034078,0.0
-47.671623738145726,199.80754786092245,1.0359849183363203,0.0
-48.52638805645825,199.2503365458748,1.2013174477903341,0.0
-47.62885853590358,199.9277491802052,1.0722877315820682,0.0
-48.403519533816244,199.43749331563447,0.970205865629055,0.0
-47.32755316439789,198.14655749747433,0.9537244983837528,0.0
-47.14649749436811,197.29347234845156,0.9679008524844669,0.0
-46.88723199398467,196.25719907104914,0.904817032246255,0.0
-46.6630729362201,196.80624505294918,0.9527330895604997,0.0
-46.194517175422234,197.53908949057222,1.0394563466657518,0.0
-46.27168443289992,196.37129842770418,1.1078003616982237,0.0
-46.46928124321446,194.77091625428565,0.9990762224651809,0.0
-45.51504764487832,194.30086671485242,0.9624079483081169,0.0
-46.22089198162065,193.60710255222722,0.9879360387344884,0.0
-46.67096437865723,192.66821141918945,0.8564816600475451,0.0
-46.74591225616623,192.28851122858313,0.8838106508661253,0.0
-46.336798422268316,193.13609282569558,1.0848241151065976,0.0
-48.42329097179295,192.22801736333608,0.9287880658217984,0.0
-50.198453790639654,191.67512572482198,1.0611880364023647,0.0
-50.45491571939744,192.7807686834733,0.9666631437587783,0.0
-50.199405610691684,193.7602246414838,1.1189445285923758,0.0
-49.30554207023034,195.46089969865739,1.3177557171847147,0.0
-49.87013246387241,194.55272120518336,1.0185144679093725,0.0
-50.617982475840044,193.26579984164596,0.914638840267965,0.0
-51.245779025246435,191.00654812535052,1.1905690063352536,0.0
-51.399551596849285,189.87985117758973,1.1182733872891242,0.0
-52.00923229233847,190.02703230367962,0.7721746502048351,0.0
-52.368248623907284,188.65182518251487,1.1243592250133476,0.0
-52.26126598339822,188.2627830314795,1.0684053113913916,0.0
-53.807067714443036,190.6371168316495,1.0884236608016897,0.0
-55.46087594800742,190.17670158540682,1.0063906458098533,0.0
-56.03016191052453,192.2164096884792,0.9308838257155694,0.0
-56.14536727607837,192.09180310021628,0.9639784341014138,0.0
-55.72681413645597,191.43819211261354,0.8561745655810898,0.0
-56.952458471787644,191.77636544802837,0.9251069220835829,0.0
-55.22599340001466,192.0891918962566,1.0010352707839567,0.0
-55.21379230179271,193.35309565570026,0.9230765580233062,0.0
-56.22334430252464,193.240674041987,0.9745579067245702,0.0
-58.10884627241632,192.6920128336027,1.030624367653762,0.0
-56.99103166393984,193.28409472615704,0.8584083818278346,0.0
-56.07743036830862,194.33895577957188,0.8760464652711571,0.0
-56.30975258624599,194.03365361869257,0.9240892774279862,0.0
-57.0626364387155,193.82143517581977,0.9457732435795367,0.0
-56.13370290583392,193.94980123129665,1.0655349358234036,0.0
-54.44190651759285,194.23074080903103,1.0000721535346562,0.0
-53.65873571757377,195.32760959262947,1.0820923775148252,0.0
-54.06105253268705,195.5251586484389,1.0318747198438465,0.0
-53.38728328939344,194.68959323716146,1.17795030009565,0.0
-54.22299194012621,193.19831517459772,0.8857185470295248,0.0
-52.467248178515895,194.27178824007834,0.8553646181516226,0.0
-52.57188853017346,194.1645966297049,0.9562719340785518,0.0
-53.34606785013278,195.20070082255978,1.3170111986362774,0.0
-52.81699389146307,195.3724728001507,0.9218597195120533,0.0
-52.99308874022656,196.15471973179802,1.1289959987847977,0.0
-51.310738399391504,196.81555294779278,1.0651714708426894,0.0
-51.27723191987473,197.97778047273172,0.9752445828633824,0.0
-51.47368241034549,196.5333681657162,0.9673195047882601,0.0
-50.77380261924638,196.56771129207704,1.17400944576179,0.0
-52.61845231531538,195.73170493760398,0.9233868342792667,0.0
-52.39404419309367,196.39908647661912,1.1198124409663324,0.0
-51.41264513593376,194.54922505041773,0.9641203103772921,0.0
-52.89119003372241,195.52981506458147,0.8653455189819549,0.0
-52.582933234871795,195.39003928920297,0.952434716878542,0.0
-52.94878079321906,197.11946217401143,0.8333419629136632,0.0
-53.54634687381093,196.90819340731403,1.1780820694766678,0.0
-55.92751228952563,196.24616215940583,1.072129051881703,0.0
-54.19709631180411,196.01343513864492,0.9758013323196588,0.0
-54.60032412018121,195.41485558472942,0.9816466080712409,0.0
-55.821833803507786,196.65224753513607,0.9965166267359846,0.0
-56.971357615595466,195.4091764094893,0.9954494438239614,0.0
-56.7970388772187,195.06624024831828,1.0842959786604482,0.0
-56.64712464399491,195.90366759118524,1.0909524243212128,0.0
-56.61981983766626,196.16942720432462,0.8693834422389434,0.0
-55.71102607467185,196.83900949725435,1.0078489208272832,0.0
-56.53207667525623,196.8300587250996,1.2876444763211807,0.0
-57.51071950341185,199.4731865381838,1.0241549146104976,0.0
-57.62061504560531,200.59014849707037,0.9856883707215872,0.0
-57.992188900887626,200.8988586568529,0.8741194921655309,0.0
-58.674811237852424,201.7322981556017,0.8724062332178064,0.0
-57.73851238543233,203.23978334126738,1.0075267510235715,0.0
-57.72219725543419,202.62496650927758,1.0263937605472504,0.0
-56.782742825735696,202.17680185176,0.9428412261921788,0.0
-54.84068716103338,204.2925612877511,0.8977903698025926,0.0
-54.04736349413397,204.18981241984585,1.0598476040396716,0.0
-55.23131248199341,204.62539330195747,0.9260330586198562,0.0
-54.90294819740092,204.71945716976467,1.07907902710735,0.0
-55.9737228440196,204.3864352947628,0.9621573716300471,0.0
-54.24501664504556,202.88398903495963,0.8538108653183416,0.0
-53.401502179732795,201.71842753797927,1.0885547017695743,0.0
-55.26780816456937,202.74821383316373,0.9858267569734807,0.0
-54.96026243178075,202.39274392114018,0.9535423900055374,0.0
-54.35499733612748,200.42452332832036,0.838449257493066,0.0
-54.178678238354905,200.80273133227328,0.8290407027246092,0.0
-54.57084186684416,199.19216636852008,1.0316383106597182,0.0
-55.614274165175644,198.81953925787928,0.9936876171390928,0.0
-56.87014237905598,197.78203781741814,0.9186212566647198,0.0
-56.72839872481139,198.18409965385484,1.0208879834627653,0.0
-55.448543499961254,199.7474706367935,1.0434455946708332,0.0
-55.69660853754827,199.89491058824433,1.0622005037403257,0.0
-54.625631835741025,198.9617710501572,1.209506883038653,0.0
-53.426344719678845,200.5360026792696,1.1631992590822073,0.0
-52.009909728394646,202.59532822159966,1.0120372943709524,0.0
-52.47496994805097,203.3584363775958,0.9636510081545359,0.0
-50.898280129771216,203.22885147140636,0.9565535543153921,0.0
-50.394124759135124,202.07189457876055,0.9897824207187882,0.0
-48.64850002120674,202.17546625512767,0.87173774491427,0.0
-49.56239593776722,201.7104550205172,1.0661023240086347,0.0
-47.902461011350184,202.65515793821942,1.0244465379397842,0.0
-46.688073996917346,203.6551605196072,1.0268257663753744,0.0
-47.30797919428303,202.31946411383112,1.0152565179979212,0.0
-46.8155832890087,202.59229460373302,0.8814250765287406,0.0
-47.341471614275264,203.14380112491705,0.9823380846483677,0.0
-47.70215376815674,203.4164969588895,1.0737725034503562,0.0
-47.705179198331095,204.91051355509362,1.0492943242734751,0.0
-47.30350087966655,203.83056673907765,1.0387757261878734,0.0
-46.353270840627566,202.33877830708246,1.057245073904237,0.0
-44.87991876206076,201.83219800075034,0.9411116035151562,0.0
-45.58856652289602,201.02928020954187,1.0197842154192343,0.0
-47.265159323721,202.64847514857382,1.1249849977141584,0.0
-47.49962437443511,202.7429357110758,0.924688757509524,0.0
-47.1048361613829,203.81917877697597,1.1057242733490837,0.0
-46.38049238517261,202.25951635903462,1.056418475113011,0.0
-45.9249273710577,203.13886903936293,0.7586119419158621,0.0
-46.55463572606181,202.4436672660846,1.1461757046036194,0.0
-46.07889878070105,203.33586285245096,1.0751186252795901,0.0
-45.716592313460886,203.08951515801266,1.0216300891151284,0.0
-44.448513942705134,203.4971254484206,0.8357658179436602,0.0
-43.128657747874094,204.66276535636896,0.8721408576467958,0.0
-42.70393728503175,203.89693782736651,1.0708935659985972,0.0
-43.41797096207029,202.83491176714202,0.9759631953460634,0.0
-44.273140241811774,203.63336201571627,0.97958882417951,0.0
-45.560480639925814,203.0057725250475,1.1036186684716558,0.0
-45.662000494877134,202.70975090391295,0.9191762904349643,0.0
-46.09039756372202,204.22013080587507,1.0133409136312588,0.0
-45.70798441142388,205.5598159919442,1.0460079720144937,0.0
-46.36374380528502,205.77006066497776,1.0357574515338002,0.0
-47.26441014982593,206.65710714481634,0.9261121963192758,0.0
-48.34047957958545,207.55198232063782,1.033517453765687,0.0
-48.96014422900621,206.68792249154365,0.9362905154826672,0.0
-48.98373569619818,207.45885367206432,1.0583820249951132,0.0
-48.6183814269352,207.09743262353874,0.9778896404989313,0.0
-48.12671111513795,208.0620342334794,0.9526652206050376,0.0
-48.725339121392395,207.95509787283592,1.0356310558309705,0.0
-49.01874023618121,209.6341463640947,1.0449271348361704,0.0
-50.76126694377186,208.28038652058896,1.0215972628617243,0.0
-51.4070109795083,209.02111580871073,0.9264686246834212,0.0
-52.178806111075396,208.48067977598737,1.1906227263017028,0.0
-50.43892356444901,206.67883070508313,1.0971402587633843,0.0
-50.94743862538456,207.74448525079865,1.0193869100180215,0.0
-50.7889139339623,207.17158984786371,1.1304728113574323,0.0
-50.17956488925872,207.40710039464577,0.9795476067800963,0.0
-51.16572400338037,207.1994132155605,1.1589713653202105,0.0
-51.48245215270549,205.9776483650813,1.0867517926492993,0.0
-50.850255216006694,203.85440397419944,1.0546990956367468,0.0
-49.64759051484066,203.82160771672702,0.8995124750769984,0.0
-48.756242328956134,202.26870518166442,0.9611101465483086,0.0
-48.752792465649215,202.74259768425904,0.8270661444398606,0.0
-49.45867299115423,202.48618206633162,0.8578286568113929,0.0
-50.92930168109568,202.5422890675506,1.04375865953144,0.0
-52.06725349144706,203.56365021217837,0.8472008822230683,0.0
-52.20312613471451,203.38644418129047,1.026650688949347,0.0
-53.185790439184984,201.08831686434667,0.8734914463019599,0.0
-52.94245758398959,201.76652193396237,1.0466327334263896,0.0
-52.0207299707288,202.3570874183757,1.0205138729050456,0.0
-51.018123943558955,201.9157531336867,0.9734744807284702,0.0
-51.10524715703237,200.58099132833723,1.0117873709251084,0.0
-51.09238302748313,200.44027585299915,0.8809469152184345,0.0
-51.22150107785278,200.49848562957314,0.8396411134386165,0.0
-50.166190658545986,199.7982368051618,0.9151040168164348,0.0
-49.35782957443391,199.367853987717,1.116601489460662,0.0
-46.64905899543101,198.7735907010857,0.9958393064808667,0.0
-45.98410670879706,198.24202673737958,1.1122941031074287,0.0
-46.38417012970397,199.17811478261015,0.9277986324204713,0.0
-46.02229257156385,199.42956016781412,1.0606308936111954,0.0
-45.747879718441524,197.97721872851932,1.0277284612775623,0.0
-46.09244763239479,198.5568363320693,1.0719427541517137,0.0
-46.23193225227617,197.72403148051433,0.8379998113012731,0.0
-46.934341718488724,198.7098160063457,0.8713869800409666,0.0
-45.386410097451744,198.62097644159726,0.9211423456416111,0.0
-44.71342951127774,199.5976515067067,0.9763337014930689,0.0
-43.2558393199535,199.89110467148868,1.0930987425655216,0.0
-41.63281338555347,198.47155199315853,1.0092536922496242,0.0
-42.042754875259206,198.31870828468897,1.1657113534148003,0.0
-40.67764187968366,197.277307446063,0.9632528219198562,0.0
-40.68812577688308,196.42010037917842,1.0849998734511606,0.0
-41.08428129370005,198.03211720872469,1.041181271362091,0.0
-41.893321179105435,197.85637613908202,0.8376421212706462,0.0
-41.34247470521028,198.432749484297,1.093312644658961,0.0
-40.524284372550866,199.3879230567418,1.1255292027252575,0.0
-38.7990670418418,197.87615684521393,1.078769694483139,0.0
-37.44688675459431,198.26119148109316,1.0874030464838143,0.0
-38.418606460504094,198.58360018784649,1.0448428770160216,0.0
-39.025916803068824,198.38329217288015,0.9329208020473179,0.0
-38.218890114355645,199.10543395708774,0.8984527085208369,0.0
-37.72016146041793,199.09475401467313,1.2081479456500124,0.0
-36.11055073587338,198.76157667857106,1.0014441125451468,0.0
-34.90133496052992,197.73672076196289,0.9485450175854253,0.0
-35.97492177921284,198.8343711679554,0.8979137133663581,0.0
-35.719116948620325,197.99952873063003,1.0321509771639878,0.0
-34.625220174635146,196.4825915219193,0.9733674854159642,0.0
-33.28281779509621,195.25062438602933,0.9376910924137205,0.0
-32.60156033849696,194.79514256827312,1.1362713951261858,0.0
-33.54550109090118,194.79561305018444,1.0992166644062877,0.0
-32.335786725157966,194.94412767576642,0.9286997765123212,0.0
-33.78163279908965,194.18523483117193,0.9820511123765575,0.0
-32.75031605624191,195.4489148422286,0.9012585020494465,0.0
-31.281455091994403,194.79345274667372,0.9404027045021569,0.0
-31.197506275663645,193.0784189606392,1.0314984209521716,0.0
-31.309402469509195,192.3496203273356,1.073494969511563,0.0
-32.314641198128,192.7639522282652,0.887532790504896,0.0
-30.62502581412047,191.37794313059723,0.962266091965892,0.0
-31.875428291959143,191.20869942892463,1.1658364054076487,0.0
-31.167972788897377,191.50380649261854,1.018348948284163,0.0
-31.737390328127375,191.8046762762021,1.1747611979782908,0.0
-32.61846687966927,192.3618223527168,0.9807303807352323,0.0
-33.84482418193191,192.4483321080504,0.9969758788120623,0.0
-34.40883301893709,190.91465442682113,0.9334786902508393,0.0
-34.04271120945826,190.5852894931645,0.8620309082268137,0.0
-35.0530704138098,190.98481794373313,1.0251589219858714,0.0
-35.90301233391209,190.27772841712394,0.9877515814810971,0.0
-36.32589032100393,191.3099074292507,0.9216757744568653,0.0
-37.991844344688964,190.08826490847233,1.1230765715713442,0.0
-36.757267128090135,190.35025760948938,0.9153314017009284,0.0
-37.64064906344955,190.4319273789234,0.9061544695565203,0.0
-38.126735524338436,189.9777188771848,1.0072059689369224,0.0
-37.96874571691212,190.0747525512156,1.0115534834687356,0.0
-36.675963621158004,188.97851923717727,1.0576170246885865,0.0
-35.528446102987914,189.51582069108525,1.1113174104556809,0.0
-35.531657231186905,187.7607887361088,0.8424972102261123,0.0
-34.78624649027239,187.60540737671772,0.980919777691069,0.0
-35.91407958789269,188.7218066271455,1.1816481183279393,0.0
-36.9920606785423,189.4362882429513,1.0298875307322823,0.0
-35.4386886838878,189.25308737382468,0.9156867150202904,0.0
-35.54626243489477,190.24217184241343,1.1289342681750523,0.0
-36.14742967753523,187.99060139323936,1.1554778570466617,0.0
-36.7423129558877,187.99459216538384,1.1701693464695453,0.0
-36.79617282845481,188.84100363266597,0.9229153509695913,0.0
-38.63109661468073,190.28943688023355,0.9053526216158551,0.0
-38.21920784112633,190.7140762099561,1.0230220216849786,0.0
-38.17735962808032,191.99642915492794,1.139734661666536,0.0
-38.8497410287757,192.65425588001324,1.148779447210678,0.0
-39.07155089294785,192.0258874131584,1.034050433343795,0.0
-37.900463302826594,192.82739832728578,0.9361099701755228,0.0
-38.232112534092366,195.00539632830737,1.1406874888923917,0.0
-38.25259661288579,195.7659529077724,1.0234069078889567,0.0
-40.32172873176238,196.45363951627075,0.8170677593801656,0.0
-39.484391455052275,197.19471859525973,0.9571065605025343,0.0
-38.01912670133703,195.50268546211518,1.0150154502887936,0.0
-36.45585106238052,196.09267895275644,0.8857492747060647,0.0
-35.58304952026646,196.43672972136747,1.0927422687348791,0.0
-36.43231765503615,196.68414866110223,0.9981138141170836,0.0
-36.486959861253496,194.9070036847558,0.8258301663762311,0.0
-37.155278531723994,192.9828868844956,1.0948873661459637,0.0
-37.45311812917009,192.84208838188158,0.8582928353021498,0.0
-37.41374158947845,192.79427891424965,1.1846466622222787,0.0
-36.29785039900394,191.84517557107978,0.9798592812224259,0.0
-35.403167905058254,192.79436437661224,1.0407888429308654,0.0
-35.1315548385102,193.12391594456162,1.0864419103107539,0.0
-34.790497146624155,195.91346811602614,1.0206911417784486,0.0
-33.250623347219616,196.34123635356852,0.9831461488295516,0.0
-32.856115023062436,196.14040494742406,0.8932009610528456,0.0
-33.2330688898129,197.10497402031993,0.9667841430416667,0.0
-33.456783188580225,198.13320118501522,1.0864867953444914,0.0
-34.18228776443156,198.36163513110895,0.9358104196243862,0.0
-34.767218385880795,197.17469611832792,0.970657020499282,0.0
-35.28065223383428,195.17954379341998,1.0137746267840606,0.0
-34.79717761164261,193.95491805131903,0.9865675090952382,0.0
-36.69458262974273,194.8365052191076,1.0251442494371517,0.0
-37.34794759213806,194.6232664599549,0.9164799475450197,0.0
-38.20147775246249,193.9208615556005,1.0813359606127868,0.0
-37.70525480462244,194.11354998740936,0.9220730930765115,0.0
-38.69213234787972,193.5807539336548,0.9691225260594264,0.0
-38.29112418642447,194.92719064641284,1.0607872712007709,0.0
-38.39049875458822,194.93081419652694,1.0401448761790524,0.0
-37.38905997202592,195.82594812108945,0.9735369637335419,0.0
-36.62063483549435,195.20797268792032,1.0066270212274206,0.0
-36.16378347799537,195.62126348241688,0.9678873479268583,0.0
-37.927913511499575,196.83127618300017,0.9332846971197759,0.0
-38.758635563775265,194.93062553800405,1.098843941915627,0.0
-36.64152299670369,194.78889155411562,0.9189121576275138,0.0
-37.54488492842064,194.1670140662105,0.9237439311339821,0.0
-37.50381495924788,194.26316418479126,0.9635918798146507,0.0
-36.75277842060491,193.30994693790194,1.0077403006623584,0.0
-37.25461633766233,192.18990513156328,0.89197852542624,0.0
-38.49042265920333,193.4956748150137,1.120982663721939,0.0
-34.80491805077182,194.26877037050653,1.0586312769234096,0.0
-34.63678911358957,193.26471180786567,0.9233751002636136,0.0
-36.433964027006944,193.8361577778529,1.1286846615448198,0.0
-36.54638990928804,193.7195853124356,0.8233687027673628,0.0
-36.925982457332154,193.0202705745031,1.0179309555428253,0.0
-35.1062660853516,193.49014369104162,1.148584550629066,0.0
-36.33607665069186,194.38523154107006,0.8993347185360007,0.0
-35.12161607526159,193.23198166350062,0.969829769625979,0.0
-35.45875480320792,192.85307108784355,1.0690738711249304,0.0
-37.28854707656183,192.59969852652526,0.9665211263176288,0.0
-37.20586732502223,192.92201954600048,1.0306535833827226,0.0
-34.22281560193904,191.9195617234612,1.0340567990318068,0.0
-34.60905464133353,191.63572875785619,1.0341386988256072,0.0
-32.224538382962415,192.969235829172,0.8472491689675047,0.0
-33.41664700319502,192.7769309917373,0.974172234140813,0.0
-32.2922436684227,192.07430651651052,0.941138648686385,0.0
-31.190553954910246,191.7830489340799,0.9672999019627175,0.0
-31.631995863956053,191.4782677420628,0.9813096413224095,0.0
-31.212159260970623,192.87246175379087,0.9735395273532319,0.0
-31.172438678207786,193.9890239457106,0.9039338892708123,0.0
-30.809429594890005,195.13916082025966,1.047632944706001,0.0
-30.575690979151556,194.82179863458407,1.083147049650872,0.0
-30.02275617271859,194.99586349819512,0.9924863878562986,0.0
-28.957583843001387,195.12518699785213,1.118023643280718,0.0
-29.80961697600251,195.70551856630144,1.1004376170284798,0.0
-29.70795757029207,195.54205524989013,1.021113327405781,0.0
-31.42588685048805,195.3125911169842,1.085282382423059,0.0
-29.69160314755636,194.83269590216034,1.1320874885241639,0.0
-30.823312909106317,195.38994936830753,0.9648673211321667,0.0
-31.514820622908857,193.50909773345452,0.9286392862151238,0.0
-29.213572502705112,191.7810081302455,1.0449947931896837,0.0
-27.860703536992133,192.61958733258012,1.0255097041201198,0.0
-27.574548723696864,192.56564175455495,1.0972056337452325,0.0
-28.713149527260942,192.57389404553814,0.9623444828248453,0.0
-29.60640870297303,191.74437952983774,1.111269192130477,0.0
-28.376578311597722,192.99503542191584,0.9175727004148655,0.0
-30.126942290490092,193.28715744934507,0.8767807770247369,0.0
-31.295018272997883,193.3953686469499,0.9339186639038395,0.0
-29.987178166553164,193.13002695838986,1.115809407555098,0.0
-31.79941627834531,193.05311668586907,1.002251176687796,0.0
-32.148957234959255,193.90116786277878,1.090073496151285,0.0
-32.243295407801476,193.29763286150325,0.905275667116182,0.0
-31.510821098416123,195.35935915108251,0.9666681911549637,0.0
-30.799342114317874,195.1562569138027,1.101060244740893,0.0
-30.97387116717239,195.0886822864184,1.2257157480698826,0.0
-28.727654590267626,193.69255176819723,1.169069724358349,0.0
-28.045123116665568,193.01101388665765,1.0362347583516829,0.0
-27.35640966518766,191.32109832445678,0.9839384308750655,0.0
-25.381536940821285,191.619977457149,0.9096218115477712,0.0
-26.498233235194377,193.08753462376112,0.9920457654251057,0.0
-26.450860949123452,192.32017862513305,1.1974229830436434,0.0
-26.559052482635796,192.40543367387258,0.9103848130607338,0.0
-28.975986712885653,190.72259483223647,1.0235746304531295,0.0
-28.953967059711413,191.08396765308567,0.7537998398100807,0.0
-27.610977060428265,191.18104784549465,0.9069318785906899,0.0
-26.885031282069647,190.0574693511456,0.9907306002336201,0.0
-27.47305369161428,190.34106336414243,1.0127893323138195,0.0
-27.44765327404626,189.61901274020673,0.8485589053287127,0.0
-27.767077683708145,189.69562944763666,1.0196779893691812,0.0
-26.632323224049927,189.68262621501358,0.8812656457336768,0.0
-27.46430368726126,190.0333064255578,1.0506749688825932,0.0
-27.320961000460414,190.31480195599266,1.0036808605212284,0.0
-27.86014464934625,189.8237372658503,1.0458566324669072,0.0
-28.576784080288984,189.73650673441213,0.9659302240165016,0.0
-27.386060723005187,189.81957946198366,0.9494740131293273,0.0
-26.68218209289699,189.0514909937039,0.9252944268463339,0.0
-25.513506237471894,188.49381954931226,1.0501751829612462,0.0
-27.264362010473718,188.29923029217036,0.9266565863320424,0.0
-27.34284813662209,187.98175030978186,1.0592222395303854,0.0
-28.308026419055754,187.71053525575044,1.121361895114209,0.0
-25.75824112443108,185.15033668045896,0.901803591721184,0.0
-25.801521749130828,185.6627562517527,0.9797413009302433,0.0
-25.740476361923992,187.4861479909963,1.070025200597384,0.0
-25.885910030182373,188.6367948064192,0.9930777957472168,0.0
-25.7669705550847,188.65881046998385,0.8805382330266198,0.0
-26.564331521750088,190.61756246819098,1.0786165405444308,0.0
-26.128529520125888,188.30718384874532,0.910520187336928,0.0
-27.2486570344924,187.9417126559993,1.0682377309350932,0.0
-27.310090676020298,188.2640779768318,1.1674902071684885,0.0
-28.701655171968778,187.1990537873375,0.8028502989404342,0.0
-28.87379275227123,187.86521408999647,1.0297336057690087,0.0
-26.803672975948345,188.93930591401124,0.9675150358271816,0.0
-26.1785867370917,188.51759084726282,1.035359910999024,0.0
-26.69684180464738,188.66182609621677,1.0511101648168282,0.0
-28.574392062379534,190.06155843868524,0.8797192605887464,0.0
-29.518217615464497,189.26634905058717,1.0950751812024206,0.0
-29.403226569542355,190.85878807333262,1.1029609382258945,0.0
-30.415213496193196,189.6234956347366,1.00798367145321,0.0
-29.661579329657382,191.37022276316594,1.0249378485861083,0.0
-29.218598347367973,190.63552275991722,1.0291415787991682,0.0
-27.951233881905818,189.72960646955647,1.093477188977019,0.0
-26.162571363303297,189.62852462638693,1.0785197935564812,0.0
-27.908643549484346,189.44636993546715,1.2430268757187442,0.0
-26.508773992306537,189.91350131336992,1.0080854182691235,0.0
-26.0014346928294,189.9761140775971,1.0624935946655707,0.0
-26.063219243145642,189.33462005029895,1.1628068862280716,0.0
-27.521224602216215,190.89033244694943,0.9162318114194486,0.0
-28.17776977023337,191.2299143760422,1.0637031658405989,0.0
-29.512643017233398,191.75898117296455,0.8486101955692794,0.0
-31.018558407426678,190.464986283127,0.8739571510045449,0.0
-31.497995999548028,192.01743263608031,0.9826565122997639,0.0
-31.06038797885545,192.59751483874686,0.9948242075962629,0.0
-29.8131398523542,192.36844823273802,0.9796763819302918,0.0
-30.4923520350485,192.45845625702287,0.9361347657606481,0.0
-30.185689743865872,191.86856542547764,1.0422025568124034,0.0
-30.109568426116162,191.42026089052814,1.0913836710591642,0.0
-30.383029423961474,192.8436718371469,0.9377315119099882,0.0
-30.90742189511377,191.37521865942898,1.1904763723227754,0.0
-29.864333503558882,192.5649880100077,0.9162774923345527,0.0
-31.545578644754368,192.31930273867408,0.8572260748882501,0.0
-31.82033224753969,192.08284017763026,0.9412376439711453,0.0
-30.832616016195775,191.87970376896865,0.9193632094756532,0.0
-31.644539799442214,189.85501340843774,1.1469298064028264,0.0
-32.71862354042834,190.94282973008254,0.9080423653973754,0.0
-32.98205667095394,190.78453512439862,0.975345832971876,0.0
-32.959914819948466,191.42571487560704,0.9668843355311625,0.0
-32.950465766450584,192.30206741186484,1.1510633616469381,0.0
-32.123092762065866,192.5906741081087,0.7914777437180031,0.0
-32.187931010020016,192.61633170244554,1.2258785711261564,0.0
-32.392013548329324,192.33048421241682,1.0512748034424517,0.0
-32.3291446158601,189.3491885362521,0.9277374199886526,0.0
-31.52853102716911,189.9199920116285,1.1983969272371915,0.0
-31.37362401621945,189.03812396318145,0.8395602680915264,0.0
-31.85097989993218,188.8924783553329,1.0666257974285913,0.0
-30.810195240636777,189.43695899837337,1.0118894124575921,0.0
-31.820083102646578,188.33579435430084,1.0051928432245139,0.0
-32.357453471610036,187.02679728059928,1.0815948265132378,0.0
-31.447110301657144,185.31370749242217,1.0238110305236092,0.0
-31.24062832792681,187.05394990852147,1.1582749150820482,0.0
-30.40051496633191,187.26669599642267,0.9610683955003895,0.0
-31.844911507546406,186.30949940753231,1.0954241579417268,0.0
-30.269708411853344,185.05944779001234,0.8755309029942568,0.0
-30.89648584042865,185.4832377729712,0.9617032108629968,0.0
-30.708328273511817,185.4685140649689,0.8500804773920911,0.0
-30.22808849890171,185.50629371483384,0.7616064728823084,0.0
-31.44528016012885,184.97943002601625,0.967550230157544,0.0
-30.67814054378617,184.24326419354526,1.0645282221460601,0.0
-32.07591192901744,184.83319974160233,1.0657888760894672,0.0
-32.50534602502811,184.03098970740692,0.9335775318355765,0.0
-33.84975818063496,183.3856063960258,0.9385821208259303,0.0
-33.2841679598679,184.02333663276414,1.0080083119039225,0.0
-33.68644511136203,184.43842145937407,0.9398881036575228,0.0
-34.59103398350955,183.31800493569702,1.0086309507482698,0.0
-34.03449696386893,184.20568638238737,1.1003261772288675,0.0
-35.54112902806556,184.4865217174977,0.8963996689942291,0.0
-33.72231391446758,184.80127454967047,1.0094332428531927,0.0
-34.103858290783045,185.05061006831383,0.9269356650431761,0.0
-33.970430068768884,184.51015145041896,1.0777480474940397,0.0
-31.972763895204153,184.4380421609994,1.0662945253921152,0.0
-32.50513026683842,183.8187522990762,0.973538076682029,0.0
-31.065978137639558,184.17916365248465,0.9599445634789219,0.0
-31.411918625333684,185.47259393144282,1.07983351274325,0.0
-32.99006765072556,184.21503234832537,0.9182069048993913,0.0
-33.23687823513722,183.7316514898762,1.0821115328744015,0.0
-33.596231210953846,185.09122239941314,1.0672721020090847,0.0
-35.02582580708385,186.6224454607784,1.2094253205538006,0.0
-34.07815040556603,186.6344403911471,1.016686734337386,0.0
-33.70583201074911,188.14454579308256,0.8356150727046198,0.0
-33.87715460834245,187.88614670610266,1.000789415584461,0.0
-34.7194716628208,187.10396372608196,1.1393425471817842,0.0
-33.92475381346254,187.92667597374478,0.9709918935797708,0.0
-33.91321451812658,188.01131441178018,0.9831934491502008,0.0
-33.8487245480506,187.27527585280177,1.0234878330934378,0.0
-35.73341377584295,187.69164894484365,0.9526825025463395,0.0
-35.97508277233962,188.13979677744462,0.8913333908821153,0.0
-36.75592484341649,187.92726024218726,1.0456776347478975,0.0
-36.715445600666165,186.84598361517874,1.0016041993480909,0.0
-36.53210897050348,184.41782439611782,1.0609982079217604,0.0
-34.808393472481264,185.19089512350956,1.0298505037448493,0.0
-33.707600130005964,183.82064270550003,1.086598751311629,0.0
-32.819634776015555,183.30912531560162,0.9081863140616799,0.0
-33.472627689145845,180.9957884248291,0.954335306263608,0.0
-32.829503483495465,180.91787511647786,0.9931902187176245,0.0
-32.48968118988139,181.6067234235436,1.1805523304442238,0.0
-32.270610847096144,180.7081506633272,1.049240350546766,0.0
-30.898275896539655,179.8741984593569,1.0406758571158836,0.0
-32.224849047478344,178.97686157858183,0.9462098931549543,0.0
-32.467206243377895,178.18087653857853,0.9087468751483733,0.0
-33.92515220307413,178.95597006522885,0.9911435059131624,0.0
-34.05877941925368,179.19210256242135,0.9210494661821372,0.0
-34.40792373733459,180.2190085565373,0.9734067026443792,0.0
-32.0732349345633,180.85640291508665,1.038284998420096,0.0
-32.675913929075634,179.17202758615554,0.9627815100449634,0.0
-32.15012594832187,179.3835780161339,1.1351973990965953,0.0
-31.755309615159785,180.19232201413902,1.0868390958062082,0.0
-31.906419722861,181.4753704219116,0.9054821894007119,0.0
-30.305180599066713,181.81863172392343,0.9628948150576395,0.0
-30.508648220549993,182.0907256461546,0.9426443490072388,0.0
-29.68375541605995,181.96328356577936,0.7265682665072858,0.0
-30.852742257493055,181.190397526453,1.1154899689118594,0.0
-29.926405998248004,180.5321810605316,1.0446043031938295,0.0
-30.454021726331806,179.45752934734514,1.0232811223967972,0.0
-29.713887902303867,178.50878188622954,1.0369993108129065,0.0
-28.923618093289946,179.1194783063611,1.1727831373295388,0.0
-28.96563960859629,180.97894274596774,0.7501031220358279,0.0
-29.42237825749859,181.3788912835634,1.159007277819039,0.0
-30.351268223049125,181.97662952276303,1.097246206553193,0.0
-28.60272369273261,184.20933531171823,0.8321970632210676,0.0
-29.344516018501967,183.90051854108188,0.8655268928730544,0.0
-29.729138255805935,184.17940198115713,1.0312484164390978,0.0
-30.08692344287842,184.7685013292833,1.0096083909598574,0.0
-28.97971585457947,184.07850868029044,1.203112098207401,0.0
-29.29068028858884,184.5415006071155,1.1467674752752925,0.0
-30.841029211608866,183.58846612389183,0.9900281198977572,0.0
-30.94794387419249,183.06251840901666,0.9297503684621049,0.0
-30.10906536372815,182.57441177942394,1.161587090018966,0.0
-28.39353800308326,183.62555890670208,1.0531385006049707,0.0
-29.06358613110904,183.24020896266666,1.1694272338563867,0.0
-27.053221362118855,183.88965723501687,0.9753041739129832,0.0
-27.00312630240838,182.3317831573837,1.117151632277583,0.0
-26.447213724309965,182.35784152111603,0.9872741561579989,0.0
-27.240675315727724,182.41699080382665,0.9185806374191811,0.0
-27.09785971208218,183.18469485876605,0.9673262868143382,0.0
-28.102722548216867,183.55951134693734,1.0872189520250268,0.0
-27.761305876091892,184.13517797877748,1.0522779611539792,0.0
-26.354470145199233,184.512709336005,1.0046972103150882,0.0
-27.554015546928518,183.70933747550046,0.8166981783231955,0.0
-27.279067129627688,183.07996191032757,0.8333017589157271,0.0
-26.36152518776182,184.56512500038343,1.1224516689310449,0.0
-26.97629265167966,185.80165710922603,0.9061019211773358,0.0
-27.928159096017293,186.53298071578425,1.1692593341176576,0.0
-27.47008161115451,184.9739446074442,0.9145535168855357,0.0
-25.506912776774254,185.50968567425105,0.8706562769815606,0.0
-25.66858268898138,184.74566818156265,0.9750104125922558,0.0
-27.220318616446278,185.9129412024571,1.0451751632978799,0.0
-26.6195386772492,185.2647989040947,0.939946490072566,0.0
-24.59991726717306,184.03377173401358,1.0096191872330722,0.0
-23.997061105892893,184.89566433776875,1.1570804284572778,0.0
-26.178783972543922,184.9156227868236,1.1662424328467604,0.0
-27.334958795886646,184.04166174795324,1.0442677537450862,0.0
-26.065164538650638,184.39453486270034,1.0043389516310472,0.0
-26.0214319318716,183.97936153541852,1.0797666133017858,0.0
-27.246711257840175,182.22861359722916,1.0501957475329748,0.0
-28.074328992534202,181.1324978363505,1.1126537448722562,0.0
-28.727238234681774,182.11075760491107,1.0872769924182215,0.0
-27.348370213988506,181.15448459460143,1.2122959578431023,0.0
-26.3372635510155,181.8006395475309,0.9783752379813175,0.0
-25.45258466972625,181.67409762658255,1.0025709218784167,0.0
-25.311677292362933,182.75975166818776,1.1475363817960726,0.0
-26.872540317449932,182.89059667399522,1.0814937207749258,0.0
-25.62333900939746,183.62946498158232,0.8712648093995042,0.0
-23.548455238238645,183.4784279065603,1.2471502578312885,0.0
-24.85629874235817,182.77421136886565,1.0838275765893646,0.0
-26.50622267925043,183.98210225335146,0.939676981559642,0.0
-25.216030352017345,184.54716456093058,1.0477547705400154,0.0
-27.2365128769227,184.16003143511128,0.879170868510344,0.0
-28.538490570051994,183.29013123002267,1.1532378884121715,0.0
-30.56428689253535,184.38182359687386,0.8780298002441023,0.0
-30.904853891228342,184.18688498966807,1.0036369662400995,0.0
-31.54758958061747,184.1423633640456,1.0127054599686287,0.0
-30.472479781830938,184.34090518672318,1.0169142184625883,0.0
-30.601055022895586,184.368559174532,0.9891257394050643,0.0
-30.580358891920678,183.36795407033873,0.9901347621468687,0.0
-30.887308033945132,184.47309358278676,1.140676664207324,0.0
-30.41827981038276,184.3873579156894,0.9871066753605,0.0
-28.187847309055737,183.15673991517278,0.9845673411074288,0.0
-29.50251992195882,182.7010480472187,1.0687502563940685,0.0
-28.51618334385361,182.80145886240103,0.9568460680049875,0.0
-28.961424310977378,183.40002811626175,0.9768657041094588,0.0
-29.63918780473403,183.7779818516355,1.0458952497166942,0.0
-29.910779119269243,183.15738638660008,0.9805027612412994,0.0
-29.856128707428656,182.0106280627752,1.0026063611405165,0.0
-31.16632985716186,183.1334945014194,1.1190027073875841,0.0
-30.02269015008574,183.01257090196845,0.9539536630734722,0.0
-30.43598493086633,182.07270846321012,1.155723655017446,0.0
-29.15129271566725,181.31011338856425,1.045391812545191,0.0
-31.646739494942505,181.31082221783575,0.9180376273578511,0.0
-31.58020412988839,180.58651140640788,1.174367653076938,0.0
-34.30855566168431,181.56762574001448,1.0981136451747937,0.0
-35.44122158433123,182.80814386459343,1.0424644215082066,0.0
-34.736196175858595,183.46493393579004,0.9164355288862764,0.0
-34.63933713094364,181.24469760326335,0.9094943907894638,0.0
-34.07387272072411,180.84595869003263,1.2294272779514985,0.0
-33.6807498643534,180.57031074548135,1.0406490613570591,0.0
-33.63469909816727,181.10211682230337,1.0651312120991592,0.0
-34.48175269574351,180.43395448616545,1.1367942340410342,0.0
-35.13957700858674,182.61356684038682,0.9829060020253502,0.0
-34.3378210007483,181.34567679016968,0.8532341269589463,0.0
-34.29700926338751,182.54399813597496,1.0096853688046172,0.0
-34.867118343066906,183.79631683358102,1.1490776210477975,0.0
-34.39176300239973,182.6288095714253,0.8243957429033181,0.0
-32.20411932136105,181.92749105718121,0.9786086517787603,0.0
-32.95933908086869,179.91333042514907,1.0113278814113866,0.0
-33.31402237135714,179.3765670291278,1.0903990818890705,0.0
-32.05073137964463,180.25660338303706,0.981108781022349,0.0
-31.991366173711878,179.9481390152702,1.0120141357727923,0.0
-33.01673561563002,178.85067065834062,0.996598101768056,0.0
-32.64643890566602,178.65240123364055,1.1478629367359858,0.0
-32.847931107352615,178.33123625932225,1.105179514261331,0.0
-33.00454039593305,178.87313667926526,1.0840405498562466,0.0
-32.37881448119396,179.48553651813714,0.9873525188772921,0.0
-31.937885247712195,180.62140620908414,0.90096492842189,0.0
-31.81752702749381,181.54906114181813,0.9422672136840096,0.0
-33.930684644837434,182.6380526245609,1.1669922526753946,0.0
-34.52622563300601,183.17966971173857,0.871347887042763,0.0
-33.982131943806365,185.06206355899536,1.0237628789739377,0.0
-33.89064288670411,183.47589657157994,0.9692670900138715,0.0
-33.25145778416317,182.6848732842537,1.0577837546383204,0.0
-34.57724185791364,182.25770104617578,0.964020450296344,0.0
-34.88229038737823,181.59817280280555,0.9715293150351274,0.0
-34.1730644689994,182.8066731643835,0.9336084610090636,0.0
-36.13877621622736,181.85209430244575,1.0163305055332175,0.0
-36.70220554053606,181.2821706468581,0.9635384428760827,0.0
-39.08827316695973,180.7124032022465,0.9774068403366472,0.0
-40.34005343710143,179.14853869319433,0.9250711124415727,0.0
-39.88710911335467,178.62719469970187,0.8715607448148982,0.0
-40.24219918408548,179.78189224519465,0.9258045282551088,0.0
-41.459604756488766,180.2471700993164,1.0469107737674828,0.0
-41.186077930127375,180.86084981225795,0.8836522068989225,0.0
-41.72482823967229,179.91229090915695,0.9415297302126737,0.0
-40.769135633315486,179.8494046149975,0.9794116681841987,0.0
-40.53290285224316,181.08326068671363,1.0308728255901616,0.0
-40.30056562594614,181.8578076880308,0.8993364075771852,0.0
-40.24543210827662,181.22161839758732,0.9645025093012183,0.0
-40.18819244491101,181.27455379183263,1.0026612026329094,0.0
-38.52385231919577,180.91594690576642,1.0804084386660784,0.0
-37.38692779126932,182.33452671338975,0.8906150762589201,0.0
-37.99371477264941,183.6729076305179,0.9615234246467046,0.0
-39.37310860948935,183.7571373204601,1.129876625703715,0.0
-40.18340331731091,183.95149762507643,1.1038455851621993,0.0
-42.07900245035892,183.49400560606227,1.094035173376487,0.0
-43.58335295842254,184.04122314684548,0.9537831927170578,0.0
-44.48136076784429,184.92415197081584,1.0535618074371524,0.0
-43.54356420876893,184.03768548160298,1.0526442124318112,0.0
-43.72894863582537,182.91911691942852,1.0532170457659655,0.0
-41.75947435637344,181.45493553614952,1.0628447093644227,0.0
-42.47609985173978,181.93629604020356,1.0762240006653456,0.0
-40.959067697441625,180.74569798960385,1.0420719575125172,0.0
-39.103308985255595,181.21842113019014,1.235122945150998,0.0
-38.374984383921024,180.927835780366,0.9831407396922904,0.0
-37.5964664353269,180.33616605475225,1.069371344534688,0.0
-38.61439297048697,179.86936296310756,1.1024116143511506,0.0
-38.09007260997669,179.1742771770922,1.2369132300532582,0.0
-39.786232282470856,180.12149556789748,0.8593728829499303,0.0
-37.57114504591133,181.45999649045254,0.9256466179248566,0.0
-38.580734779130246,182.02042909475256,1.0396434809412494,0.0
-39.8523730280128,181.13853930400776,1.1132251364769745,0.0
-38.38236062849167,180.2814317132651,1.040302641665841,0.0
-37.52649032449632,180.7588579936844,0.9721661369831119,0.0
-37.96829724119658,181.3920516000535,1.1546287748577833,0.0
-36.76444527140732,182.08517693210777,0.9726461485202539,0.0
-39.114016532373086,181.8165205848809,1.0273274702973378,0.0
-40.40462496014051,181.4743437934599,1.0886431078592045,0.0
-39.10291672727158,181.44274568001205,1.2125780014296126,0.0
-39.897630809745706,180.84241171715038,1.0405289186079492,0.0
-40.582504965334124,182.93047661392626,1.01740485920704,0.0
-42.14958570103712,181.6485365816595,1.084713983673931,0.0
-43.29390712313105,180.79194372181502,1.1239975444947758,0.0
-44.85121250695426,179.67302451052836,0.9959882002563644,0.0
-45.56319923033754,178.78914979493692,0.8222737178906298,0.0
-45.82585472533627,177.82519706079043,1.0405355908789713,0.0
-45.58506104139359,176.3716201650551,0.8886470206189949,0.0
-47.21193831786853,176.9916155723007,1.0933215418716409,0.0
-47.15521291882599,177.2122350546566,1.040994064921329,0.0
-46.65742368309607,176.92335369757132,0.9140662811471906,0.0
-45.90717104216928,174.05176984379935,0.9785124873681973,0.0
-45.032246281575695,174.4373447411745,0.9567354948044955,0.0
-43.83806922893599,175.54615618836345,1.037038293770997,0.0
-44.054416343936566,173.3197107366747,1.0564788046279467,0.0
-44.18595467791782,173.76830721953095,0.8864619949400874,0.0
-43.87861912490206,172.08824220396352,0.821167858572733,0.0
-44.098417178927846,172.2597326862613,1.0558348982949333,0.0
-42.64451613889014,173.09983528308163,1.016000676918961,0.0
-44.323592111548514,172.18853537548378,1.0132750741285592,0.0
-47.291427606459436,171.25840340858724,0.7724695489282077,0.0
-47.4142990587565,170.80878042826822,1.000422159987384,0.0
-47.03525908147606,170.36214402313624,0.9499110325426073,0.0
-46.412255373212204,170.42810111348368,1.1521795663622283,0.0
-46.294902216879535,170.49423869471357,0.8002799500516171,0.0
-46.768006118886845,169.8572934574496,1.0394061522696119,0.0
-47.09428084514657,170.09960168535758,0.8306330366234282,0.0
-48.49514926951068,170.15519942824952,1.0230857232341843,0.0
-48.554367223719005,169.89493092196585,0.8377426905517853,0.0
-47.94615464227222,169.60867032191848,1.1330684213515823,0.0
-48.208993900865345,169.23157803562893,0.9489649701080753,0.0
-49.72002201961266,166.68523851991685,0.9832770823212751,0.0
-49.78950849551215,166.18148250064314,0.9942817218273399,0.0
-48.87578450273078,166.83554753557095,0.9063173253938654,0.0
-48.960956708680136,166.3742589393651,1.146998734589894,0.0
-48.03593378860288,166.90310838964453,1.0937918172951182,0.0
-47.08832405362585,168.34414902783604,0.9884924508980286,0.0
-46.262532035548055,166.8758364431273,1.1760647525687788,0.0
-47.50010758694687,167.40043889041098,0.8574986822588302,0.0
-47.80464889716242,167.3643308349684,0.8815158604598963,0.0
-48.01913682955492,166.82747109349242,1.0664414602392498,0.0
-48.2076994178827,166.12172282610686,0.8718536339938656,0.0
-47.730206492691615,164.99287397677833,0.9482561240855827,0.0
-49.448056509818805,164.32184344221275,1.0131661900068392,0.0
-48.95168022672229,164.364158763126,1.0364683442147338,0.0
-49.60732759422275,164.1620330429102,0.6107899884238044,0.0
-51.12655236247695,164.8666508669984,0.963942998701284,0.0
-51.3310909872459,163.6233725565505,1.142490240772033,0.0
-50.716568990492185,164.9570381810687,0.8306837466511507,0.0
-50.32721657632161,165.67247886816773,0.972928542788522,0.0
-50.800086626719704,164.48296269910284,0.9788449264163619,0.0
-50.61458219505258,165.4535706088205,0.9441443249312224,0.0
-50.593450539363765,165.5425173779234,0.9287234587445612,0.0
-48.5411540190748,165.50975491008367,1.0795262332113085,0.0
-47.401125502861056,165.48782678708696,1.2531998250156944,0.0
-48.83005233289719,165.7476158446065,0.9278278708189098,0.0
-48.52274885841228,165.88129973672895,1.1211008489637544,0.0
-48.25092701637587,165.4089879367578,0.9068743962710686,0.0
-48.56946989687485,164.34604138785323,0.9387893161721743,0.0
-49.40304052326983,164.01186799352666,1.115817484570396,0.0
-50.817351897208695,164.90496259334358,1.0109581075331098,0.0
-51.81043594849206,165.99053352469298,0.9873482875754391,0.0
-53.19323958707929,164.64997473978516,0.9817568081521542,0.0
-53.376301587153954,162.77331253122753,0.9814801003807229,0.0
-51.52302865800266,165.0175702704106,0.8635805083565533,0.0
-51.03763253787305,164.8212702779401,0.9036267280924275,0.0
-51.83508921328023,165.18785032839375,1.0993331677507037,0.0
-52.42668702122278,165.38583615578207,0.8934621210545228,0.0
-52.09388122261964,167.02650284711495,0.964133210001483,0.0
-54.64000978456705,166.78689840176847,0.9994530264167742,0.0
-54.472870117228936,166.26051087889158,0.9995904102573797,0.0
-53.170447127790545,164.17608431840506,1.0214413798068183,0.0
-53.49687917805722,162.92454269210774,1.0105024972854981,0.0
-52.50489010827727,162.18807937925237,0.9500819369955087,0.0
-51.75952316559152,162.04807190158277,1.1273253360835924,0.0
-50.59148967830819,161.64302422859654,1.122378297192616,0.0
-51.21403185557039,162.42996848477827,0.8675984653610017,0.0
-51.14285199935668,163.04476295193004,0.8851710767900838,0.0
-49.61200394594677,162.32970512943308,1.0652170486644388,0.0
-49.280780757965346,162.16072165659622,0.9415771491310579,0.0
-46.521550102323545,161.46477037554985,0.9777950925802129,0.0
-46.606829249233805,162.0753727825555,0.8517167438248054,0.0
-47.33169314830864,163.94368682760518,1.0071111152977963,0.0
-46.916477886316116,162.1203954959518,0.8891764797911281,0.0
-46.53266443686975,161.65488911195172,1.0298329016759378,0.0
-46.068931518745224,161.06302395684233,1.2666596535327215,0.0
-46.55501665350734,164.26582791500314,1.09265095816406,0.0
-46.397228133848955,163.98099378747685,0.9868045624476155,0.0
-47.279321631773776,163.35228172944943,0.9648068319774601,0.0
-48.09355428944455,162.4073004934948,0.8210910634478121,0.0
-48.85240371090143,163.28737423067807,1.1427171449458813,0.0
-47.93700131929237,163.87238243445805,1.0168042930870442,0.0
-48.46617195256488,163.89466860375654,0.9697047871907398,0.0
-46.69769111099798,161.8269678860325,0.993931622572042,0.0
-48.0145965033958,160.09898243682198,0.9911192867439996,0.0
-48.90736366552712,160.6738870465135,0.9431931337340671,0.0
-49.25136694987496,160.7701219648838,0.9949597926861041,0.0
-50.41654814897768,158.35971609449317,1.1755936557083573,0.0
-50.36336022255849,159.8903655086235,1.045045005056837,0.0
-51.114693839033464,160.07887323507634,0.8834713894138143,0.0
-50.31326462937656,159.89882529612976,0.930883255573656,0.0
-49.583970377795524,160.7435572598626,0.9651499211387756,0.0
-50.74352390429822,160.53284556855547,0.9951285994325852,0.0
-51.626494190056576,161.34108156517908,0.9573987862212966,0.0
-51.398797681188746,159.65336831318638,0.9010205800490735,0.0
-52.81777101389924,158.8680799411658,1.0725206888760532,0.0
-52.6211585950693,157.54728793708927,0.861771735867499,0.0
-54.09570135031694,157.9382909975956,1.167429463279275,0.0
-53.269909918293635,157.14542801245835,1.082092757879391,0.0
-52.41856932209449,156.66138144326646,1.1963469851554636,0.0
-51.887007154774665,155.8246506345707,0.9533136413791413,0.0
-54.09767989592982,155.58420095925882,1.0083589194770088,0.0
-53.31415952426082,154.71857464839402,0.9731246636306374,0.0
-53.128597055924175,155.40656390687317,1.0333366113618392,0.0
-52.8762275215551,153.65674457840697,1.1209510302529788,0.0
-51.50244123207702,152.9073239210936,0.8094365996628936,0.0
-51.271585716853735,153.87760693064112,1.0857319065405968,0.0
-51.3433370901396,153.52457553833437,1.003052172118379,0.0
-49.9225925048494,152.11668041026127,0.939373533993146,0.0
-50.31035774074065,151.5825734720553,1.0893445488774045,0.0
-51.01331081664219,152.9807163148124,0.8444100672070742,0.0
-50.498075901206306,152.74860705493103,1.02916658862915,0.0
-50.67134272572179,154.1876678631346,1.1196411080293212,0.0
-52.16526413307545,152.92550520179205,0.9419452232942579,0.0
-52.41213958414066,152.83067620112288,1.0394957203163682,0.0
-52.987079370516,154.1051607833993,0.7733556822486513,0.0
-53.44993512706293,154.6946795262237,0.985413131845446,0.0
-54.87854700339316,153.82601465094774,1.0008308064492393,0.0
-56.157572766409096,154.06195614382182,1.0022438016361186,0.0
-55.08316391326533,154.4714392818341,0.9801514871701048,0.0
-54.28390056436806,155.14035459724076,0.9718914981465121,0.0
-55.09648484087053,154.66283542312226,1.0612572236645175,0.0
-54.253023410659296,154.0269492043714,0.9235049903422261,0.0
-53.10446796030371,155.17604915684268,0.9222102354365608,0.0
-52.0339534972475,155.2727771667045,1.1377298816157184,0.0
-51.31547059080875,155.17652944382164,1.0574687106493383,0.0
-52.26395885444478,156.09669937998794,0.8893814564543417,0.0
-51.81471821595975,157.16005433749726,0.8374960185440099,0.0
-51.81805559446995,157.26161942551653,0.9693510715377142,0.0
-51.47891364443887,157.3911375434449,1.1917511878416198,0.0
-52.11169334884507,157.8269346795481,0.9931648343482525,0.0
-52.393848175653105,156.04240835708453,0.9933438027798737,0.0
-52.916296133191466,156.11771933509414,1.0978307810083816,0.0
-52.146214133142465,155.67750360404403,0.8903846403885305,0.0
-51.908328176826835,156.29143661488627,1.0311873241856595,0.0
-51.63390243586052,156.61266790211505,1.1224654693061196,0.0
-52.85206691267033,155.89997639344335,0.9996729203836524,0.0
-50.81510454627801,154.70619188320782,1.005565634396427,0.0
-49.965128691028,154.85317361511642,1.1166506814582526,0.0
-50.451422040095814,153.24575212127579,0.9512792042059284,0.0
-50.49928373958447,153.1024840872678,0.9304610598877135,0.0
-50.79285203667469,151.67245007000884,1.0062479903285508,0.0
-50.00552687662487,152.21632700288097,1.0686175041687813,0.0
-51.735505713686884,149.7507813746417,1.1374321052335676,0.0
-53.655339021808665,148.76497099055828,1.055933792665371,0.0
-54.88490256491526,148.03079994821957,0.8720504817039192,0.0
-55.11639630908693,146.59711522550518,1.066428201838977,0.0
-54.85771279273633,147.44864469755566,1.0081377831945277,0.0
-54.16424375674736,146.65767080910908,1.0650443450650129,0.0
-55.63627718624943,147.23063399669564,1.040811909517459,0.0
-56.011671549645705,146.63927048630913,0.9227351656180667,0.0
-56.36272106605382,147.44900041955668,1.0029239235100487,0.0
-55.56598584464721,147.80565915311757,1.0697159838961574,0.0
-55.42132016564387,147.09619187746486,1.0415978791565106,0.0
-55.58733547983507,147.99116212553616,1.0976461583065171,0.0
-56.4387424826775,147.74082807707742,0.9474157829765592,0.0
-56.69982292919981,148.3031440546151,0.8648152436136614,0.0
-58.71283692874736,149.43731531302186,1.0469553921400645,0.0
-58.8601219275052,149.48126839828672,1.0110038870500964,0.0
-58.44473426272654,151.53536950046617,1.0261554771339625,0.0
-60.3416737690509,150.9124750038538,1.1653309251862407,0.0
-59.58599126026872,151.5917317500248,1.066054158093637,0.0
-59.195708493906835,152.32880565641574,1.1725782467078871,0.0
-57.28528155554962,151.8094452235028,0.8778545366841948,0.0
-58.262363152909636,151.43122318294655,1.1071251685911303,0.0
-59.31064511206169,151.32658904821827,0.9198270249500368,0.0
-60.15616363461193,151.23290973985965,0.9338052434626251,0.0
-61.43727106017892,150.40994363651913,1.0246978773722195,0.0
-61.544651460936045,151.3119767258788,0.9004854485798641,0.0
-60.66616957286748,149.99766018405748,1.0345024591154885,0.0
-58.359535315875576,150.63936613256632,1.1358590049849708,0.0
-56.802076279508185,150.25567867724203,0.9052581985790038,0.0
-56.827846486129324,150.81795010029685,1.1048226137334018,0.0
-56.4506777289523,149.9507351646123,0.934328698451189,0.0
-55.66634275198581,149.2380945567913,1.0310257737653528,0.0
-55.56927071374156,148.75498472503708,1.0450370356108756,0.0
-56.21671574480766,149.9435388577647,1.0086841925700953,0.0
-55.29247170507941,148.9366171000822,0.9111324581910711,0.0
-56.39847954201398,148.510423973021,1.0456263052172798,0.0
-58.38367506695423,148.75030589016615,1.0088334024266234,0.0
-57.60145821973859,149.41545064409775,1.1629562981809674,0.0
-57.753629816416264,148.9036451018207,0.9601297373676436,0.0
-55.89845579485797,151.24958284206497,1.0204504654811388,0.0
-56.95606761068397,150.85423961080272,1.0490551200721348,0.0
-56.28677774787423,150.4831387188432,1.0888342597879819,0.0
-55.45459133033261,153.16865405212,0.8618601237742047,0.0
-55.79756534841464,154.6620360739324,1.0699866058890368,0.0
-56.81032002977535,154.30496980328002,1.0588424765300695,0.0
-57.313211251333456,154.87834127342,1.0564206312939888,0.0
-57.058290899437544,154.55338893047224,0.8813355221286023,0.0
-57.27528362874586,156.85875915707337,1.245690313569714,0.0
-56.96642374240857,156.56282751565013,1.1085190278232468,0.0
-58.1154098152564,155.185282043447,1.1746191707887805,0.0
-59.38145690596086,156.3810592494563,0.7953985656085071,0.0
-61.09221675605029,155.6561783108797,0.9679107347078656,0.0
-62.290300756364175,158.03886339920462,0.8580624764319045,0.0
-62.8640710921156,159.16088489074286,1.0645497338081655,0.0
-62.6488736863849,157.7784806299698,0.9096345065937905,0.0
-62.237368790131256,157.24411865279282,1.0760368988336373,0.0
-61.89256421381008,156.40281693454628,1.0908369927898098,0.0
-59.86201318000431,157.3850841989664,1.1691523424456836,0.0
-60.306539399265155,158.1337798208823,0.8126544334064012,0.0
-60.55145151542757,159.82589148860015,1.0096143556170583,0.0
-61.58065884336002,160.24523359168256,1.0106209807764017,0.0
-61.06719507301432,158.43570286217468,0.9585657045976178,0.0
-58.994372035786014,156.8911881071159,1.081335096927384,0.0
-59.097310141137235,157.2478429535497,0.9760695323411028,0.0
-59.7473717463109,156.37355088398493,1.0802269336111787,0.0
-59.4634716915517,154.48905459322654,0.9303257762081251,0.0
-59.31212066320266,154.80056888595706,1.033865374663904,0.0
-59.23080424166787,155.26282655304973,0.885419339741134,0.0
-59.40201807997099,156.35824751495204,1.0562946531870403,0.0
-59.743678771814025,155.07074803882668,1.1410291400713304,0.0
-61.902192493469876,154.70416307145456,1.197150807421923,0.0
-61.210572456781975,155.2307818629696,0.9684944538506002,0.0
-62.847564154499665,155.10239551159907,1.004016045935864,0.0
-64.29524101495606,154.48957581282605,1.04073273442046,0.0
-63.66452340512077,153.92946395564482,1.040138912680716,0.0
-62.62373444028993,154.39204344349523,0.845267186525333,0.0
-63.78810630212827,154.79011194725825,0.8454627907282224,0.0
-65.97269293467734,155.7674922595336,0.8942231239942773,0.0
-65.49468807425376,155.03207161943487,1.0077648854169474,0.0
-64.32823281870881,156.14680794151369,1.033792107641796,0.0
-65.63876066818617,156.81633360693675,0.9673231953449629,0.0
-65.6201669883061,157.80682010137002,1.1880301709907397,0.0
-64.95336567184472,158.10937745232997,0.8699279491863714,0.0
-65.58231852529373,158.9914376499035,1.112572285064623,0.0
-65.36985208115686,158.75878272653608,0.8391428519067384,0.0
-66.54917911407563,158.52562248836998,1.0191334007095292,0.0
-66.65135738289442,160.30244015023328,1.093271990312917,0.0
-66.44196422098597,160.86677694594817,0.9853451932234127,0.0
-67.00025711732087,159.7049142123206,0.9595919102207923,0.0
-66.5359499157878,158.01950242895205,0.9315064637075738,0.0
-66.87989520104617,158.26526392533518,0.9716331671767732,0.0
-66.35582514454151,158.11261837111132,1.126613550617095,0.0
-67.49440571097796,159.1717015141574,1.1028059905053798,0.0
-68.11587189743292,158.82782287306333,0.9081984067491744,0.0
-67.60688495632249,157.66128537601256,0.9372278930016179,0.0
-65.8634632330318,157.67905218368827,1.1179922954861088,0.0
-64.76762543723007,158.30811606002288,1.0494115655684495,0.0
-65.34086737803855,158.37242619285286,1.0015878907618256,0.0
-64.94843737678482,156.86556445458777,0.979607956023732,0.0
-64.39528579013124,155.27791726561458,1.1650622682952396,0.0
-64.37207418130355,156.4204933336963,0.886638043825515,0.0
-62.95970308758399,154.95171936798357,0.9976001779870798,0.0
-63.23364274196359,154.1109797379231,1.1661705115520729,0.0
-63.81093594967931,152.20959765148427,0.8462913351693303,0.0
-62.97784126333713,151.8025520653978,1.193952212928715,0.0
-63.675867050737864,151.54964569873906,0.9921464576861728,0.0
-62.4192813483098,152.31851657344876,1.0971307927744245,0.0
-61.41591494995829,153.08517353014128,1.0026412319623645,0.0
-58.67762561346308,154.23618955959938,0.855018165325935,0.0
-58.01760376100424,153.8118111266214,1.1707828327204217,0.0
-58.581577974780906,155.24033924425945,1.0430073751349684,0.0
-58.91215263105049,156.4103920135187,1.1393511391915951,0.0
-60.137617425483555,155.76333645392933,1.0855708702253548,0.0
-59.73994867819835,154.9815301528148,0.7336773406089774,0.0
-59.362177810991426,153.66772096034114,1.0297475563664564,0.0
-60.047978742649434,152.60183486683212,1.1519767898149753,0.0
-59.10859810402603,154.08578760453958,0.9451364931946733,0.0
-60.66294735669985,152.94339608632396,0.9519285313032102,0.0
-59.569472786604656,153.23314767202297,0.9187670159340916,0.0
-60.643332153656985,154.82945359597656,1.0128124267752876,0.0
-61.14339065210049,156.01508989639038,0.9137543570191843,0.0
-62.11459419812994,155.12455084069646,0.9970143037236493,0.0
-61.555711263907824,155.85297913597438,1.0969531511289028,0.0
-61.10188585347566,156.8034720979253,1.0066241072074689,0.0
-60.29554676986245,157.50881229081276,1.1962071972053554,0.0
-60.29817833187677,156.16325714429814,1.003483489542298,0.0
-60.528723388878,155.9176579250695,1.1033321039124249,0.0
-59.33840866950209,156.4228573010859,0.7644398374835936,0.0
-59.05821611812532,155.30086518087919,1.0682922050540022,0.0
-58.01631974937522,152.78577160571066,0.7855673510716001,0.0
-59.61352560650388,153.00323703384532,0.811588690198412,0.0
-59.17075587603526,151.94529926861478,1.1400254653976791,0.0
-59.354838648328325,151.91789722532417,1.1196217169093368,0.0
-58.620605308795106,151.84031785773806,1.1063663224054385,0.0
-58.14936996472695,148.9214535455653,0.9901449623713325,0.0
-59.5902407247702,148.48559138341756,1.0848182209733876,0.0
-57.20708110556411,149.1277161380482,1.1129759900174119,0.0
-55.92261740945138,148.49353133036527,1.118825264511283,0.0
-54.05778396886296,150.47929627869425,0.9346757267807322,0.0
-52.54039178548153,151.97438086362513,0.9413965281098715,0.0
-53.0934331859562,151.73215777094464,1.0602508840851945,0.0
-52.309468659112646,151.40296619655513,0.9910853900729086,0.0
-54.04017545829999,151.9580124933821,0.908392589206509,0.0
-54.168173820979106,151.2315368513045,0.9871624835802805,0.0
-54.46343489848047,150.81541214475135,1.0695048473681157,0.0
-54.83228120081466,150.9285083138125,0.9925523258201898,0.0
-53.965405711692874,151.6346507800756,0.9715818514873944,0.0
-54.249380214271625,151.81180701071492,0.9006974096396868,0.0
-55.704766499414504,151.25355943134105,1.028372138207638,0.0
-54.981156097941856,153.03992986089435,1.036452033695112,0.0
-54.954813299478666,154.50585277212193,1.000427852195852,0.0
-55.19757846889207,155.00363952552848,0.9107753626292575,0.0
-54.404580627478644,153.95598794142853,1.0431893929685936,0.0
-53.53425039975317,154.38316680784592,0.8992213950502824,0.0
-52.77095353030972,154.64511892926845,0.904599678163238,0.0
-51.84314040229529,155.55927860640475,0.8892608025928447,0.0
-53.447917338896346,154.91955553852958,1.046760199392524,0.0
-54.467743642365264,153.2861347585774,0.9467527906442899,0.0
-54.534240841181635,154.01053580176963,1.096831845579886,0.0
-54.507508060522305,150.6689867694447,0.8935149772636324,0.0
-54.81217110111696,153.05681139701423,0.9765709895597378,0.0
-54.099245899185036,151.79327643301167,0.9639856509462339,0.0
-55.006500274653035,152.45854507229805,0.984429785617584,0.0
-53.793866832281644,153.06107834533825,1.012521211849971,0.0
-54.100111216842116,150.79328224573516,1.0890497048771328,0.0
-53.56044742309846,150.79417374576494,1.2912238236867872,0.0
-54.56461613783551,150.78302006295868,0.8523057985462313,0.0
-54.07369553965898,151.25548130241987,0.9871855523027165,0.0
-56.06257984909802,149.8450584145192,0.9041010448102351,0.0
-57.17896478668363,150.95813863321865,0.993093355235319,0.0
-58.021776448544635,150.01120757031734,1.1771242384195024,0.0
-58.89715338448139,149.16534454357244,0.9687457807299906,0.0
-58.25925700645395,149.95857412053493,0.9724296433552564,0.0
-58.692287899670745,148.5506813010717,1.0952370514247614,0.0
-59.72935544706179,148.91066990183273,0.965350845892135,0.0
-60.63647271407831,147.36047025291765,1.1812538377791255,0.0
-60.66847162402777,148.11370512728948,0.9917155470753765,0.0
-61.46432763024234,147.13295718432707,1.2237615696819926,0.0
-58.78343784984728,146.29040150374342,1.0208964398841365,0.0
-58.29403358727496,145.83059077203737,0.8586707000393753,0.0
-57.44139616226188,147.33979791569843,1.0088821126335112,0.0
-58.874267695477606,146.3785545655434,0.8204363402491448,0.0
-60.214804462391136,145.55829889754943,1.069679206794821,0.0
-59.74689109666755,146.74383427564132,0.9343650629776915,0.0
-60.53461533246909,147.55234554759122,0.9143948515173049,0.0
-61.555087533174465,147.04253893233556,1.0699462725646347,0.0
-61.869845910777876,146.58106436143922,1.002683750201541,0.0
-62.49235424107736,147.27778358349858,0.8953044053323408,0.0
-63.261159786957336,147.74550593181422,1.0479092058781645,0.0
-64.68022062469235,147.37817588502926,1.2831536741575442,0.0
-66.4886888227697,146.87092958455426,0.8754038386954905,0.0
-66.54611294032595,147.61055919128884,1.1416742957167838,0.0
-65.31424928068657,147.524314850804,1.1897331205153527,0.0
-65.00838107354518,147.6945709856525,1.1915551869521666,0.0
-65.17224543934351,146.95266678903897,1.0127320571009566,0.0
-65.12488583920398,146.082463392689,0.9830028192446101,0.0
-66.06058746212791,145.63016009226075,0.9054476608979296,0.0
-65.93462359927283,144.14928539288755,1.200605554606674,0.0
-65.44884681786674,144.9953230942586,1.166643683439365,0.0
-64.88213851988829,145.15802348002666,0.9937852342733542,0.0
-64.23661570898011,145.1220944456431,0.9409659235838277,0.0
-64.93959742576372,144.29276002484545,0.9289974874980063,0.0
-64.47618468573174,145.14045494239318,1.0497005739741794,0.0
-63.20834596413826,145.6725023181275,1.0038656284376888,0.0
-63.00198679278793,147.14682800973807,1.0134776129950314,0.0
-62.79299417503365,149.23031978656934,1.0434993500247156,0.0
-61.47798864990664,148.7378835664175,0.9071102239053581,0.0
-62.61844541119734,149.67213853370217,1.1087126176702649,0.0
-62.94933212972805,149.15480913099023,1.0549780377264475,0.0
-64.76837047679476,149.87194591114618,1.0369834862026421,0.0
-64.27808128699688,149.46149813135372,1.1513071616464083,0.0
-64.51201694560523,150.2426754420145,1.0597838698838473,0.0
-63.49400365072552,151.11111211127954,0.8694703546492113,0.0
-62.834717200996735,150.96094104629864,0.9849223933403144,0.0
-62.3697279803796,152.11244871153545,1.164888377344348,0.0
-62.88546100786293,150.6115424360293,1.082943521809097,0.0
-62.807731322510016,151.95248528836973,0.8885263316635108,0.0
-63.73845415108993,151.94116822772978,0.8981932591324632,0.0
-63.42100009372536,152.7577774298765,0.9653466588830236,0.0
-64.94573418014961,152.41233064300633,0.9341064052824755,0.0
-64.88739868893519,150.8687503300954,0.9874796018385988,0.0
-64.07847245530529,150.48357206102304,0.8211275044307809,0.0
-64.30705703318253,150.1057099339049,0.9761697726581586,0.0
-64.57922039491964,150.115271631441,1.051605565599128,0.0
-66.64667587202756,149.3325482646902,1.085174667248608,0.0
-67.74347743598135,149.41374847298758,1.0554321215262341,0.0
-67.39876465991966,148.96575364562105,0.9109844703414717,0.0
-67.51717763138325,149.05697303965655,0.9809334452183898,0.0
-67.48489083093806,148.96844147623912,0.944574605372745,0.0
-66.39266356743077,147.6070396728576,0.7581393725318027,0.0
-67.4515519759567,148.32779031168965,1.195731304407698,0.0
-68.53204859334541,148.82150172628425,0.984925250326284,0.0
-67.41868811442532,149.33294748139738,0.9924077199360695,0.0
-66.52034551480546,149.16641354527295,1.020186495071998,0.0
-65.80290153596741,148.75021826752078,0.9807657189544651,0.0
-65.36218421276901,148.33665687231394,0.8862053009008528,0.0
-64.33275634343427,146.1568919648904,1.0147580131016485,0.0
-65.9203324876756,145.28054360238738,1.0122914006988726,0.0
-64.62138488029125,145.86668368931007,0.8817837008055288,0.0
-64.47035568953444,147.4874095206616,0.9404198743600344,0.0
-63.14342083920884,147.27257883470142,0.9554801288920203,0.0
-62.97043384530453,147.14129265142057,1.2236067882649269,0.0
-63.81644702545286,146.65221834150245,0.9227986013484224,0.0
-62.31668532832996,148.68926042439787,0.9533302939233823,0.0
-63.019318718374905,148.41880963681066,1.1231307091321305,0.0
-62.73362429182398,148.35979365343943,0.9462048275396812,0.0
-63.170967440842176,146.82654775408304,1.1036979464974062,0.0
-64.29215664710978,146.28402036685526,1.1342050837958944,0.0
-64.87569973503167,144.83124012363731,1.0232456726800832,0.0
-65.4913353747772,145.5293941441117,0.941909433060983,0.0
-65.9532957617131,146.100369127909,1.0581961375010474,0.0
-65.57927862179008,144.80722867927707,1.2057095291596633,0.0
-65.670517699054,146.13602221282432,1.0999729549838722,0.0
-66.00893626472465,144.61077817975624,1.2084033599622743,0.0
-67.5701337298943,143.55011030542352,1.0569874738675507,0.0
-68.01010865314613,143.35364594156357,0.8422298129655617,0.0
-66.28000335401126,144.04881492715788,1.019201548206721,0.0
-66.35016552200042,144.87003725017343,1.0755108866592258,0.0
-66.5937632287961,144.86044917879607,0.7736930057953078,0.0
-66.58293499802124,145.78702285628498,0.8426833180694668,0.0
-65.99896252837586,146.30312642337333,0.8636767162642026,0.0
-65.45241468186788,145.670117960667,0.890917688254994,0.0
-64.54531365107019,147.22978018740338,1.0511694101248474,0.0
-62.099482758714736,147.8740001390746,0.9898938629857571,0.0
-62.60553045472586,148.36523667805727,1.0224517386372607,0.0
-63.205403849175106,148.8559235920041,1.1258239615456342,0.0
-63.09033755183636,149.80744676499555,1.0448670233633826,0.0
-63.45491540008612,150.83829125721098,0.8176418955518138,0.0
-63.365391805439174,151.96524278413466,0.9945106131742,0.0
-63.20692906399985,151.30189907422377,0.8875448623583767,0.0
-66.14359639616829,149.62544841718258,0.9810449813671964,0.0
-66.23638394257561,150.1195979531724,1.0078580933852759,0.0
-66.88896233807395,150.1188229009102,0.8531294079770353,0.0
-68.56534844424985,151.37789270476864,1.1570070751240447,0.0
-70.08813260437331,150.29515669395903,0.8546512099937118,0.0
-69.92879272272165,149.35100505701072,1.0509582954906507,0.0
-71.47668352135894,150.65364171441954,1.0220067315734305,0.0
-70.32304355643903,150.3666246674758,1.2434555136180485,0.0
-69.9625804189748,149.34594097857158,0.9609369310315087,0.0
-69.73845735617074,150.2928902404042,0.9747463445267031,0.0
-68.7608643988567,149.96338955342637,1.0372082844837276,0.0
-69.44755487056388,147.39831373780873,1.1472631842582373,0.0
-70.87034785299332,146.40115163630455,1.099732559974838,0.0
-69.80561669396867,147.1302086822148,1.0926398524103673,0.0
-70.75646179549514,146.28279410173357,1.0741454181734427,0.0
-69.64567003609756,144.5130538830362,1.031822754667437,0.0
-69.72799743399351,143.2233089207619,0.9022359081521907,0.0
-70.15028712746454,144.71721345895693,0.9581690486582473,0.0
-71.42502951912807,144.0800985359256,0.88890309271443,0.0
-71.18197516157134,143.0783221936191,1.0745227550803156,0.0
-72.59660079535423,142.27297289453884,1.138086652372819,0.0
-74.38628586934662,142.51894571461938,0.9603723393591292,0.0
-73.6088782361645,142.89872756775114,0.990266130914588,0.0
-74.70172758129242,142.3599783776926,1.0600763308176018,0.0
-74.93397637217579,141.75516532143965,0.9076351474739265,0.0
-74.56196995265287,141.2991132001925,0.8414043554310804,0.0
-75.38133751812643,143.03345542123384,0.8913304218549732,0.0
-75.86226187758461,144.15709487127953,0.982523761730402,0.0
-76.50763744448834,143.9516184301322,0.9496835403026486,0.0
-77.68385696308623,144.26432421434575,1.0743918138189466,0.0
-78.66482359054746,145.6546955828936,1.1702256757745817,0.0
-78.8647486588981,145.4350288780291,1.03723674940159,0.0
-77.46253066756597,144.86301822795346,1.0780859169857804,0.0
-78.60979977147342,145.59606932430722,1.1118192860928084,0.0
-77.71239608372298,144.468492909251,0.8280686643268889,0.0
-76.56438679323315,144.1175107663178,1.0374614430800193,0.0
-77.35290267354941,144.44347663551815,0.9882948638053428,0.0
-79.31300314658588,144.07184778870945,1.0895461336856427,0.0
-79.95968789521245,144.05548828965158,0.9691768503824898,0.0
-79.51874451902519,143.090976670689,1.028767002234384,0.0
-79.52828839714681,143.46263723318134,1.0884568275917024,0.0
-80.13698657682124,142.70644931306379,0.9655687222874996,0.0
-78.59658487604024,143.28373374343627,0.7781374691238762,0.0
-78.63087227758324,145.49523017186027,1.079093612588158,0.0
-78.98178009027245,144.73902731984165,1.009981093908013,0.0
-77.02541214722308,144.7288691242948,1.014577683105424,0.0
-77.14860915221396,144.98017457109924,0.9423746626203564,0.0
-79.36473359339848,145.62784459488958,1.1119589175985656,0.0
-79.82171449284343,145.66946744349556,1.0793811738680428,0.0
-80.22502873781168,146.5890998602697,1.0604012693565599,0.0
-78.22394268066488,146.31008415827057,0.9500192590922937,0.0
-77.19498088408145,146.1024477194082,1.0254666907522465,0.0
-76.31162792849376,146.815160651378,1.123366768560975,0.0
-76.31585966940412,147.6200486039158,1.165031109401815,0.0
-76.68714673617639,147.4499766721646,1.1007058598700983,0.0
-79.22672962849263,145.95263099165646,0.8855920933741762,0.0
-78.64901617721753,145.06015012556503,1.1201646401974819,0.0
-78.49943300384632,144.06148116163678,0.9499584971555789,0.0
-78.70027895476606,142.8523817378227,0.9672250712011586,0.0
-77.88626762755729,142.36696916258086,1.0373247473516205,0.0
-76.62261251654031,140.5965752492449,0.8651644313206788,0.0
-76.27573726368388,138.78547563429578,1.05676311763796,0.0
-75.36452403566373,138.86169728676737,1.2397557040300198,0.0
-76.56058353569041,139.54791259420955,1.0445127387823008,0.0
-77.36959960367625,140.5692350494906,1.0157862630043322,0.0
-78.84693838533396,140.27376178122176,1.0966955635284759,0.0
-79.5411578588935,140.69579661532444,0.8938257582655575,0.0
-81.3896873606329,140.8678399181858,0.9404870636764404,0.0
-81.59376872800031,141.98741004015776,1.0452785844292816,0.0
-81.5343352636116,141.33742926612712,1.0070634976916586,0.0
-81.7607631462786,141.7058372928242,1.0745655069422373,0.0
-81.73387782098602,142.49781324961995,0.8380878397117981,0.0
-81.7513827136558,141.77863115596415,0.94176017862935,0.0
-81.57917225145623,141.58646531861774,0.8517753478889171,0.0
-80.56821639624381,142.90270425585797,1.1248750313218059,0.0
-80.01922064244266,142.18021542239578,1.0236458603699883,0.0
-78.81834320850484,143.83541216562756,1.0585939558544935,0.0
-78.68524188090147,142.78974636984293,1.2052918705826188,0.0
-77.72713338694106,142.53115327772937,0.9109632628577684,0.0
-76.37678958768313,141.8575308482122,0.9335915976952409,0.0
-77.92453714943578,142.49173653675214,1.050370229200739,0.0
-78.70354483851462,139.67776496199198,1.174252590916014,0.0
-78.19314747016541,138.311954467288,0.9212848288659061,0.0
-78.96247670094539,136.38719483262471,1.0447621891151815,0.0
-76.86437913605332,134.7670124495094,0.9581257967916536,0.0
-77.74471763900371,134.6566729310027,0.7360880498937291,0.0
-77.90499759069358,134.37847836758576,1.0143017802724628,0.0
-77.69225350021202,134.28415818868748,0.8952727051542131,0.0
-75.73008961085348,134.35537155262858,0.8934022891529846,0.0
-75.68654411142602,132.14985517980875,1.1612540240544216,0.0
-75.91925810539571,133.2996357949029,1.167497455751285,0.0
-75.82105707111782,133.9975895346132,0.9126777755337939,0.0
-76.26947424584304,132.5832968547391,1.120990455972669,0.0
-77.59768498484384,132.81552950880354,1.1433597246508655,0.0
-79.9036984448261,133.3282259882984,0.922079779174195,0.0
-79.07135817402255,133.54207304274692,0.9651057742959156,0.0
-78.02135910607184,133.58724728662352,0.8635933939644118,0.0
-78.07638534867533,133.59694058558026,1.0424238940729806,0.0
-77.99316124089914,132.98001952760526,1.0030613086941342,0.0
-78.16296430054561,131.84639549598174,0.9943150814044572,0.0
-77.65655132447907,131.15929451649941,0.9953729381451458,0.0
-78.36877381809127,132.64091311154962,0.8761811145903496,0.0
-78.69291829793472,132.26052495951237,0.9387756900521429,0.0
-80.51034255108684,132.06427174835633,0.9326728090525885,0.0
-81.14761603338657,133.25803519422058,1.2044109831560954,0.0
-81.05880239377565,131.02226402152314,0.9052874970726897,0.0
-81.48040822061085,130.81486183752705,1.0119548120210062,0.0
-81.09030211134528,130.63074809222908,1.0770502035035692,0.0
-82.07175679282443,131.02315877600088,0.9735886404873694,0.0
-81.4621928857076,130.0189821555861,1.0213710500331183,0.0
-81.9135206162981,128.48888782960023,1.1350138085438213,0.0
-83.93615240807934,128.19991772411058,1.018106004834612,0.0
-83.61470299584715,129.28085092887665,1.0939849964793733,0.0
-81.47297970527414,128.79739411847586,0.9206929605200851,0.0
-81.47623943444002,128.9642279110989,0.9090760318871447,0.0
-81.52347403057773,128.18815912242744,0.9679456628762712,0.0
-83.92079834998131,128.8246623601177,1.1852285648650351,0.0
-84.99313139666829,129.4081410524432,1.0932937873259747,0.0
-83.83138049328235,130.32343950833646,1.0953004482227384,0.0
-83.6866900856274,129.2722542807245,0.9692380633152979,0.0
-84.62580791720313,131.682168956277,0.7982981873726333,0.0
-84.80414832435382,132.3231538301435,0.9705841087218071,0.0
-86.67771177350579,132.06300762434404,0.8897971522925386,0.0
-86.75619508518237,130.80309020749775,1.1147612609685091,0.0
-85.80178121006796,132.09298665660518,1.1525457817098987,0.0
-85.21290878337757,129.20767957486453,0.8820268994580045,0.0
-85.56970301127294,129.00242992515305,0.7716632158474063,0.0
-84.31506456289026,128.33599467274686,0.8971308502431501,0.0
-84.17667803380706,127.92677633951787,0.840684307231202,0.0
-84.94137455635077,127.14614695960803,0.9434822151984891,0.0
-84.30690133906604,126.8276163855367,0.8652874361864724,0.0
-84.17821906514783,127.6579995412916,1.113544677073537,0.0
-83.34864425546746,127.08406211855673,1.0901428853157704,0.0
-84.29804100328175,127.10205367301349,1.1822561058324834,0.0
-84.47827392104776,126.04119514633182,0.899641716009379,0.0
-83.8690995781492,126.00589225815632,1.0541254598630179,0.0
-84.69895671170133,125.21507276854548,1.01779864401887,0.0
-83.92229362453489,127.27191921382247,0.8981557182673378,0.0
-84.18324218956418,128.28052936382218,1.0298573587438025,0.0
-84.60150150052075,127.87284159039089,1.028346342195897,0.0
-82.96547077650654,127.04100474539187,0.9409928201451365,0.0
-82.10170674954695,125.41327766637488,1.0707276594760073,0.0
-82.38182829291812,128.0950573439807,1.0220333716992651,0.0
-82.63259782120028,127.40819996618666,0.7466221949443064,0.0
-81.66691997587577,127.11805530835906,0.9433316443156722,0.0
-79.64357701805433,126.19883141279165,0.9341158234027613,0.0
-77.84148707652417,125.99325862497665,0.9487798448428919,0.0
-77.99958822247355,126.06648627834862,1.0224168183980133,0.0
-79.5310529404905,128.16209428090727,1.0307062873513069,0.0
-79.61374551297007,129.17693214635676,1.1066562950142262,0.0
-80.50766398919927,128.91137283291636,0.89123961845745,0.0
-79.84141075671236,128.39531880551925,1.2578550561861916,0.0
-79.32928178582011,127.90753577246143,1.0960360753801761,0.0
-79.30874371452,127.79611572620175,0.9843528229575238,0.0
-77.44896663842941,126.31273648142114,1.0540756656961725,0.0
-76.05638152732732,127.38401632927821,1.1103426833670393,0.0
-76.02492388776876,128.11098769472295,1.0354622113606067,0.0
-76.85363300949197,127.91857227428709,0.9148672620544094,0.0
-76.7040698860927,127.70152703760513,1.0424312520321286,0.0
-77.72978437765825,128.11079110565262,0.8272109724834416,0.0
-78.20485496267423,128.87518442750462,1.071070510486965,0.0
-77.81799460377935,128.4804639207039,0.9517469641141417,0.0
-77.49228682676025,129.01287993405597,1.0428331499875811,0.0
-77.32818036087609,128.6886901393088,1.0475953645223972,0.0
-77.06665527439499,128.1707590178879,1.006932017592651,0.0
-76.2123369138211,127.4230059665557,1.0131803851692371,0.0
-76.15781700229205,126.72401970202615,1.0864295443913796,0.0
-77.13070788287263,126.6007849107184,0.9860287155063232,0.0
-77.02110162229438,125.25721848572304,0.9276505352525395,0.0
-75.87583068993992,125.88074914757671,1.0535125298311372,0.0
-73.92520463563072,126.83328675648247,1.0774123075652764,0.0
-73.87996565914337,127.99195755332845,0.8873258572838071,0.0
-75.06808609676206,128.98437521163015,0.9788269681365284,0.0
-76.09126924294532,129.12977674721063,0.9686399202176214,0.0
-76.14816786305732,128.2269293937726,0.8296317735674792,0.0
-75.96735786928616,127.81424867015951,0.9494297279756827,0.0
-75.30909709850613,127.22845509604296,0.9611534872026909,0.0
-77.36968785573926,126.92742726243576,0.9979580983772,0.0
-77.17075552466001,126.09071481078854,0.9573465124378557,0.0
-76.03947865515453,125.77384302405204,1.0336969294426985,0.0
-77.33393925751065,125.41535310915772,0.8873461967996532,0.0
-76.55824046294474,124.72579572610071,1.0972396781722484,0.0
-74.604573871839,123.80982190371203,0.9208788452136795,0.0
-73.40013763028658,124.68423724358566,1.0059826555217308,0.0
-73.98970415914941,124.88237497660498,1.0161717261219738,0.0
-72.83308935764771,123.39012555334496,0.8625328671058733,0.0
-72.9687958146481,124.20104225005981,1.092316817192022,0.0
-73.30118006404867,123.11507261156471,0.9124019072421268,0.0
-73.61349465421688,123.71220814022085,1.0608612109577948,0.0
-75.14829625891635,125.25686616150014,1.0669610794036248,0.0
-74.78144640924788,126.71067231032916,0.9429242123536619,0.0
-74.87214276210521,125.8685307973549,0.9817090664017595,0.0
-76.65407521151509,126.52211730989984,1.112434666665215,0.0
-77.7708551260839,126.14015964633536,0.9129704628466044,0.0
-75.7340466016507,125.02594210664117,1.0754378826654627,0.0
-74.72890358250048,123.92136227040585,1.1151038892901914,0.0
-75.3286480845865,122.33976762574902,1.1270060366612544,0.0
-74.98516311206153,123.490252062072,0.9909301586483159,0.0
-73.60904268102529,122.3777871031496,0.9676881789352418,0.0
-74.9736826785814,122.42334761022029,0.895755483712719,0.0
-74.26947753856571,123.23145439793592,0.9729339333646628,0.0
-75.07536529453554,123.41639615645325,0.8803961344111593,0.0
-74.34641497133234,124.5275335106993,1.0729845994351404,0.0
-74.88417544484236,124.6307704780268,1.2141314706252733,0.0
-76.03370405879477,124.69891660477687,0.9057853942018926,0.0
-77.63124076971287,124.07276051005645,1.0403781888655188,0.0
-77.06553585021116,124.95399894990706,0.9223872643020838,0.0
-76.7937058619746,125.04251177800985,1.113442730300925,0.0
-76.74566575529394,126.066127250097,1.0580596061285428,0.0
-76.08782849798835,125.84701963808153,0.9453612545698737,0.0
-75.10677690405535,126.63362460792737,1.0693822979847236,0.0
-74.70233146991633,126.40118586548871,1.1613238676965438,0.0
-73.78226031801141,124.37773693559656,0.9886260090097658,0.0
-70.55799915883952,124.10331504364925,0.9555686180113734,0.0
-70.95433856081183,123.00693336222719,1.1152300298424391,0.0
-71.6381675337116,124.05693930566053,1.1336814440768117,0.0
-71.44503997000326,124.21313370734617,0.8601699723405689,0.0
-71.40034599353714,124.48328158746646,1.0514287525012023,0.0
-70.93375899944716,126.03053430015778,1.1424411203695704,0.0
-71.1271377319012,125.60919646362254,0.9924612603163767,0.0
-73.52239619970732,125.70231863914674,0.9305278541292578,0.0
-74.4778885254699,125.83522493136803,1.1459062469628973,0.0
-75.28397762011274,125.17042762952327,0.9099927908154888,0.0
-75.19935515136473,126.52065396253543,0.9118400939927345,0.0
-75.8001273154019,126.66363966294738,1.0485611826451342,0.0
-75.41915855002607,125.6286023776065,0.9706793446673841,0.0
-73.59112139718165,126.69718142019455,1.1089215813718722,0.0
-72.87780301694279,129.3944061222071,1.0671362841951344,0.0
-71.89578382364142,130.28598166338608,1.2027147182608722,0.0
-73.36367873367159,130.89444475382223,0.9562943847837804,0.0
-72.71901639817477,132.94412284848127,0.9693936837886328,0.0
-72.45904038978455,131.05681218683108,1.1874842631644582,0.0
-74.56751412383822,130.9842091698865,1.0255169183512685,0.0
-73.9728242357301,131.2905831944976,0.9620373230077641,0.0
-74.50036169088457,132.4082375937809,1.0261036252445936,0.0
-73.8213841479467,132.98936420391567,1.1493336180052536,0.0
-74.09884986838973,132.8690296570729,0.9519214217170453,0.0
-74.25891019136124,132.6088304642188,0.9928169851388378,0.0
-73.86887155319121,133.49318416551927,0.9324705064937487,0.0
-73.96235444889655,133.6039677758229,1.0518551189966288,0.0
-73.86889247047398,133.06047236828394,1.0639912758103192,0.0
-74.54219347178645,134.58736300269192,0.769616081546384,0.0
-73.3122463729087,134.58782671858248,0.77670059182783,0.0
-73.82054097146245,134.96323039615746,0.9159951640085345,0.0
-71.87784862391436,134.78944136387727,0.9109318586038373,0.0
-71.97392258395448,134.45673149126335,1.1404059473216126,0.0
-71.66001326569496,133.2858796335336,0.9618730132853051,0.0
-71.42144553001081,133.74956451698782,1.1349957314048844,0.0
-69.92853346069518,134.02752681791412,0.9536084234691253,0.0
-69.05407640557803,136.12963623215595,1.0800124409635725,0.0
-69.96060185054493,135.57686489040415,1.0128277482269754,0.0
-69.59279964037614,134.7047523458653,0.9515979952461329,0.0
-70.132270662268,133.68138671402335,0.9977876679377908,0.0
-70.45684166840064,132.1217497437453,0.9165670043574656,0.0
-68.84134680830962,132.69882013380752,1.078892056069324,0.0
-68.46224990426843,132.82574473688044,1.1159202912104238,0.0
-68.51848610420049,132.46109871688626,0.9734438560367794,0.0
-67.43749139640137,131.6339745430804,1.1214845608286421,0.0
-66.60775484585618,131.88136792645074,1.104070460767281,0.0
-67.18889377693911,131.70310931097976,1.0669966538307087,0.0
-65.77689366608742,132.4056112493623,0.9211115571189311,0.0
-66.58729978920256,132.07004961025228,0.9272192365124511,0.0
-67.70127552250334,130.44712936631822,0.9686900389355213,0.0
-69.74743655827422,130.9256844373899,0.9893730138078274,0.0
-70.50499974467124,132.43418057034782,0.8582104731571037,0.0
-71.64144131092009,133.23756644338903,1.111442982321541,0.0
-70.8658531278004,131.5018908709649,0.9269924955526988,0.0
-71.69860781049117,131.20878451448957,0.9761512466408508,0.0
-72.04320225894418,129.5627346322658,1.0961224757795143,0.0
-74.16808692889289,128.35366487058639,1.21653721845977,0.0
-73.8667452622705,126.6263125962699,0.8710966058698689,0.0
-71.82488146981271,125.13635753917211,1.0467602075401101,0.0
-73.2419551381875,123.3750238930226,1.135909424474359,0.0
-72.60558017703706,122.58684716477538,1.1220510716872556,0.0
-72.83017681316389,122.14381215946524,1.125918167581928,0.0
-72.38549968565847,122.18457705176972,1.0687119383620312,0.0
-72.44722080646355,122.85361045414493,0.886061943382588,0.0
-72.10462141092313,124.37816159277293,1.0759461192052124,0.0
-71.32472950097291,120.9077790141958,0.9386687392461119,0.0
-71.71857677465978,119.54471502017851,0.9018472917843301,0.0
-72.8997259802075,120.41068141742167,0.8257113552793065,0.0
-73.55496593222409,121.0996621612781,0.9968324411468449,0.0
-73.83965630425133,122.28764275229808,0.8181271660482632,0.0
-74.63321257019288,122.02733593702348,1.0157427852241125,0.0
-74.5173112740801,122.49804388058892,1.123287321377117,0.0
-76.67215528952345,121.90344312808539,1.1189494394272381,0.0
-76.83399875254226,121.79289664793023,0.9602470755604064,0.0
-75.59959567739202,122.35767141459333,0.8947843979919861,0.0
-74.69171689033593,125.13906346961205,1.073965438132291,0.0
-75.28212997490333,125.56726613482338,0.9345067590914915,0.0
-75.14176189163467,126.65078696809958,1.1867650967412815,0.0
-76.33197913593929,127.41462381664675,0.6825023611836658,0.0
-76.74084510492717,129.33890247016552,1.0687301005797178,0.0
-77.65316946704438,130.44897996918382,0.9493024052004715,0.0
-76.04081285930991,129.74427105496287,1.0799514707054523,0.0
-75.2875297971361,130.8936551773787,0.9935561911943018,0.0
-74.61433121002153,131.44569061496324,0.9826005321089102,0.0
-73.71939375461581,131.88036480451865,1.168368416004474,0.0
-75.25266797777469,131.6054088285104,1.0202087709837497,0.0
-74.87187921214674,132.9699578263629,1.0974350156542096,0.0
-76.01356155043447,135.27591802140864,1.0247464167340055,0.0
-76.1559073915444,135.53403848596795,1.056598760023382,0.0
-74.85364502862852,136.20214905186998,1.0255637897973053,0.0
-75.92500330703731,134.63903584059972,1.0236864741923881,0.0
-75.49413155529048,134.69193588636458,0.9012669040802102,0.0
-75.7549636417581,133.31076506319906,0.987667489056372,0.0
-76.1230386911252,133.13675952599723,1.153345487461027,0.0
-74.93505855768888,134.9744413130628,0.9163764636499202,0.0
-74.65382048475314,134.3580334235867,1.1176981902782857,0.0
-75.35546908498071,135.40332245819647,0.7923364824001399,0.0
-75.63270535130589,133.57936437676187,0.9705519317385316,0.0
-75.0376031704568,133.72880306972618,0.8364684825297316,0.0
-74.4976607631883,133.72068552088243,0.8335815934011719,0.0
-74.32761803042972,133.99413432270993,1.0402860610930627,0.0
-74.08287559160657,134.3172079472254,1.1620972652548593,0.0
-75.20255133546442,132.42888932084807,1.103883149051839,0.0
-75.42734929855584,132.43270203300133,0.8632263549213389,0.0
-73.94647003657614,131.818127365608,1.1978308294175628,0.0
-76.14255268464962,132.67508074849852,1.0348750112846592,0.0
-77.94684848853986,130.9417223225603,0.9120520444261436,0.0
-77.86375013575991,131.974843072887,0.9324527566173645,0.0
-78.83989868893944,132.05488643870692,0.867163775259274,0.0
-78.40801043471106,133.6157608520119,0.9491928648661746,0.0
-79.61743143456255,132.836277963743,0.9145490491829066,0.0
-79.75950142763398,131.3501194264723,1.2157913541184477,0.0
-79.90915638130737,132.15429183282384,1.0367693082364373,0.0
-77.8199883095604,132.8997530226989,0.9741495734966901,0.0
-75.97254293918039,133.86845153993795,0.9678146890398672,0.0
-76.35967198398193,136.23543766512523,0.9366031697510906,0.0
-76.5802750557158,135.34603751210474,1.1098173137247356,0.0
-77.22215984397906,135.10066592220596,1.2390820624749546,0.0
-77.20596863684185,134.9543066617571,1.0696861137052351,0.0
-76.71901939117916,133.09270883981443,1.0906312311806834,0.0
-74.9211100338716,132.05791711266355,1.2126954147408686,0.0
-74.62559103898982,131.93710707958786,0.9124893233737124,0.0
-74.73697671906062,130.61603258009237,0.9843398350438921,0.0
-73.54332453000495,129.9220157510179,1.0869637563636352,0.0
-72.49806768269102,130.39800283073288,0.9981551554080443,0.0
-73.39309966341264,128.2464892923601,0.9196032643226009,0.0
-73.3119064019582,129.61297742878665,1.0457326714559387,0.0
-73.71940128605864,129.61349954828157,1.1236258150620033,0.0
-75.3460638141257,128.88709746146694,0.977751213072057,0.0
-75.55632848419472,129.23388102910323,0.8929520299029385,0.0
-76.82944509319998,130.13028697582487,0.9995322394832857,0.0
-76.36623452382123,130.9414408523102,0.9674293728797903,0.0
-76.1817917096908,130.67178046954547,1.0698824646553293,0.0
-76.25720353312629,131.66341321774104,1.045641908739722,0.0
-76.77014110094727,130.71181849582229,0.9147743195034775,0.0
-76.43611597926416,130.36924896188015,0.9715088551423968,0.0
-75.69006307876782,129.34251219063125,1.0207839157045626,0.0
-74.66117603307579,128.61320873076014,0.9874123037410473,0.0
-73.65117467197705,128.4508012403568,0.9815656555581709,0.0
-73.75140757872009,129.88192524145012,0.9197281011052565,0.0
-74.695752797064,129.0690497483518,1.1112391728674451,0.0
-74.61116041651904,128.39177842908063,1.144768007497136,0.0
-75.29565171041374,129.64277852565638,0.9859275737770142,0.0
-74.21088725129472,129.35623722412876,0.8958980770642897,0.0
-73.94969904607908,128.70579146640435,0.9583965211310268,0.0
-74.90260501687708,129.88738202489208,1.1279607996703882,0.0
-73.30729108240774,129.4198571293353,0.9701615845672733,0.0
-73.77528922140942,129.1279704671903,1.0549478319135177,0.0
-74.09838206524826,127.3327901994236,1.0388678513430494,0.0
-75.32345282771689,127.55257022359511,1.0906535088412532,0.0
-75.76433065187227,127.06892023479796,1.0821951959670622,0.0
-76.71207506347434,128.88428347681102,1.0543682936824466,0.0
-75.62837241493844,129.4690436065637,1.135936655977625,0.0
-77.0333084831051,129.6692435769027,1.1731795300959935,0.0
-77.20688233014651,129.41757317787275,0.9793851701761779,0.0
-78.40363395497245,128.20291962585117,1.0324443857769088,0.0
-79.06008300316275,126.26552102631578,0.7979075512926391,0.0
-79.37491088116609,125.95132377114895,1.0347733975194955,0.0
-78.88798206051854,123.49375343237138,1.0909603992681682,0.0
-78.26299055277967,124.58892235713162,1.0235121852485631,0.0
-77.75207035514154,124.00675796734076,0.9414356362574675,0.0
-77.36559371651578,123.39600137099912,1.039232700228635,0.0
-77.37615357425547,123.54387410616204,0.9173433128805644,0.0
-77.87534094781311,122.81848080460408,1.100268911904747,0.0
-76.93787459626277,121.79713447374539,1.0602176531948981,0.0
-76.80913080706682,122.91733118940896,1.0420973363722863,0.0
-77.3564902515528,121.49690576934152,1.0186995519525974,0.0
-75.96535991316028,119.69849668570461,0.7885219966470157,0.0
-76.85659144024775,119.31828932414864,0.8794300702146165,0.0
-77.44151773375798,120.06372925172919,0.9986905444979871,0.0
-78.86701737871171,119.57793293586073,0.7101110931792215,0.0
-76.98677342009022,118.47324483170499,0.8090079483419064,0.0
-76.79218637670287,117.6278301666073,0.9364997011798666,0.0
-76.67574606836689,118.66372142681719,0.8883357482656761,0.0
-78.64051441643356,119.46728474664127,1.194295721173759,0.0
-77.03304587724105,120.55930143545287,0.8718491154015673,0.0
-75.98982101260462,121.82125997071428,0.9882715332052476,0.0
-75.91790623435104,119.86937978418148,1.0155753018113167,0.0
-74.26814789673165,121.04272251568217,0.9502341968252657,0.0
-72.31339704437539,120.15103583267543,0.9199304913841143,0.0
-71.91674254777021,120.08584616861467,1.0343669006299534,0.0
-71.03752005809639,120.68872657823223,1.0326934497523665,0.0
-69.94138263688278,120.67258830970174,0.9648247394068509,0.0
-69.77470964654972,119.70061061260162,0.9706561015785262,0.0
-70.3245083628228,119.35934660275232,0.9835164614044744,0.0
-70.12612043690903,120.12682347091987,0.9280373081583553,0.0
-70.8104324295434,119.1576307954049,0.9402548467684689,0.0
-71.26376926268159,119.3273503852295,0.9754670959362642,0.0
-71.50873135850793,118.57876395007023,0.8305206896387128,0.0
-71.79654882832527,119.56614802609415,1.0206421725811206,0.0
-71.22838712690869,120.6795864165191,0.976285073859429,0.0
-72.97611055096156,119.62929445380914,0.9894331707861651,0.0
-72.55496513662123,119.85448992548869,1.140431926656304,0.0
-70.94347149260403,120.79537511543595,0.9675927247282463,0.0
-70.78464896763583,120.57295696658143,1.0667538116811106,0.0
-71.9988655065076,121.3924162686139,1.0424074110529185,0.0
-71.56102407804877,120.56332671622586,0.8385133077878788,0.0
-71.55194533340376,121.66792674053157,0.8903279153321313,0.0
-72.58680021837732,120.72107301898446,0.9580537035900014,0.0
-72.74737447871473,119.35129460690652,0.9837623737766636,0.0
-73.58392789341151,119.62674771075939,0.9951943342923214,0.0
-73.93147648393607,118.59361987376201,1.1083949361963197,0.0
-72.96926817038556,121.30706383097834,0.9421645609595289,0.0
-72.30644428885326,120.70184947831602,0.9852655469330974,0.0
-72.30899254169937,121.44589352012345,0.982927853518311,0.0
-72.38741153838158,121.06566725524543,0.8683902232100423,0.0
-71.93656586899809,119.16733987558796,1.0054890306702204,0.0
-71.36164707771601,119.47212069728552,0.9322771949037568,0.0
-72.12243079731455,117.26325397616229,0.8807781199614685,0.0
-70.46901467135135,116.605310540282,1.0324054673616767,0.0
-70.65553780991485,116.7979090680042,1.0533731830656654,0.0
-70.6523632661753,118.0825524788014,0.9334533761247202,0.0
-70.58097584719307,118.92132205018844,0.9858782389106346,0.0
-70.9877404283946,120.60929046530445,1.149108433499279,0.0
-72.5636055448069,121.28322291641093,0.9984696530083603,0.0
-72.95251807761403,122.58033871681118,0.9983427093298168,0.0
-71.63751767552135,123.01269369789863,0.9670580987694413,0.0
-70.27839235913125,124.65608060958932,1.1190184172169597,0.0
-68.81700122883649,124.33368685412923,0.9318483159261308,0.0
-70.50732580190372,124.77787506798197,0.8770344811914,0.0
-69.80526977029912,123.41558181815226,0.9740194663591332,0.0
-69.79995885741131,123.52723397630729,0.9667692834888321,0.0
-69.97677703253567,124.06433949739139,1.0523396580587208,0.0
-70.1387724093818,124.32290709231887,1.1086286355572659,0.0
-70.41064544262505,124.35885893598011,0.911070141199747,0.0
-72.76167163003304,124.37982883795303,0.9870321376416898,0.0
-73.07491216388739,125.36207357859942,0.81757567864685,0.0
-74.34761132920676,126.62267140833687,1.0852341455496788,0.0
-73.89450742991747,126.04137100354438,1.1047297674792023,0.0
-74.80191759721981,126.50246240970019,1.0309707386242364,0.0
-75.86340905369372,126.10376480204404,1.1146242291040713,0.0
-76.47015034063261,124.92617725977787,1.0317583914006732,0.0
-76.30174981361426,122.78169156724046,1.045181915294113,0.0
-75.82265264776291,122.10949548363358,0.9682358504947925,0.0
-76.6523738880444,120.75591317452002,0.9428252069133387,0.0
-77.38868503540839,118.21610311283914,0.9886447214501054,0.0
-78.09824961313117,117.99073516883293,1.1291680073876615,0.0
-78.77890588353495,116.5336177029158,0.9601434513562863,0.0
-78.77600826263351,116.32528742553319,0.6672948542299695,0.0
-78.01112903866033,116.19067240327735,0.9821306306770392,0.0
-79.479262117069,116.41678629376736,1.0516504735263705,0.0
-78.98049545075592,117.65122401299185,1.1041438610313379,0.0
-81.47601761045944,116.07149566750603,1.1832828698179525,0.0
-80.01545058346495,116.05471474930816,0.9945847339203739,0.0
-81.94397458064931,117.5603791008226,0.925533672734348,0.0
-82.36486670828268,117.74480022882211,1.0278184364292624,0.0
-81.34606080017949,118.6334907772103,0.9189260351068196,0.0
-81.71520121898656,120.13027032875354,0.9164470294445249,0.0
-79.94985457787068,122.50945067890105,0.8376211461470873,0.0
-77.5784810052098,123.2334411922531,0.8831517139503209,0.0
-77.89303171331021,124.03813763868447,0.9574600407928615,0.0
-78.09649612759075,124.25246314247504,0.9850031089346689,0.0
-78.97946585127208,123.83897914563998,1.0058131676725646,0.0
-78.43796735971107,123.3876203589253,1.0102313072913405,0.0
-79.42975047392245,124.08384933968603,0.9211429389658023,0.0
-79.36926963272089,122.53351121984117,0.948519452276947,0.0
-79.84212496231714,121.08342830250282,1.1529636733042565,0.0
-80.77247483195181,120.21796603680369,0.7998361150797185,0.0
-80.40184691186103,120.68822050160728,1.156490103399286,0.0
-79.47664692213597,118.64756744390327,1.0132146318193236,0.0
-78.80319896766119,118.95744166847686,0.9317455207202909,0.0
-78.01805163244275,119.23334028372253,1.060252898621874,0.0
-78.45024669383571,119.1495480893063,0.9689190622675091,0.0
-79.13831455216366,118.2006262179716,1.115086613168825,0.0
-79.61330398397496,119.27642103496936,0.9404018031058898,0.0
-81.66405437500966,121.14605678736241,1.1800839008510424,0.0
-81.97612153695515,122.46036700790971,0.8124178327830255,0.0
-82.79077293593966,122.7798277645365,1.005483922454546,0.0
-82.41455957457606,123.08850249009704,0.9598419148242117,0.0
-82.29115450248037,121.78821604801928,0.9446951434188678,0.0
-80.9784153403563,121.45494333818918,1.1365181100634303,0.0
-81.65168008962297,117.76541508224886,1.0179999861221256,0.0
-82.41330339028858,117.95762729624634,0.7918320312102801,0.0
-82.76509598393844,117.75259803766374,0.9043453451974607,0.0
-83.70458993738602,119.42591602592154,0.9006265245795662,0.0
-83.67579436537783,118.83004606180874,1.0133936443824216,0.0
-83.17942263591068,117.41644691515893,0.9873956707404935,0.0
-83.06586394445338,118.2722254908741,0.8537248840007782,0.0
-82.22776515113496,117.79567786467503,1.2221795912315168,0.0
-82.8413478370406,116.15452650642139,1.0705791008324763,0.0
-82.43355360626656,114.36277155554824,1.1514738591146108,0.0
-82.95879267387883,113.98707960247286,1.0335062571699196,0.0
-82.14336274947684,113.60386324716666,0.9981803134179671,0.0
-81.51585842921114,113.45333140502589,0.8181066983231517,0.0
-82.27732657068064,115.05159914925801,1.1678486203814904,0.0
-81.76793075721409,115.77472100906257,0.8437069498806552,0.0
-82.1848642286034,117.27766329549466,1.0302547914792695,0.0
-82.38323817900395,117.65633519517176,0.9826005020130045,0.0
-82.04703929951438,116.92753520561683,0.7595398046003575,0.0
-81.34179748878266,115.14464883699432,0.9272380759063595,0.0
-80.63063994748367,114.36656779202845,0.9852190895098145,0.0
-81.12221515456957,112.42875841232696,0.8364459197599572,0.0
-81.41835791735384,111.16086785218044,0.9637334125416542,0.0
-81.21466740958118,108.42963133608926,1.0385266052412718,0.0
-82.2110285392753,108.24669065765289,0.9248727791843472,0.0
-84.91663689468345,108.70830454961086,0.9438052937688267,0.0
-85.6950165118435,109.04996161736025,1.1360840761102697,0.0
-85.06656839883513,107.74528177020464,1.0189340429615175,0.0
-85.18449358136756,106.37295672606707,1.099789017955922,0.0
-85.86718036248038,106.13062064268387,1.0202347300303396,0.0
-84.30645229326976,104.69146530398956,1.1835379051335178,0.0
-83.8829674472391,105.07022020984681,1.045813838333052,0.0
-85.117125916516,104.66838770250887,1.1633066199398248,0.0
-83.70154909393354,104.04966681282474,1.087014833432484,0.0
-83.4098087430344,104.40955934850292,0.9773239471092088,0.0
-84.0184999867992,105.3943615166419,1.0489975140193497,0.0
-83.70678821787138,107.08567795604316,1.2246340740416637,0.0
-84.1971694173655,106.36694788121851,1.087027653551817,0.0
-86.60489282346016,105.94925779072979,1.1151855263637387,0.0
-87.04121763875273,106.01151781041561,0.8663165003986472,0.0
-86.23828789429163,105.85012231164386,1.0658259868911493,0.0
-87.79195044691495,106.69930429144546,1.1372776996074732,0.0
-87.31616050966619,106.60444297638315,0.949058929502265,0.0
-87.38594318685814,106.5953530623893,1.183353235994346,0.0
-86.43192640018735,106.64878406486474,1.1235888869566697,0.0
-86.6276941290955,105.632667252721,0.8509395795211881,0.0
-88.2589593993534,107.51033461938188,1.1429276446433374,0.0
-87.95397409723671,106.46392836755282,0.8683985018401975,0.0
-89.5834610133009,106.94382817998847,0.8912870204765868,0.0
-90.31942894763755,105.31340676862386,1.0685884518106874,0.0
-89.83926378148949,105.48002209206982,0.9548975754211217,0.0
-90.40551032505823,106.38257797908274,1.1674441651673193,0.0
-91.00720482511053,106.39969569899884,1.010799020604275,0.0
-91.58356907366856,107.66681851520909,1.1999213315327193,0.0
-93.01160658152942,105.85029161263486,0.8695282652521743,0.0
-92.6899430355633,104.91461946647215,1.0402586847534234,0.0
-91.31311462370724,105.04470706011169,0.9197373452559944,0.0
-92.7238426945608,106.39370575550757,0.8549131627941509,0.0
-92.77635184512651,107.0752809097644,1.0208549204663195,0.0
-94.42041981799208,108.26114144327737,1.1490680734476666,0.0
-95.44665544376264,107.61186624501924,1.0568756303059335,0.0
-94.15229467812364,107.87146805649398,0.9200516798222648,0.0
-92.42720126415112,105.05527107566485,0.9761122454173747,0.0
-91.85269418624735,105.26496353040852,1.0520313771625098,0.0
-92.28228121767226,103.66696560138479,0.92299713153545,0.0
-92.35865158341323,104.37680124316341,0.891167848780012,0.0
-93.41163070449983,104.41368602801568,0.9828804203387018,0.0
-92.00722257680626,104.25413864001577,1.018587484586203,0.0
-91.4957658856487,104.48743978931864,1.037163050158216,0.0
-91.76398884656275,104.97117074268552,1.0140623633308816,0.0
-91.5843108532556,106.77899117212078,0.9976901559132301,0.0
-93.45167041464723,106.83002846109278,1.1629640964564671,0.0
-93.07719112825212,107.49235772842275,0.8955591801028734,0.0
-94.65023638742116,107.1470095742438,0.9510261930629065,0.0
-94.53521471666559,108.60411831868282,0.9582012595283211,0.0
-94.28212239405642,108.85693999506576,0.9710156154629853,0.0
-94.80508793573577,109.5160349885905,0.8638325186957183,0.0
-94.85875564952045,109.58281771925203,0.9447481918800988,0.0
-96.39437010934613,109.92373762969254,1.1047696676104037,0.0
-95.98822205982401,110.08141671688051,0.7481462225967821,0.0
-95.69745673077625,111.32644438574802,1.0391015843468312,0.0
-94.36760851121538,110.20573583346562,0.7443067047725164,0.0
-94.35561738034279,109.05822974411512,1.1238078744726607,0.0
-95.00839876994272,109.28900863801432,1.0716289261860628,0.0
-94.96072872625179,110.54084815334032,0.8647063167031815,0.0
-94.5127529498445,111.9667103810626,1.0754254930618192,0.0
-93.68026137890706,112.04728199976466,0.8193170091379216,0.0
-93.06484338931268,112.28741967034806,0.844408658765168,0.0
-93.91070739948617,113.44422875531711,0.9355375064992791,0.0
-93.89363510726369,113.32361951996504,0.9699946822818832,0.0
-94.1517024576647,113.13078442283972,0.9965408717097332,0.0
-93.23456419053942,111.31357973324324,1.1859100141437047,0.0
-91.58677681656633,110.49509773229133,1.2787332850397695,0.0
-91.48917359366104,110.04457951899118,0.9346110169522002,0.0
-91.71995631719624,110.69774373569825,1.0280717232340302,0.0
-91.50438589312195,108.3107085082933,1.0286151153322869,0.0
-92.18736666900222,106.74853659040808,1.1593702238546097,0.0
-91.97962911037082,107.35317086029397,1.115590072176509,0.0
-92.85949819565504,106.77169407387099,0.9332035981799869,0.0
-93.27728660034484,107.54193734028469,0.8109813799077972,0.0
-92.68085237507573,106.27656697379996,1.1070244604298733,0.0
-92.22489693723948,103.48111020240162,0.9160619457282644,0.0
-92.9963189005507,104.56519813482095,1.1271572767377644,0.0
-92.63484191070644,104.42871748687796,1.0987658392953676,0.0
-92.54549513648722,105.74949916521292,1.004701728487926,0.0
-93.67096161854138,105.99541140067102,0.9761249414970012,0.0
-92.2782833109417,106.25244722537028,1.077580499995892,0.0
-91.3290337227175,107.28187329751027,0.943865171545678,0.0
-90.18793713604896,106.6441928199841,1.2166598375480415,0.0
-89.78108796726235,106.61372104244914,1.0366975115658692,0.0
-89.6897377221582,107.16622280522589,0.9481455459610254,0.0
-90.15139684674396,106.59271827700269,1.0116722090066896,0.0
-89.66417964755057,105.01992123527793,0.9470312506197666,0.0
-90.2041908893251,104.96286655696687,1.0975077125533164,0.0
-91.11366444104603,105.55251796862383,1.084831545472463,0.0
-89.82369044932133,104.16398873892085,0.8758055565196012,0.0
-90.46415857363951,103.69430460641365,1.0141259249189936,0.0
-90.36647300615701,102.71521814398817,0.9595469991257051,0.0
-90.458475811802,100.73558952282,0.9440264966285183,0.0
-89.32616780651539,101.26734266807162,0.9103351122303885,0.0
-88.70370625979176,100.14230410510692,1.0258923293671087,0.0
-87.50587239912696,100.15398031762165,0.7897068478291465,0.0
-87.6060105049631,100.64644032180011,1.026602137448543,0.0
-87.0369689892386,100.48084216511481,0.9052427303482752,0.0
-85.42769841752212,99.7868546895525,0.9672586993121102,0.0
-85.23179254204851,99.80378043915994,0.9091009960409387,0.0
-83.89457990114099,98.73029014482486,0.9116603481359102,0.0
-81.49011595289808,100.62151988748701,0.9818859457527459,0.0
-81.10742366470589,100.27459967859855,1.095117482820256,0.0
-80.9923566346058,101.28189975594482,0.8951449781965988,0.0
-79.89144589546872,99.59166013917515,0.9054276020394451,0.0
-78.55979244720298,98.23077398770893,1.046404839194113,0.0
-78.51343403497849,97.97049940853466,1.065011436696955,0.0
-78.70168785723432,98.389544669624,1.0120354381384373,0.0
-78.53728075729296,98.48046356650033,1.0254799944843906,0.0
-79.50793273153889,98.94115684897461,0.9636513525288095,0.0
-79.53949609605506,98.01165567231781,1.103566204109676,0.0
-79.51163996927886,97.38560729700652,1.2117550515787645,0.0
-78.9908178839375,97.32898973382538,1.0893103293748245,0.0
-78.10266850016376,96.29378250445073,0.9559127484815488,0.0
-78.21218936810718,97.38247740145317,1.0510739276183378,0.0
-80.1229597241905,98.62666524058342,0.8099492455449738,0.0
-80.13735416617722,98.88652593036535,0.9211515631377869,0.0
-79.79240939548325,98.71193614183166,1.1033839021994796,0.0
-80.44883309015802,100.12426612737734,0.827379610461347,0.0
-80.84068055928246,100.43439742577088,0.8552263853350487,0.0
-80.62884611270236,99.59142817930459,0.8087910787908447,0.0
-80.2653899423242,99.23539122930124,1.049223950481559,0.0
-81.54987609888849,99.34561886911739,0.9970659219592182,0.0
-80.93513582778172,98.2382663700808,1.046135767362604,0.0
-79.77078804566366,99.02272015739507,0.9726061141560374,0.0
-79.49470103061539,99.06666903919874,0.8843680018357892,0.0
-79.65242182011734,99.67134577674408,0.7771470844762421,0.0
-79.21833319834519,100.50114846869302,1.0268535561691088,0.0
-78.39110834463538,102.25319978882136,0.9341193286761955,0.0
-76.05937503017005,101.6208673229958,1.018623564224255,0.0
-75.51239207734322,99.23686386431461,1.0862069795631863,0.0
-72.82334267967624,99.02640197498148,1.112449855603999,0.0
-71.74213258859305,99.29518632072245,1.0159987060236582,0.0
-71.50373552788547,98.9610287883049,1.241746513915835,0.0
-71.12519244675578,97.51213546701094,1.0306186239381525,0.0
-69.58824787919062,95.66401574133008,1.0368146255227881,0.0
-70.87320617298894,95.94662933621954,1.0772811283389347,0.0
-72.09578302877091,95.53340454667008,0.9390374975161808,0.0
-72.01080422117916,96.0808105111178,1.0976068718305758,0.0
-72.37043758269712,95.01484445003906,1.0562466433525035,0.0
-71.86501659465642,94.28424856497867,0.9483040775728118,0.0
-71.23224918927153,93.87600851352867,0.9970465781350236,0.0
-72.11931171698551,93.76921123187189,0.9703817409239213,0.0
-72.47661190292787,92.79574317299559,1.2483616803879292,0.0
-73.41625398862212,93.4224552607993,1.0039756681379737,0.0
-72.8905346002322,94.61272779006121,1.0851313815321324,0.0
-75.17174952976866,94.3560190585846,0.8997619391292911,0.0
-75.15545669714763,93.73415028858382,0.9657850668006817,0.0
-73.86902653144575,94.56505534227057,0.8976332773513874,0.0
-73.93663597027377,93.47868019545919,1.0578919824468629,0.0
-72.13290978694353,93.69073911227423,0.9646644383081121,0.0
-71.38873539784956,93.84696478595633,0.9801197822164861,0.0
-71.57719693496135,95.9547913194279,1.0267599900694822,0.0
-70.53507519015767,95.55061179891337,0.9853102753986323,0.0
-69.24432202317587,96.54192555179603,1.0340133640574973,0.0
-69.72901526741967,97.50252030916842,0.8171759433192982,0.0
-70.32502959262662,97.58479114597652,0.9449988801168204,0.0
-70.01713201044785,97.36589873575011,1.0543337265770671,0.0
-68.83656436448419,98.59545702327392,0.8867442933551214,0.0
-68.84840600947746,100.5990498760373,0.9513310355241712,0.0
-69.73133031918326,99.6308373567926,0.972312525940783,0.0
-69.66846353191946,101.38406469338003,1.0015682890487936,0.0
-68.21408978388268,99.85935131472081,0.9330066445001556,0.0
-68.80243286621595,99.54024368619355,1.088758368105077,0.0
-69.40750330330033,101.70988473657593,0.9911270721318025,0.0
-68.16001574626773,102.53848874212215,1.040232252855967,0.0
-68.82585311047774,103.28151095491907,0.9354740520940075,0.0
-69.03555833973115,102.79567647536003,0.9277303410601173,0.0
-69.3135851994372,103.24733182859826,0.9832985248314939,0.0
-70.80254837780193,104.16103796712642,1.0528575371148574,0.0
-70.65250001472803,104.20003803314498,1.0558743236343273,0.0
-71.14527362688919,103.28049635954095,0.9360224790841558,0.0
-70.7262288973594,101.92861329922683,1.2244587453970668,0.0
-71.18608653102909,102.39700710458382,0.9385962275377604,0.0
-70.19745509730087,103.2216914015219,0.9456001227722136,0.0
-70.15448349723792,104.10782480849333,1.1519712057202824,0.0
-71.19597103661577,104.34449343795923,0.8701537266532275,0.0
-72.09310676884435,103.97986836803304,1.1725943025807197,0.0
-70.67810635947741,104.78554243395523,0.9218764330820609,0.0
-70.8536390633956,104.71534698989286,0.9651391202461044,0.0
-71.15910019970826,104.94303004372631,0.9361676530081126,0.0
-70.64921542260475,105.24608280007062,1.0934789577859638,0.0
-69.70668167101567,105.21826570502522,1.0392441989322578,0.0
-68.52556564622094,105.4743046437405,1.2142996362075122,0.0
-70.38056534812739,105.83389413581145,1.0332088736449387,0.0
-70.72889928244109,105.10670900184635,1.084543516503782,0.0
-70.58497368785218,104.02445061619868,1.2355788854710947,0.0
-71.29903204847754,103.98068957879006,0.9336401278777158,0.0
-69.09172835500614,102.81460064126384,0.8927478594131071,0.0
-69.51918130566308,102.9537948329081,0.8778483602910647,0.0
-71.0761791766349,102.38425479073852,1.1140619122328856,0.0
-69.66195045299692,100.78362422632664,1.0902362183131669,0.0
-70.1282144436435,101.47235956237459,1.153192532076825,0.0
-70.42702474719606,104.50816805819922,1.0297873665539377,0.0
-70.87894502473162,105.70632725405919,1.049611928484745,0.0
-70.06324456944813,105.14474377990929,1.0850579932033289,0.0
-69.49971185599681,107.4060109054975,0.8629561504766864,0.0
-70.26688665032755,107.45348936042281,1.0970930290356484,0.0
-71.7865567031511,106.62194471274667,1.0230434715619752,0.0
-71.06658732853946,107.17257536515712,0.9781620457315768,0.0
-70.96805144709344,107.45253731144865,0.9235859987847127,0.0
-71.45971827909655,107.56623042656652,0.8874013948107231,0.0
-72.06796796346887,108.01796248868811,1.145693435599099,0.0
-72.99682555700102,106.81376283095832,1.0934071276425554,0.0
-72.91236681000298,107.04907546378436,1.0143180640802287,0.0
-73.13873283266123,107.51907351855692,1.0714873359270303,0.0
-73.21431837616862,106.64297453852163,1.0317366511571253,0.0
-72.44680341844499,106.60349394078004,0.947708565100091,0.0
-72.66320766777483,108.02367732806556,1.1514623070060455,0.0
-73.35939657660226,109.01422492224566,1.220107148062676,0.0
-75.10780500645983,107.62683991860413,0.8314542620258416,0.0
-75.98041437440489,108.77805189728954,0.9884396667360897,0.0
-75.48986343929698,110.65893763312398,1.0208029839455321,0.0
-76.13009025549964,110.35353593548007,1.1232826155182818,0.0
-75.14086042134008,110.2778830908369,1.002061847219267,0.0
-76.22940686395508,110.58588449261079,1.0223539373248787,0.0
-75.38268976364569,109.9894522824132,0.9464861737406223,0.0
-75.89287533214963,110.14360640548674,0.9621698429754622,0.0
-75.9810840677408,109.7719911987895,0.9838780543124354,0.0
-76.7388813948579,109.99980529588967,1.0458325179225711,0.0
-76.41104214453267,110.32562468799104,1.0118816616463273,0.0
-77.2549314645965,111.5854381072749,0.94106364856641,0.0
-78.24905728306462,112.39205234688973,1.0093201430674048,0.0
-78.73316627186522,111.23054033136296,1.0380561590349686,0.0
-79.93312069631045,112.17054342453903,0.9012078745709543,0.0
-79.33848953904888,111.23502770087768,0.969275987549777,0.0
-80.74025309647097,110.48746978700694,0.996018088869021,0.0
-80.67816512263488,110.75669641853351,0.9058684346104792,0.0
-81.89227336467788,112.24829082879111,0.846408394889162,0.0
-83.521781112487,109.39708183874879,1.0497632175976854,0.0
-84.35181125683133,109.95510789442963,1.0129651696856057,0.0
-83.50680200199284,112.37061009552193,0.9423638889209408,0.0
-83.68576588531683,115.17267568595292,0.9284308533649968,0.0
-83.80555019881338,114.56047803953658,1.0020467529964787,0.0
-86.51045722564925,113.56502352591916,1.069173688491972,0.0
-85.98744148449565,113.56188552272357,1.0230243774930248,0.0
-86.88463775205179,114.00947548417676,0.9532486729811068,0.0
-87.69923218843282,112.52145464036019,1.121430965273946,0.0
-89.13612179043494,112.39029259763393,1.0367118039333811,0.0
-90.69619952842308,112.11044375769937,1.0203803722964409,0.0
-89.07846208747291,111.54726839537203,1.028507003169761,0.0
-89.6421923855067,110.4502807382689,0.9321880399590172,0.0
-91.2935396738604,109.26433459662317,0.983921827598941,0.0
-92.71763348459118,109.07697639715627,1.1709187440187834,0.0
-93.82255714041213,111.54997413610448,0.982119748122399,0.0
-95.31879518705966,111.52232402296455,0.9183855522279658,0.0
-96.57877750897408,110.08245084835544,0.9647665625511624,0.0
-96.73878774347445,110.91845753698117,0.901944874357788,0.0
-95.5897284517346,110.8784307760177,0.9578187485876875,0.0
-95.34525133879195,109.60277839092761,1.0281096089598871,0.0
-94.03686452311268,109.11438590520582,0.9499762843497972,0.0
-94.53634387983828,109.08672315631173,1.1405531241529876,0.0
-93.02139481687655,109.1395611701897,0.965984538921269,0.0
-93.42984892077995,109.31293157587545,1.0176854040040848,0.0
-93.0679868259408,108.88798983989778,0.9458566431401663,0.0
-92.29253247767417,109.04597631221766,0.9774455008748393,0.0
-93.20438287380848,109.12885918361027,1.1983627529515029,0.0
-93.06790309376002,110.17368067853612,1.0789459629903801,0.0
-92.42990363832627,109.97571774379861,1.0234971621618392,0.0
-94.27200725161252,108.34409330273517,1.0102018795818406,0.0
-93.97462344222616,107.22730196751687,0.9116710195850684,0.0
-93.30344452372383,108.48231222028312,1.1131347952725332,0.0
-94.17901058061166,108.92202029478604,1.043625737367209,0.0
-93.49292546006347,111.46117304271182,0.9545368350398316,0.0
-94.66112219076018,111.61162261868944,1.0366944560822726,0.0
-95.80309747273945,111.59236209630419,0.7211433350129094,0.0
-95.20911175248342,111.84131427680217,0.9537876208422514,0.0
-94.90509857670133,112.23550056969913,0.9827763964057835,0.0
-95.60475854694407,112.96020403979385,1.0610204793541775,0.0
-96.45640887799516,113.55962184116729,1.200463249719434,0.0
-96.84141331605896,116.3271103649476,1.089151677628787,0.0
-97.46052446687615,115.30426508188313,1.0985194556256919,0.0
-97.81309736049019,115.22118736634816,1.197320320267799,0.0
-98.4193660261349,114.90811198044408,0.9174111647964037,0.0
-99.1765188019018,116.23614157558745,1.1226548076309097,0.0
-100.19108708618725,114.73047885334219,1.2848548102797064,0.0
-98.45998087073608,114.13913603590544,0.8742352204617747,0.0
-99.05533164630205,113.39254815450734,1.0926465585581293,0.0
-99.55929035507931,111.80032694552082,0.9591126347309984,0.0
-100.11407009434394,111.77257280705726,0.9442209859065684,0.0
-100.66499638571207,111.89254739297179,0.98274873042257,0.0
-101.11022350136747,111.09272079596272,1.0250257514317074,0.0
-101.02486056615263,110.38924012288584,1.0746318267196098,0.0
-102.33067589658144,110.338911183722,1.1942599864539851,0.0
-104.3339362011191,109.52074205611841,1.1901384023691348,0.0
-102.90664209519203,110.67727998516506,0.8965609023985931,0.0
-100.75268421619705,110.44936242248566,1.176604158348303,0.0
-101.04307261049865,110.48127444266947,1.203639282316895,0.0
-99.23847045313174,110.620102457168,1.2700135354082596,0.0
-100.82902575089074,108.67741154540155,1.1145403063276782,0.0
-100.67950865818123,109.96974486283032,0.9187364709784394,0.0
-100.3474375169461,106.36335917623325,0.8777904693012731,0.0
-101.46205964128511,107.39122464374113,0.958821243454233,0.0
-101.99572909113733,107.1274376799617,1.0130853321723388,0.0
-101.15418048447293,108.75488510545053,1.0336294794408103,0.0
-101.99567828775157,107.20657301030816,1.0810987017688953,0.0
-102.93577555336198,105.27620988523687,1.1708706383312673,0.0
-105.15239358471561,105.90113763618648,0.9389920252061517,0.0
-105.04710873061168,105.50240421677164,0.8841987156430154,0.0
-105.40266521926628,106.40156588276484,0.9453853615033838,0.0
-105.76119619491121,106.38316693690781,0.9411491094081789,0.0
-105.79953841727313,105.655416740033,1.0443716109331032,0.0
-104.63031367305516,105.33465906864096,0.9922895792203038,0.0
-105.11978876752751,107.07120912681027,0.9754401184572393,0.0
-103.72972357056302,106.62937211040581,1.006778659770582,0.0
-103.41147639676947,105.86469387004932,0.9960380719698505,0.0
-103.43762315252611,105.66513616069884,0.8336019647478612,0.0
-103.99820330521037,104.1754166592156,0.9557004058278689,0.0
-103.74064900822299,104.91443139656471,1.1010832263606565,0.0
-102.88573197918139,106.297687844545,1.0574610067441546,0.0
-103.53187697905449,106.42923893409589,0.8165221797314428,0.0
-103.97657893221539,106.12774824117915,0.9441014239387402,0.0
-104.02874962152126,105.36384566874277,1.0436231825534845,0.0
-104.51595777447749,105.6244785860102,0.9731949551898523,0.0
-104.23245685914577,105.00988386940112,0.9166764502272947,0.0
-102.8737503196474,104.16135613501677,0.9793915117536454,0.0
-103.58691396897713,105.3914211790735,0.9917952582693775,0.0
-104.83767404424411,103.9889333913628,0.8743919354525119,0.0
-104.9536489943359,105.6121575477019,0.998180659337543,0.0
-104.04037118362791,105.44752511136532,0.8832067516502132,0.0
-104.31289730098896,105.1173559900354,0.96207019435804,0.0
-106.00415702664276,105.0320614174308,0.8711833753006001,0.0
-105.14906733889636,105.81859927203662,1.1142290156392174,0.0
-105.51856273038769,104.60139730273843,0.7983980619191169,0.0
-106.06215691629612,104.80862943944524,1.1724075227719104,0.0
-107.73024247640362,106.50310259787165,0.9970779012986216,0.0
-106.63850514310111,105.29181191482674,1.1449506789083495,0.0
-106.86589787241628,105.02727262220037,1.0969482979788003,0.0
-105.6026009697814,103.99363570442921,0.8755596366881593,0.0
-105.12751559414443,103.49720022545768,0.7805096080786746,0.0
-105.41533962293857,102.61638179614782,0.9684937698937004,0.0
-104.34170431169635,102.21058416696859,1.0566881734596099,0.0
-105.89640926480998,102.84130817122805,1.058802630528011,0.0
-106.58293601975524,103.13459360205839,1.0567430507057116,0.0
-107.58527408150533,103.39869787430186,1.0195965649134435,0.0
-108.71609143896967,104.10285638077909,0.8932354812635717,0.0
-109.34506456798644,103.5428123050576,1.089372735839338,0.0
-110.04237478129293,102.74857051641163,0.9902884324263497,0.0
-110.58221697602315,101.58218301092678,0.8835012425708235,0.0
-112.21636166861542,101.84916128148951,0.9345482914019402,0.0
-112.50277186663972,101.37557439756445,1.0430250892413717,0.0
-112.08706457722697,102.56332099455736,0.9845104279370206,0.0
-112.46519501950455,102.04212056448429,0.9193960092229758,0.0
-113.6492787280748,102.30538063869608,1.0168231095018712,0.0
-112.41771714819471,103.63587714477238,0.9636449391424625,0.0
-111.87827024574612,104.40975766141646,0.844679517374038,0.0
-112.0333858278586,103.99569354635797,1.0006886438287332,0.0
-110.39288373763252,104.2124186038849,0.9992415912535992,0.0
-110.2087800202354,102.73719724069217,1.111529571249957,0.0
-110.18638008621579,102.58337493718412,0.909874888586259,0.0
-109.89135705547432,101.99508055988174,1.0177240510643548,0.0
-111.93700545745789,102.0568365539594,1.0419054907358558,0.0
-112.2799549207671,100.94944923539317,1.0456541817510223,0.0
-112.67366033166009,98.76098505490097,1.0099525662307671,0.0
-112.30771786758295,97.46191771407614,1.055257512541464,0.0
-111.30444312187254,98.86586139193443,0.878445440788266,0.0
-112.90188822729228,98.45738915866265,0.8899034396168832,0.0
-113.83447746307237,98.35645872500919,1.0296736342882822,0.0
-113.87698885598724,96.232797413418,1.02763980277569,0.0
-114.57367492288816,95.76028410987543,1.0083226369916263,0.0
-112.74502951337453,95.66249581628553,0.9338979071753661,0.0
-112.48675523432085,97.38610530024185,1.0389017379286194,0.0
-110.81994940648349,98.0599710820636,1.0527321501061504,0.0
-111.27598339618083,98.24615212058661,0.8567646028795366,0.0
-111.7867728408997,99.48405380821363,0.9799114061669192,0.0
-110.44869184324787,99.798557932464,1.1434776408976195,0.0
-109.71854513114283,99.31711495977122,1.0520984752512532,0.0
-106.82718240457477,100.53362574209036,0.9473978360987426,0.0
-106.53196779470457,99.91188355719375,1.1144097141830809,0.0
-105.98027729955378,97.28475994200355,1.076246271091045,0.0
-106.61036193447384,96.7338869547017,1.1631416433858426,0.0
-107.30155758692794,95.96806920888814,0.8075282161584304,0.0
-106.41841091194617,94.84206627666505,0.9570811677689588,0.0
-104.90033035737189,94.94751035295108,1.1070575699736387,0.0
-104.46712133612107,96.36604020336982,0.9650396124658054,0.0
-104.49656256972108,92.6985112092352,0.9611784470106322,0.0
-104.14675029569672,91.92002478203355,0.9322054549954738,0.0
-102.86748718850166,91.45113623228363,0.9264780795688579,0.0
-102.41586586122008,91.66428532249473,0.9729619558883303,0.0
-101.97869101389468,91.53308639303101,0.7969219600951509,0.0
-101.84444620869144,92.90364652882731,0.9730530814198098,0.0
-101.43425011500445,92.49086871806894,1.0530360006024282,0.0
-101.62832030668588,91.80598300563392,1.0390942422379308,0.0
-100.40032103105383,94.10722648840728,0.9149124971056352,0.0
-101.01600431170691,95.05596810273913,0.9874568809975951,0.0
-101.07366400926539,94.70788446254343,1.001105916424804,0.0
-100.91093091849768,94.97909448008205,0.9244260364915285,0.0
-99.8289292987787,96.96909749165252,0.8569769789469104,0.0
-101.14842415438261,96.79386121294458,0.9026239714776303,0.0
-100.7411512716535,96.21213321657423,1.0596983316219508,0.0
-99.72722938857372,98.22050945724604,0.8004223685913484,0.0
-100.3609456949667,99.41964127204847,0.9692837861090559,0.0
-99.96030453798028,99.14201987890698,1.044220562273037,0.0
-99.86017150368576,100.5306550595786,1.090263267966928,0.0
-100.1131294988965,100.34887969700348,0.8170492078231083,0.0
-99.88849660417982,100.53990126862591,1.0635962625176016,0.0
-98.76009247802328,100.92211043874609,1.0717293108216852,0.0
-99.70368159455292,101.1403617769008,0.9372166491837174,0.0
-98.98591385462048,100.11475089941356,0.9421858908193438,0.0
-100.7689581650606,101.97258288734311,1.0487463184737675,0.0
-99.54336229727316,102.25842800358446,1.0294762728246258,0.0
-101.1188414936195,102.6360992810896,0.8711340939622344,0.0
-101.7171569400892,102.3967726243139,1.0865327415227437,0.0
-101.85972522765171,102.39578529085068,0.8014858289237154,0.0
-101.65223400628068,103.15782923185073,0.9084922636276078,0.0
-100.97436200465691,102.4598937669965,0.8457023404270083,0.0
-100.39376854850418,102.79730992651403,0.9486031006602915,0.0
-102.34603231115223,104.23351762215403,0.9201172257341056,0.0
-102.51584088002399,104.57390834300885,0.8343742544329701,0.0
-102.23016517713857,105.39309686071763,0.8759656498386202,0.0
-101.13869218615818,105.39739995279618,1.1420344190423912,0.0
-101.83814046083067,104.80182656036303,0.9020684980125317,0.0
-102.65951260885498,105.3683756392213,1.0912472828713813,0.0
-104.19188990325216,106.32723265519695,1.0150797034513601,0.0
-102.56605749949595,106.51255484544876,1.0180312974434544,0.0
-103.10347462354524,108.06680781452232,0.7843699443986478,0.0
-103.30069876105473,107.41057075849939,1.16927316420681,0.0
-103.2811247475199,105.95486508906764,1.0763292121759682,0.0
-102.43327821219587,105.50449720634309,1.0627607304083908,0.0
-103.75809335478901,105.83974512529409,1.1384607450152529,0.0
-105.14955512867444,104.31465530552224,0.8625882355490258,0.0
-105.1435740267743,104.30116463395947,0.8527319968604651,0.0
-105.5195139303428,105.4285324340232,1.0711887855481885,0.0
-102.60116263214229,107.48878514024945,0.9325554077736935,0.0
-102.75586142265604,106.17687079916479,0.988143882168909,0.0
-103.8829067534952,105.99234784444288,0.9824828021172425,0.0
-104.58356106500162,105.70311139377678,1.0356740100466673,0.0
-103.937298377735,105.37464558380613,1.0640954309563295,0.0
-103.53817227086404,106.58486274454476,0.9424736372332327,0.0
-103.97553303041205,106.64464719434001,0.9147795490382723,0.0
-106.13904260050145,106.65439353534607,0.9271727639715873,0.0
-107.17231615805652,106.43771558276791,0.8059188324010842,0.0
-107.48037689403193,106.60009516679065,1.0679304282018849,0.0
-109.1429730488874,108.14470797098093,1.045438522084441,0.0
-108.25009155702116,108.23487388321955,0.9335764870073388,0.0
-108.73113902778113,107.82508729236866,1.0507214240605331,0.0
-109.33202786622377,107.70760461913291,1.0667043454482366,0.0
-108.67946534849261,105.99061801149578,0.9283277563396649,0.0
-108.69445006501147,106.11534190757797,1.0592346492839047,0.0
-108.60863279368922,105.89620019571866,1.1515466385053423,0.0
-107.82129391638755,106.20134750914656,1.0449486769927474,0.0
-107.62239416161285,105.75851987012605,0.9114970339148416,0.0
-107.55748261541336,106.24338432520507,0.8482003235405163,0.0
-108.11769422797289,103.99865884110353,1.002797858240758,0.0
-110.36965470359442,104.81541620253437,1.0865276527780856,0.0
-109.79829183428372,105.12533305418313,1.0242883638707434,0.0
-109.34268165369978,106.13377282965703,0.9135789861301616,0.0
-107.98134184911983,105.97768882392356,1.068251738459454,0.0
-108.28735611265891,106.65566776683077,0.8300609632798617,0.0
-108.26019068498769,105.39414334696146,0.7573170672308546,0.0
-107.25942773742418,105.10892338464487,1.0165845772969349,0.0
-108.26181254700515,105.55451291664455,1.0339934693167379,0.0
-108.84716174740356,104.30459606026864,1.1301007999469341,0.0
-107.66025112375033,103.57545368581876,1.0839137034346389,0.0
-106.79766247076574,101.21831830490673,1.0378949218584357,0.0
-106.25847246539492,101.61122542858537,1.0114789061846834,0.0
-106.46696031397067,102.07958052834708,1.151268595287097,0.0
-107.46220236438732,101.25351462066416,0.9754552917058963,0.0
-105.63615628050137,101.47314591323193,0.9162044509550666,0.0
-105.31066598372966,101.55233819430232,0.8861704854340873,0.0
-104.52294110610916,102.41372351348028,0.9340530737239945,0.0
-105.58099112187527,102.65145681265868,0.9119065242573213,0.0
-105.0730193279891,101.82469657417408,0.9076007046113701,0.0
-106.6239454574101,102.92572307830093,0.9061375444585767,0.0
-106.57188198864922,103.9846668000338,1.1578189514917567,0.0
-106.3334350880161,103.67760237144157,0.9524070906855406,0.0
-104.86204350400139,104.46018408386828,1.0005282064624925,0.0
-104.80055183946403,103.94759143218741,1.0439675025533122,0.0
-104.499571960032,101.81133663399244,1.0261130726408298,0.0
-105.91278701780563,102.4157354061568,1.0231805520865422,0.0
-106.61312220308001,101.59681597615877,0.9459176730388791,0.0
-106.43351439976527,102.42599388342961,0.985833719231875,0.0
-105.69330791843825,100.82143120217027,1.0606586366581943,0.0
-106.9477604048759,100.70728081946379,1.077052967317282,0.0
-106.64948194124008,100.47603997313655,1.0327206079703473,0.0
-106.23955582566596,99.13355607767897,1.0536341217669314,0.0
-105.44669964223469,99.96440274274428,1.0261881225570768,0.0
-107.81933685395732,100.54210681856557,1.2226097479211404,0.0
-108.04144651648288,99.09298511585904,1.20817387600756,0.0
-107.22141441697961,98.49614747050886,0.9887736635764335,0.0
-108.344496090037,98.73597375538219,0.9693867925905105,0.0
-108.53287389730423,99.34857866988571,1.083968382684093,0.0
-108.39757472229113,98.47664210345228,0.9960416967434794,0.0
-108.27976287154608,97.80681007844265,1.0688938470366642,0.0
-106.91421086246746,98.05999719940388,0.8870915239967327,0.0
-107.98289759460795,98.16963624884218,0.7106051935947953,0.0
-106.2036168438896,100.41053154409761,0.9075674111054876,0.0
-107.42429282870471,100.92480023457053,1.0326161874212545,0.0
-106.90999894862179,100.8360820139539,0.9366838899885839,0.0
-106.78738782508536,100.69005862025311,0.9791413564084969,0.0
-107.41738467632706,101.33844497288015,1.042259054046227,0.0
-106.90188576369104,102.26731716478129,1.0115243289045113,0.0
-106.81206305036292,101.76371917502945,0.8295922016623507,0.0
-106.56709197973169,102.8911109627766,1.0178489093447112,0.0
-106.31677592652554,102.80185308911685,1.0711868942383462,0.0
-105.68349942318255,103.85711379522195,0.9620399668851682,0.0
-107.08173785675187,104.59999979645954,1.0550275432981202,0.0
-108.59867950499955,105.28392135494549,1.2399823531607712,0.0
-107.56485988540531,106.53936193195565,0.9570903004773041,0.0
-107.80908071176235,105.52936949339055,0.7940420260604562,0.0
-108.2734589748192,106.7165151604505,0.9934221020253187,0.0
-108.60767777407155,106.61972348497011,1.0393136735033752,0.0
-110.3524723283706,106.43817269793506,0.9700996325557925,0.0
-110.07011304777234,104.98447170958462,1.0117687944620781,0.0
-111.86317211489285,105.11763240245816,1.0647192935462517,0.0
-112.15001028540483,103.58457257141565,1.0321286309462234,0.0
-110.30445924382038,103.41898464813865,1.1159553464754235,0.0
-109.09080560207045,103.41733498713245,1.0067459222265092,0.0
-108.77416099595553,103.26909884310508,1.0855092570162772,0.0
-108.28149962394085,103.66059801142013,0.9762098212379434,0.0
-109.31846400876313,103.30887091836784,1.0143603436291564,0.0
-109.19571327284733,103.54311354967406,1.0622326364609718,0.0
-108.37450299946421,102.79896573905948,0.9668545943931911,0.0
-107.25842873046444,102.3231302326212,0.7842578399619334,0.0
-106.59783418413207,101.68583703691841,0.9687269533846293,0.0
-107.44635097733644,102.39156802398944,1.0621386681770277,0.0
-107.22298687785619,102.06120415574523,0.8446761783732704,0.0
-106.70986582576839,102.41015904706774,0.9718879363037978,0.0
-105.3977168017346,101.82396260634916,0.9537091181639701,0.0
-104.74990179712678,102.41868282811203,0.9317740516562385,0.0
-104.63727542202929,101.89986804430853,0.8694470915798439,0.0
-106.25780061414397,101.27628673201585,0.9682964594661647,0.0
-105.27393353157453,100.35780050557813,0.8313888657627438,0.0
-104.17063335516973,101.47532721738408,1.1530670271617538,0.0
-105.88936430907938,101.75091444200858,1.275208070573523,0.0
-106.1193279707876,101.68902699520866,1.1654737365438683,0.0
-103.30878874336526,101.0477526008673,0.9521977547781403,0.0
-103.61950781499556,100.41589996172515,0.9017302599248241,0.0
-103.18790598176264,99.40928705319074,0.9980798944400177,0.0
-104.4390222190772,97.72319200658914,1.0608884210471596,0.0
-103.32480482049169,96.26068328514603,0.815484836575023,0.0
-103.54027191764146,96.52409955335384,0.9050674449941173,0.0
-103.23909816695351,95.34491308667657,0.8921491920758137,0.0
-103.25143768167298,93.97470070142839,1.024176121783309,0.0
-103.07344143386895,94.65447965346837,0.9321470598414558,0.0
-104.23035368364977,95.1907817653289,1.0663486398270337,0.0
-103.44683996322496,95.0458784300191,0.9330973278256315,0.0
-104.5659870509366,93.99013890247906,1.0301472804979073,0.0
-104.92271851657905,94.94535409196686,0.8848040820924294,0.0
-105.64198776188229,95.27808485175494,0.8948289776151113,0.0
-105.9906728464665,96.69916806535196,0.987690539808047,0.0
-107.8605040912839,96.83860925548947,0.9666069373621652,0.0
-108.45285869416448,95.59526436502219,0.9974775712973407,0.0
-107.65292315906537,94.17307458592853,0.9824490160243253,0.0
-106.94095493633712,93.09248984101947,0.9812347960968573,0.0
-106.44628817563353,92.68974365518197,0.9046084333195321,0.0
-106.69931864712335,93.95420815079962,1.1251713757277062,0.0
-106.517771098746,94.2147974088992,0.9895729882562807,0.0
-107.0391577205821,94.3922524309884,1.1310682578177038,0.0
-107.77793235514646,95.8343501863192,0.8287413624657409,0.0
-108.77546905763361,96.38768382997762,0.8821824244921044,0.0
-108.86751165539516,96.92381793293583,1.0136644493506235,0.0
-109.29819362189994,97.6355929532562,0.9766006816947667,0.0
-108.4212556122776,96.8851480011707,1.2438223258674084,0.0
-106.75014031423764,94.93631266961293,1.11174702995881,0.0
-105.44985933737605,95.21400541686494,1.050976480529481,0.0
-104.48474562253365,96.13205598274871,0.9543418691419623,0.0
-104.75411731309784,96.26213871550924,0.8388640249287866,0.0
-106.41977417441352,97.93228165039565,0.9537343252383955,0.0
-106.62468168401868,98.5252452137542,1.0427230747421643,0.0
-105.45431658145043,97.90331014969806,0.8394944532962975,0.0
-104.97399677899209,97.58630464393026,1.048646739397389,0.0
-104.28345536008531,96.19933341426524,1.081393944779209,0.0
-103.74966027902649,98.08320666034898,1.080536308188989,0.0
-103.97980429625001,99.19802069496633,0.8497193977990142,0.0
-105.09879323680639,98.73496368937633,1.0421860111935248,0.0
-106.27651835448279,97.84922062061752,1.1034113790073337,0.0
-105.79824785031661,99.48044139756192,1.1609001215947203,0.0
-105.03333680492351,99.52587106137825,0.9578118592993935,0.0
-104.43721246140898,99.86843547721966,1.001792997891336,0.0
-102.88937448085126,99.57985448825832,1.0376107581896705,0.0
-105.5542672788549,98.3286899657295,0.7370656069188888,0.0
-105.60722154125038,97.19438746030016,1.0369490780857296,0.0
-106.98679756083338,98.76725403128029,1.1860679915932977,0.0
-106.35832507042784,99.07748727587403,0.8129658216815723,0.0
-107.07414955954266,99.13984171283434,1.1051878910706994,0.0
-105.88920490529537,97.50006252022052,1.1801130455578677,0.0
-105.30468758458137,97.30699097464588,0.929560820179119,0.0
-104.93168621939783,96.46191330355143,1.003140453163174,0.0
-104.43138993731118,95.01209668226171,1.1257256320339875,0.0
-103.86549558532033,95.13990737911706,1.1628111979913678,0.0
-103.98644513412343,97.57373043376693,1.0794647256465852,0.0
-104.75180442662948,94.85439186166552,1.0116598748301735,0.0
-103.31348066644883,92.86597329761297,0.9595786740260829,0.0
-103.53288935823798,93.42175066620875,0.9650465114820689,0.0
-103.82347152655717,92.3357167249177,1.0588172848097666,0.0
-103.8235373710058,93.29169836562522,0.9057290901909937,0.0
-104.91274541336372,94.65569874029471,0.9573876755596411,0.0
-103.78543237202636,94.58342548758621,1.1004291693054489,0.0
-103.91802264109637,95.5959964784583,1.0023784703555318,0.0
-103.86420471887405,94.23564393639786,0.932045796861319,0.0
-104.2268059961621,94.1219481767035,0.9632554809586508,0.0
-105.45872987968582,94.8466638867177,0.780057415498434,0.0
-104.71131279585458,95.54096248813686,0.9670693397639916,0.0
-105.36440305375258,96.85420952362425,1.0388018420543819,0.0
-104.82443245446744,96.05060028538902,1.1427503709309998,0.0
-103.49357127170583,96.51939090201525,1.0547022554525576,0.0
-103.24780322828754,98.01265173230759,1.076644008509502,0.0
-103.99670631794318,97.83020970223316,1.0503452094221801,0.0
-101.72360476792231,98.38780858702866,1.1108979664012315,0.0
-101.33771021925672,96.52958585203912,1.0284756864781943,0.0
-100.6423957190044,99.55949841630127,0.9972147104670335,0.0
-99.88266437411957,99.31061098910179,0.8580248685574453,0.0
-99.83239217492269,97.20993181336428,1.0414084387979066,0.0
-100.29163833838903,97.2666793433633,1.055008265709359,0.0
-99.17360647334225,97.6081160449845,1.102226911789003,0.0
-99.18968120369193,98.62677118888125,0.9245936335100904,0.0
-97.1721042886073,100.6723271165706,1.0447287059647759,0.0
-98.88672785575906,99.97432080836542,1.029136117347178,0.0
-95.49334043491434,101.00522069118554,0.8972529096945404,0.0
-93.28586585966026,102.29393401968957,1.0507384803850681,0.0
-92.68365053800731,101.8183648770799,0.8595265194965176,0.0
-93.29183580051283,101.93215634130136,1.003467085051316,0.0
-94.50225925059115,102.74946903381783,0.7854290128927929,0.0
-95.86799381187072,102.30656683815063,1.2001303309472113,0.0
-95.3528023782293,101.68739256971546,1.0784731570335693,0.0
-96.33766271323333,100.13390085317056,0.8266477929274969,0.0
-97.53253171501446,100.55043967119289,1.0801279008704772,0.0
-96.61209897779655,99.68665782706945,1.0327429557649492,0.0
-96.82522683787215,100.4994191895847,1.0752875995093354,0.0
-96.54850096564991,101.50656117686083,1.0894861569616652,0.0
-97.56675526898626,101.67428113693123,0.868927554766782,0.0
-97.78478391352078,100.98392414675686,0.9173349718007592,0.0
-97.06413722273187,101.49735630158533,1.0211379626340156,0.0
-98.23683170186618,101.48047341228276,1.0357902403368655,0.0
-97.97727636769649,102.6324919422493,1.0289640508884825,0.0
-98.82002444341305,101.89688029814965,0.8999439067859754,0.0
-99.06348707410352,100.05049484004168,0.9982099648640844,0.0
-98.86500585137635,99.98565441633828,1.059257699204174,0.0
-99.18112381821372,99.68797118225127,1.0348798913627952,0.0
-99.96719948263406,99.28004728675059,0.9386133810847835,0.0
-100.86940040960677,98.4018896907674,0.9150321407253607,0.0
-100.57228663776777,98.58265646592552,0.7635104144759559,0.0
-100.19855401848723,97.8590539349578,0.939173565978412,0.0
-100.2070933818656,97.93369952356568,1.158510687646867,0.0
-100.34900120712886,97.41594460199627,1.0627236763205588,0.0
-99.89471368955743,98.11141209286444,1.0866843753698545,0.0
-101.98017945065865,97.78957074731329,1.0899076705162019,0.0
-101.63757911855781,97.10055214160383,1.0895782835958632,0.0
-101.14126371130578,95.0628940354785,0.9209346417078598,0.0
-100.3720466118315,96.2884565191623,0.897167330940648,0.0
-100.43749066742949,95.29971315473371,1.0065871530136654,0.0
-99.79940826634429,95.12034349640837,0.8885022418673487,0.0
-101.67089001310066,95.5441719719118,1.0075659741785956,0.0
-101.81419614040723,94.14820361427839,0.9215146218944719,0.0
-102.24996715858097,92.75211020678478,0.9741717522768079,0.0
-101.14355747677861,93.14075941098768,1.0336341760753107,0.0
-100.79498905797527,93.23363638602373,1.0050048763767236,0.0
-102.102891814017,94.21936644513136,1.0601714422449338,0.0
-102.24162045488389,93.30017313057412,0.9416566919623894,0.0
-102.09111673711355,92.12211971971114,0.9730337028682118,0.0
-102.63243654503384,91.4881260800525,0.927254942963674,0.0
-101.25148413098188,92.94123108181142,0.8477651591776376,0.0
-100.93246021269789,91.49771303153736,1.0507846466307151,0.0
-99.58254901818923,91.79505562708361,0.915563932807434,0.0
-100.4429698524542,91.44347895876233,0.9095455845042273,0.0
-99.22878975237445,90.24459070783661,0.9610153985623321,0.0
-100.86822573946546,90.97587218524498,1.1491357247310896,0.0
-101.99710605018349,91.51821465011145,0.9302074681243767,0.0
-100.8303017390982,91.14020661177197,1.04353043184944,0.0
-103.54063459894637,91.17544565825338,0.879097976390653,0.0
-104.66343894704545,90.2724627228252,1.1487427359204636,0.0
-103.06689180335408,88.77351398540569,1.0691988618122386,0.0
-103.19147647571182,89.32543126864425,1.086802884747665,0.0
-103.49251937712819,89.1313612570475,1.1955881674361941,0.0
-103.41277122103828,89.00993177009146,1.0033009000082693,0.0
-102.62567814746791,89.56899764532204,1.0409916280114018,0.0
-102.83683979096253,89.10726152740794,0.9903242386290557,0.0
-102.77433721395681,88.6334542627344,1.0531113417598015,0.0
-103.21272279490547,89.81164944695175,1.014808023359914,0.0
-103.1205870437717,90.59038718369965,1.0100276144392135,0.0
-103.58432983688952,90.35032869635408,0.9327193654457011,0.0
-103.28738410190545,91.64073335250787,0.8445546578888947,0.0
-102.64932536032647,92.1098184905892,0.9730625177311654,0.0
-102.62087333343783,91.73772698986663,0.9496608834413306,0.0
-103.66024307792036,90.71626361383004,1.028053549625042,0.0
-103.28668959069118,89.16049907107532,0.9657109929119829,0.0
-102.55208607458856,88.85213377423877,1.0088545495223584,0.0
-102.60494326001361,88.16412378490162,1.0146807866819902,0.0
-104.09319415938494,85.9797599023398,0.9967218963125349,0.0
-102.66346021312364,86.0633008164876,1.1041138831636959,0.0
-100.74651284179622,89.22975808879605,1.1820472188904017,0.0
-101.36354757090695,87.43067301297215,1.041813338889364,0.0
-102.1723698921631,87.51261720994977,1.0011083554018028,0.0
-103.4068480460925,87.70140163157761,1.0215030492881814,0.0
-105.34928795246918,88.0114772365211,1.0366287736413482,0.0
-106.95383824629853,89.50748284917006,1.1836895267994187,0.0
-105.80925955379047,90.7654491189228,1.200231571141121,0.0
-107.2530751294281,88.89114994500169,1.006392014907522,0.0
-107.01013911334682,88.44129040828187,0.909822820000066,0.0
-106.5269838283739,88.24323059597204,1.1429465440933724,0.0
-106.4876871073463,89.35085815216125,1.057137383242857,0.0
-107.37466540817935,87.29787542711546,0.8272706455966938,0.0
-106.22139112869542,86.9212196393685,0.9572046758208068,0.0
-106.61116261649258,85.49490193915139,0.9350741182302612,0.0
-106.57774881852902,84.5848077740853,1.0389307477519485,0.0
-106.61944111340242,82.91565633788578,0.9422008555151884,0.0
-105.97297436281052,83.6101865592912,1.0372838824506343,0.0
-105.3081239058687,83.41937056411054,1.2894058584601131,0.0
-105.20739197867046,86.04833185413948,0.903605640059367,0.0
-104.73933781757883,85.70696097544176,1.0079257828404669,0.0
-104.03951285198347,86.57894552271493,0.866864623949092,0.0
-103.3925926886577,87.68078544919668,0.8960591592380269,0.0
-103.41425135467945,88.69612184263693,1.0941951717925582,0.0
-103.07435446782488,88.96031175610466,0.8424865117842836,0.0
-104.53191548070424,90.27231621688064,0.8424390539402047,0.0
-106.17169931142281,91.34001964960898,1.143228324303811,0.0
-107.528803188078,91.41707513392036,1.163162683132387,0.0
-108.18238205520368,92.94221266436134,1.123434719249322,0.0
-106.69047641072335,92.98323688745549,1.03959610734204,0.0
-107.2992283184576,90.76951269033258,1.121979344966045,0.0
-108.8342851485093,90.63564689087424,0.8944042402251507,0.0
-108.49640363716935,90.56604477824199,1.086403793763732,0.0
-106.2010780349745,90.03643802986971,0.7529253172353225,0.0
-105.58198517910863,90.29286576446621,0.9331159983917645,0.0
-105.1219798624418,90.21471758269077,0.8924515875842657,0.0
-103.77447846351767,89.51900196341369,1.2551005174657142,0.0
-105.34686360219898,89.20101935896517,1.157084207266425,0.0
-104.91938419173074,88.52879085247005,1.02912079170162,0.0
-103.25794751784935,88.21819859490125,1.1159712714317902,0.0
-103.49009973618706,90.06377223830381,1.0790698338626186,0.0
-105.07685710732407,89.48863512034559,0.9933195890590921,0.0
-104.68530831435406,87.78761366393925,0.9128101283312215,0.0
-102.5848975130726,86.80309327436238,1.1169611814509286,0.0
-100.36798735843436,87.7408615541516,0.9317656757125918,0.0
-97.83339862897576,86.71801828470628,0.9459507003394457,0.0
-97.82136342690079,87.74612877921993,0.8817307204004096,0.0
-97.37352295689145,87.10286342380464,0.8231527436223,0.0
-98.25866372159369,87.73335205828889,1.077732096461631,0.0
-97.18318481251272,87.02145513473047,0.9964606806959975,0.0
-97.89322177639006,86.11121532393396,1.1324907680870715,0.0
-98.66147072070858,85.53253416051066,0.9227434941420833,0.0
-97.71136206620291,83.84993352282534,1.1460299070545408,0.0
-96.17309873213274,84.84435832942849,1.0244836467807283,0.0
-97.40218398316433,84.3217426139847,0.9131971942214941,0.0
-97.2489129484693,82.4725322543894,0.9038168426848009,0.0
-96.7195060703949,82.711935254304,0.9799519201049657,0.0
-98.33574551979052,83.3674991723961,1.1091520761864744,0.0
-97.9971220872595,82.7900125178275,0.9842166491601928,0.0
-99.51082841488571,84.03583901117824,0.9615814907145704,0.0
-99.8442679972256,82.05147101490772,1.045343252371037,0.0
-100.08195694032537,81.19122111966499,0.8444511905815186,0.0
-100.87891837583156,80.7715189774226,1.083326840063957,0.0
-98.28754855262213,79.79823243243035,1.1311942947155753,0.0
-99.91242450730455,79.46026241992074,1.1700731315220614,0.0
-97.98340839699783,80.35229912125587,0.9244131419939186,0.0
-98.38651516420263,81.04266691457082,0.8448402283350109,0.0
-97.6604550123938,81.468498836886,0.8660045542049409,0.0
-95.57975986974637,80.78648847595836,0.9772912869704276,0.0
-93.19301355691701,81.62429602154735,0.985171157788683,0.0
-92.64622235065141,82.31079329472232,1.041739811486413,0.0
-93.74641689134427,81.65263480242979,0.9556256451485418,0.0
-93.62986621589711,80.03833595866661,1.0715603593449867,0.0
-93.24546462360165,79.42250827574783,0.974611685357949,0.0
-94.88559227986964,80.10940270970495,0.9453753206780622,0.0
-94.56176669853255,80.36546065210415,1.1235991425706178,0.0
-94.34727818962814,81.06230511933016,0.829159374859542,0.0
-95.94128631070589,81.29158263801772,1.0408136045414444,0.0
-96.01982625124074,81.79520151658058,1.0384447326017074,0.0
-93.04136835189851,80.50084032651024,1.15561541470068,0.0
-91.94794817967974,82.30644919002853,0.9534607564016279,0.0
-91.66520015994845,81.53009931165263,0.91746797273817,0.0
-89.71650465646437,81.86038678262722,1.0027021317864666,0.0
-88.86635285712342,82.06449391321014,0.935690497704746,0.0
-90.0857829685157,80.31979679721147,0.9231010470872594,0.0
-90.06092860737624,80.88921896996641,0.8981342690371064,0.0
-89.5708000752098,79.89345718067229,0.8667972625144055,0.0
-90.29062558230797,81.43241127218495,1.1190076188573603,0.0
-89.93075463152577,81.7360261739606,0.9504136890903915,0.0
-89.72043160912747,81.26225261031263,0.8830114906388535,0.0
-89.002707821063,82.48088105603404,1.1791458351399966,0.0
-86.67764631029125,82.86481333514803,0.9909875005745169,0.0
-86.49905780244298,84.23287481314836,1.0049856315011778,0.0
-86.26977594907852,85.87959234181868,0.8929994135235361,0.0
-87.09904166167047,84.94734348525316,1.1447765330150097,0.0
-87.32484472475812,84.96647354182697,1.206369846963416,0.0
-88.2739384550113,84.53836821317316,0.8747493145084583,0.0
-88.22141276345852,84.17531049142713,0.9384645362357757,0.0
-89.21990976885789,82.39284622435137,0.8980322140898501,0.0
-89.3516980049586,81.31984208395794,1.0201764089652445,0.0
-88.77327981849626,79.5198004232866,0.9728908053528412,0.0
-89.091011080806,80.00794043637528,1.0157860119193083,0.0
-88.20357489996191,79.27955492817067,0.9843729704572095,0.0
-89.41082537283023,79.29110819259016,0.8507154222348332,0.0
-88.00426534890703,78.93743349239053,0.9656300999039137,0.0
-88.74548602743786,79.16858182615533,1.008534588545957,0.0
-89.68620752490524,78.62996020767312,1.2647232570854205,0.0
-90.6049468801959,77.62134307482758,0.9193977543950975,0.0
-89.52327195493703,75.17994243126198,1.1088980248565392,0.0
-88.41454003231858,75.67378439540413,0.9440938436219233,0.0
-87.8100867709413,75.33903691611629,1.1574441581704622,0.0
-87.58315957998529,76.94971111421313,1.14087125352906,0.0
-88.86995312248713,76.40262194929392,0.8924564653217699,0.0
-89.23288316965092,76.0624583751427,0.9754092101333792,0.0
-88.54444828814412,75.87991913404169,0.9414228697949086,0.0
-89.37430202883482,75.44448980986154,1.1017874445798623,0.0
-89.52482573546789,76.93649673954936,1.0328214193019989,0.0
-89.03231704671325,78.23130659209036,1.183906762595965,0.0
-91.41593846575466,76.82643909392529,0.9809874138780885,0.0
-90.13758547279478,76.66967858440921,1.0294770204670811,0.0
-91.80294523827183,78.99265400037264,0.9272194955793304,0.0
-92.60772493387122,77.54351693480837,0.8770715697043725,0.0
-94.01744384967273,77.96117755830106,1.0542202947033181,0.0
-94.18831306638198,78.55013271543815,0.8915529948796693,0.0
-94.31129933092254,79.86647830174897,0.8936503507111833,0.0
-95.00545213682577,78.74941853720547,0.8639716300216906,0.0
-94.15972446132966,80.08941954928649,0.9893513403265571,0.0
-94.28093827629499,81.50081585814803,0.9450762880899507,0.0
-93.30854103094148,81.20500312007043,1.1915786818252623,0.0
-91.8889912173712,81.4812268934008,0.922139006568722,0.0
-91.12599200469303,82.0984741463463,0.9235195537128068,0.0
-91.24796358896982,81.3573963397972,0.9706952623860597,0.0
-92.12384577213324,82.15224571291068,1.1924741421263048,0.0
-91.67697303618559,82.86595653999753,0.9758921093351504,0.0
-92.91621517987237,82.47953647872914,1.0129198247393179,0.0
-91.44650799369542,82.13226268280104,0.9627601345661975,0.0
-91.13988707370294,81.51322075324612,0.9028538521944778,0.0
-90.96160185440603,80.78467774751722,1.0434716257076124,0.0
-90.56709827623516,81.82517375636876,0.964605452059619,0.0
-91.16369740138532,81.08405560633243,0.7939445489948914,0.0
-90.48729069035065,83.12940978226732,1.062982326922579,0.0
-89.85992000531334,84.6034070333394,1.090572902641819,0.0
-88.85086938173109,86.51317501549167,0.9435967105472072,0.0
-88.53722236827731,86.84948578805589,1.037094629271587,0.0
-87.88066920191834,88.53557012399328,1.0819228111009438,0.0
-88.4895747821446,90.59469022903893,0.9002318335998124,0.0
-87.7221129296739,91.87309531494846,1.2137252186994405,0.0
-86.33555316683773,91.83123615212742,1.1076339009491944,0.0
-84.65749377777563,90.83137234157596,1.0660139998958171,0.0
-87.39073680126192,91.5337550428914,0.9870426375574685,0.0
-87.75674512332483,90.86356083812619,0.9528104175625687,0.0
-86.21892165955637,91.0831501534452,1.136473462872689,0.0
-84.72169518313926,92.38969826329638,1.104777149633951,0.0
-84.73294075423354,91.72118471917307,1.0384092641463378,0.0
-84.92423238741118,91.54258992256467,0.9280357081288076,0.0
-83.66263255384906,91.25453459595737,0.7833297510949048,0.0
-83.79480303352334,91.428282350694,0.9585493362279778,0.0
-81.70465395175857,91.59578478495051,0.8972358701443626,0.0
-80.20854038841838,92.10981408887831,1.040355113827987,0.0
-81.47127162633555,92.2336010270519,0.9627802263041974,0.0
-81.63847672410323,92.47046820205419,0.9057545592056512,0.0
-80.68661847321124,93.21049611600185,1.2127081866507319,0.0
-78.67155691327733,92.976734815421,0.926459011438281,0.0
-77.33312014248419,92.82490378330256,1.00126485864453,0.0
-77.10461667005387,92.33120162002035,0.8976717253813479,0.0
-76.76124486739303,93.63097515036515,1.0834060966885855,0.0
-74.82300416488104,94.4668644852408,1.1585126422553715,0.0
-73.07231348170811,94.8782282094239,0.8561958224976137,0.0
-74.28040003573697,94.27688245338064,0.952649856047472,0.0
-73.92235098266492,93.79098676293002,0.9375167890813529,0.0
-75.59227400516907,95.0903567527731,0.9066174479232825,0.0
-75.5780025765064,96.53589647739159,1.0410250111695636,0.0
-75.58703154241029,96.14992558343508,0.9139845236954204,0.0
-75.11630194092336,95.94922769845871,1.0900201445745028,0.0
-75.19273313481501,97.5956043211366,0.9586100883431614,0.0
-74.96115825240682,98.78451145825647,1.054909495975742,0.0
-75.44028273845906,98.66237639078362,1.0586736666726169,0.0
-75.80406331168304,99.35071445403169,1.0898597433905413,0.0
-74.97795965275252,98.69630271294061,0.8353476199023642,0.0
-74.28376005765075,98.41783829330555,0.9684425625376702,0.0
-74.9364740896675,97.98908828954278,0.8611607262379021,0.0
-74.75492706685746,99.22476238312896,0.8961270972546449,0.0
-74.66474745895864,100.4200950136296,0.8786634638209823,0.0
-74.0174827186579,101.92417295451865,1.1519211254836876,0.0
-73.75184572447122,101.76466815404397,0.8473896703227167,0.0
-74.48517303466636,101.97991995694484,0.9760861606608606,0.0
-73.6189265568866,101.25924558049489,1.0884027842538093,0.0
-72.5528646558462,101.94120590494025,0.950554734166693,0.0
-71.51395111031586,102.73202114271646,0.9548939750717953,0.0
-72.0131974343591,103.96578809008876,0.8999357423460269,0.0
-72.88134252501263,104.21104515974045,0.8710201124243881,0.0
-72.01777335497053,104.13024809595137,0.8600342925193275,0.0
-73.69706799183746,103.84513962718482,0.8873583349337244,0.0
-73.89439307631872,103.84251491514756,1.1492454808169157,0.0
-74.30261007396402,102.57118149267725,1.3223854079019004,0.0
-76.20689567014229,103.36080637227725,1.0340367377834376,0.0
-77.31190539977274,102.04147561923817,0.9871777402372404,0.0
-77.50919730434073,101.52961207045752,1.0903137306914934,0.0
-75.84872723928083,101.08146994857138,0.9404140267794538,0.0
-75.80521920393426,101.36243895670843,0.8227855694077345,0.0
-74.2699001929625,103.24614507721887,0.9049024148108322,0.0
-74.34199818878673,103.21155371199151,0.854840361365296,0.0
-73.83049614323595,104.30562815952045,0.8981194769238805,0.0
-73.12795416783376,105.08544747361313,0.9882497738806388,0.0
-74.17404016845609,105.2785638198071,1.0541425235761483,0.0
-74.94484737945953,107.96443822854255,1.1132751715663212,0.0
-74.13511193662059,108.92010830835308,1.0776406306844197,0.0
-74.1340142691499,110.04362583893385,0.8335883259802854,0.0
-72.80454157031755,110.04718503318107,0.9887580492483375,0.0
-71.07543469222266,111.33530617256163,0.9189574422041943,0.0
-70.67814429313677,112.10548564222823,0.9249040740272814,0.0
-70.2306467372195,109.77354448003656,1.0555198268211003,0.0
-69.86492205895463,110.41689155407445,0.9507568996686073,0.0
-71.04314393156103,110.5799845616136,0.9354180417043179,0.0
-72.17572008983387,109.61867185431176,0.9718456647765095,0.0
-71.73376138858909,109.42145627443898,0.9703193156836672,0.0
-72.30861322201993,110.28743032197593,1.0057394449288575,0.0
-72.03702200132479,111.2136986099018,1.114204813934282,0.0
-72.6087000987092,110.88628157331256,1.0485422411859757,0.0
-71.84110234709676,109.93761332806507,1.1193275868554446,0.0
-73.36859829332266,109.71417273524985,0.932553385429275,0.0
-71.764610851398,110.78092493166386,0.9673342500405214,0.0
-71.1279198835801,111.83229571148466,0.984443763979744,0.0
-70.32370459359157,112.46340947176535,1.0579187811298,0.0
-70.5643559319413,111.91846494909933,1.117777127723589,0.0
-71.35647988537833,110.54698453416327,1.095250948292597,0.0
-70.69153874231576,109.08178568923822,1.0192559947826205,0.0
-70.04481166043178,111.05154670479547,0.8832680443242358,0.0
-70.87759629527245,112.15234979753713,1.0953811912906297,0.0
-70.74273153323237,112.5835163774697,0.911917594872868,0.0
-71.80889985347406,112.07379647920524,0.8196118063259543,0.0
-71.19324398561727,112.33856557398316,1.2843148693120812,0.0
-71.52903838738689,112.75671470045607,1.0514427170215803,0.0
-71.38950472487537,112.7902933271809,0.9981269467244608,0.0
-72.78482251357575,111.48221826247023,1.0394261699279708,0.0
-71.51899710673537,110.37901666631694,1.1023428714154353,0.0
-71.90802591840566,110.1488701458286,0.9145932982545224,0.0
-71.12182051162398,109.26112434757238,1.0273181908455697,0.0
-70.62082116366432,110.19454276014076,1.1179147164416945,0.0
-71.13776139984408,111.03270093185961,0.9855221639183344,0.0
-71.37801950399195,113.25718530957147,1.0945844551674841,0.0
-71.9594268797186,113.88662717081604,1.0482178712448353,0.0
-71.2693445553204,112.9545041503517,0.949831715135325,0.0
-68.10974173135574,112.04852943888558,1.070943185022511,0.0
-68.49588274413573,111.9376909919576,1.0649671462182824,0.0
-67.20030575237656,113.43996254719481,1.0024593350387365,0.0
-66.98475727024625,113.27168139641215,1.1385239606622248,0.0
-67.18203257448627,112.13001123881276,1.0501845815699682,0.0
-67.1719211663552,111.86127985239297,1.1855021636433742,0.0
-66.7983226064545,112.87852269168077,0.8037469412605414,0.0
-66.34003520318262,113.6914004945909,1.045273592264356,0.0
-65.08340074067169,114.3768063705199,1.037029531666763,0.0
-63.52071925554387,113.54852947618062,1.0071554875243234,0.0
-65.35241139880193,114.20006512285235,0.9463134786956993,0.0
-66.32221270052042,113.35885063919673,0.7921078483012328,0.0
-66.90389068795518,113.3165838331598,0.9350754317652032,0.0
-65.81660499137622,112.04938409278688,1.056150038919146,0.0
-66.82050200711028,111.39484591266842,1.047464440521388,0.0
-65.23214731643046,111.84406772119466,1.1270116780065007,0.0
-65.37461413321783,110.88630010297817,1.0646814318917879,0.0
-65.13609552777679,109.9220906725822,0.9581352437210494,0.0
-64.05927823433366,109.12458372960967,0.9251205311996535,0.0
-64.71391701325247,108.92771090310671,0.9521954276688339,0.0
-66.03272467487885,108.63959644803023,1.0256068209640337,0.0
-64.80902971108598,107.8779501015814,1.1254358804322915,0.0
-65.36288161821884,109.4925939017411,1.0529344042945021,0.0
-64.75505400056792,108.64779169694643,0.8597972096561907,0.0
-65.42019782092332,108.89360358049612,1.290731003784699,0.0
-63.640604328375936,109.74841728172346,0.9284063563554195,0.0
-64.17552711207914,110.12003277246956,0.9782400266630804,0.0
-65.19636963129118,110.23859403447443,0.8504240408820856,0.0
-65.48186302067178,110.70587379140694,1.0973708536649338,0.0
-65.24039112227247,111.0624186487109,1.0393540824279883,0.0
-65.09077159405004,111.3820002269163,0.8320865736956803,0.0
-65.43579106048884,110.04180081697893,1.033870477399007,0.0
-65.35492072098003,111.50940067646081,1.0271264721039417,0.0
-64.26692797342812,112.39125458327126,0.9300125451121097,0.0
-64.99084465971919,113.19768994388971,1.002743902812056,0.0
-64.37625582822783,112.74005491823874,1.0802109092360888,0.0
-63.589569265499264,114.97860097097413,1.0396568755830922,0.0
-64.6806248628822,112.83966528021561,1.1785568687871781,0.0
-65.17090508273587,113.46905620509526,1.0182133204069173,0.0
-66.25370893024288,113.95796884273862,1.1206138816188698,0.0
-65.63707294710925,114.31065699525243,0.9624000231697523,0.0
-63.947667490185545,115.20834530652378,0.9032060892160514,0.0
-63.666017161216,115.73575163321325,0.7457994126674121,0.0
-65.2577067021463,116.2124869517176,0.860358357786774,0.0
-67.03264337637917,115.01960994960878,1.0775478467015525,0.0
-68.14985208554658,115.56265882750607,1.0044039557446733,0.0
-68.21279454923753,115.9678729781758,0.9629310026050509,0.0
-68.26181245329867,115.56990522363631,1.1015970394578465,0.0
-69.28707897334556,115.63749443803788,0.7991209830465276,0.0
-69.03477334874997,117.59381132690596,1.252401003579874,0.0
-70.58729185934678,117.2951084720499,0.9731237066899604,0.0
-70.4746277711354,116.63631483624333,0.9923722749829993,0.0
-69.26756999511919,115.66215661641144,0.850684214862935,0.0
-68.13129589165783,115.90796716569213,1.0169162800868539,0.0
-67.69754896547978,114.60178093673267,0.9428957692617592,0.0
-68.60890562651014,115.84007596268222,0.9942161021773671,0.0
-68.71128499831288,117.3438800588086,1.0945244795965177,0.0
-68.8977564894096,118.50964815444246,0.9904872605476487,0.0
-69.12053503773242,118.85764398156394,0.9824477113577844,0.0
-69.58940583873148,117.99535447656035,1.0114358413416356,0.0
-69.37722860937394,118.80213663283358,1.0267340518687995,0.0
-69.25497424120836,119.63320814535699,1.1057005977699483,0.0
-67.4977261296213,118.80587433598392,0.8591832137204611,0.0
-66.19711064015608,119.77164628427683,1.1697059313875635,0.0
-66.22620151271929,120.81361255265846,0.8464204844299978,0.0
-67.28199218156973,121.30171971691192,1.0643292265835993,0.0
-66.82622702158285,120.5257522085019,0.9668932026129077,0.0
-67.70122230060679,121.03923880591567,0.8587428567336681,0.0
-69.08042433920707,119.80738378838613,0.9141210951058394,0.0
-67.58230857879404,120.80845509642604,1.0692715942987034,0.0
-69.20457617824877,119.22110391846536,1.0417293860546206,0.0
-69.36942271691396,119.32618039060283,0.9531851148146574,0.0
-69.91533333024044,119.46739558023204,1.1142384612467247,0.0
-71.68344668426134,118.7449346567342,0.8969516759996645,0.0
-71.1016919056255,120.29874012900157,0.798400322690284,0.0
-70.84749464883556,121.76434638085935,1.1046731712078683,0.0
-70.34057495111989,121.65110493965057,1.1068751578045746,0.0
-69.60113570489135,120.73388302030074,1.156623740080363,0.0
-69.03229992182551,119.57293249322994,1.1120221760089284,0.0
-69.76671136529198,118.6850401468587,0.9223176108999164,0.0
-69.58285557624959,117.72145057403307,1.0317642546937251,0.0
-68.20213682485088,117.13304444976356,0.8631830126981396,0.0
-69.68841194170291,118.87936519669306,1.0452177661470579,0.0
-70.64016004474688,117.68744704546837,0.8025431768000459,0.0
-69.05859733053809,117.36351145239747,0.8367660366988823,0.0
-69.52270061452343,117.37028804375643,1.050278113423301,0.0
-71.85623871738889,117.16693348384588,1.0489110352099784,0.0
-72.49495705251438,117.13837839027991,0.8761251333731577,0.0
-72.57632933860395,117.20062013312119,1.162046798062614,0.0
-73.36170723857938,117.54565284193006,0.985069944726366,0.0
-74.85993600919956,117.98861653826955,0.915914938921868,0.0
-75.362975517548,118.51171062237982,1.0506500275930584,0.0
-77.08532908308591,118.86782768284574,1.0576730157778802,0.0
-77.50509538731109,118.15080534721676,1.0758710799195177,0.0
-78.32629120142916,118.72126390475889,0.9781090281879795,0.0
-78.77351398690149,118.14840104166015,1.0128327666184318,0.0
-80.00651204039758,118.50813982928099,0.8295884573623203,0.0
-80.5176766581485,118.25982656733906,1.0183634560270725,0.0
-81.31174190973422,116.95402426896611,1.0067947768338577,0.0
-79.9875947416832,116.47969398279395,1.0286996988681831,0.0
-81.97577236764702,115.48640095759666,1.0393799111556838,0.0
-81.39278976903023,115.7467093388051,1.2041822519767438,0.0
-80.30515277223786,115.8502145423963,0.9309993723885471,0.0
-81.14706163061521,115.90961183656123,0.9775184097970372,0.0
-81.62579841422749,114.74044930169461,0.9250050050470848,0.0
-80.27626485952281,114.9109308880869,0.7942798579685553,0.0
-80.06542566305855,114.90165138596248,1.1638286760815852,0.0
-79.98812662948966,115.62401799632532,1.1103777456064203,0.0
-81.8306649672073,116.26980788278317,0.9717275212247275,0.0
-80.60363465885287,117.03040490695646,1.0776751965650464,0.0
-79.1253129750259,115.72102493667815,1.0838827101421342,0.0
-78.63266876923417,115.2903074708611,0.9292191588168593,0.0
-78.65183825308232,114.33970843011993,0.9757964167982196,0.0
-78.47666269363182,113.66216082272469,0.946519104338111,0.0
-79.28760804686544,115.31513540465745,1.049855960070427,0.0
-80.01608166706106,115.45028353717827,1.0832813272258996,0.0
-79.2124457916671,114.94062158893811,0.9788793944174408,0.0
-80.89054327983206,115.42782324309805,1.1785571633041194,0.0
-80.68814343490247,116.7245519509022,1.0552843515066557,0.0
-81.40141716957014,116.99389316314021,0.9080928715834231,0.0
-82.27809917289466,117.74632725211993,1.0583594319243794,0.0
-82.80283785097023,115.63305519601471,0.9909931130456292,0.0
-82.12266794707418,115.19541352107804,1.051049230622159,0.0
-80.99900057739558,114.94586776769343,0.9074185191389516,0.0
-82.60499222824615,115.49468996857941,0.9785064057114207,0.0
-82.74487748549885,114.61966056282276,1.0911959980792905,0.0
-80.6864313763195,114.60562005859057,1.2015622211931447,0.0
-80.81289598101922,115.193126732729,1.0554302175432484,0.0
-79.11960443317463,116.05505246940807,0.8720056321240812,0.0
-79.50767683403772,115.0816151619714,1.0566391703186457,0.0
-79.81706943564852,114.8747129537699,0.9775158994314651,0.0
-80.49362479418764,117.30492283951668,0.9455805239567421,0.0
-80.41030532404545,117.24190388390554,1.095251151558214,0.0
-79.40460360054534,117.0824018941056,0.8717572279743686,0.0
-80.22179528269524,116.9945555562782,0.8817959351395752,0.0
-80.65454886466303,117.25281216583488,1.1654400855428366,0.0
-80.60055478235202,116.90091611567404,0.9519596760380095,0.0
-79.05242584365017,117.53904544149518,1.0481304838355154,0.0
-80.01571162158926,117.3550426396489,1.0548907688170626,0.0
-80.45820429848358,118.7786231781676,1.0098587427630663,0.0
-78.99816006524237,118.50517438760693,0.9831278905671214,0.0
-79.26741375698198,117.93756640108265,1.0588906187885816,0.0
-78.9530364657809,118.57278705415818,0.8859446607347452,0.0
-79.43357749316172,119.95348188503506,0.9445651494120241,0.0
-81.18856555413348,120.26960293245072,1.1861754854837376,0.0
-82.00613109872107,119.71954397271595,0.9354139784923916,0.0
-81.25689190741986,119.86303834034533,1.0132473821795132,0.0
-81.34214031238228,119.83551035291575,0.8751870310136953,0.0
-81.9666320889139,117.14937699923888,0.9332283577761417,0.0
-82.54275625025639,118.23574940662259,1.170158781876387,0.0
-81.54022597911788,115.82780051351214,1.05433343500326,0.0
-81.08595636093675,115.05059348240434,1.05080527678554,0.0
-82.12652236919912,115.90354930272441,0.9200441343421931,0.0
-82.08294003584588,117.53483555692276,1.0274624768680483,0.0
-82.91677172682876,116.21734549547212,0.9887891288381615,0.0
-82.1797445815659,117.8456931213565,0.979139961925521,0.0
-82.30367877451212,117.85630073122591,1.0626024941902112,0.0
-83.13219017450497,117.77493850373408,1.0377789517787903,0.0
-83.14819509304067,117.54490782654273,0.8340091625725834,0.0
-82.9883673319256,116.77346534107872,0.9082428336208789,0.0
-83.52968177233993,116.76024507504543,0.9568386317853721,0.0
-82.83955087942216,118.13621833922124,1.0865874282457846,0.0
-82.9662567573875,117.04755534414316,0.9593183554272232,0.0
-81.92872260642824,116.8450125347965,0.8556724924552199,0.0
-81.64553727656812,118.81211521101211,0.9937628802766134,0.0
-81.05557923115185,116.92503024777459,1.0781067967438283,0.0
-80.89678920315271,117.8925985254293,0.9118876176311939,0.0
-80.92834465389238,117.42184023352895,1.0879637461976728,0.0
-81.89477304411355,114.77954850300219,0.960432679065216,0.0
-81.44619837728841,114.74242900659813,1.0091786361923987,0.0
-81.43880511716655,114.87302210578751,0.9998470774422155,0.0
-81.9727810297789,115.78541618305584,1.0882462139823912,0.0
-82.47375359021007,114.0395400023478,1.0148342971557596,0.0
-82.4364588250378,115.1163942891479,0.9714415471998439,0.0
-83.36539929682513,114.19579602612312,0.8811872579292935,0.0
-84.42402224507804,115.54905508366306,0.9410780440240601,0.0
-85.58168493136962,115.19693963874786,1.0458020641629837,0.0
-85.48676149165868,115.02582029853393,0.9337201964393302,0.0
-85.89206754719838,114.95859329282736,0.8738892979669879,0.0
-85.57387216384278,114.87055609797025,1.1224701440834823,0.0
-84.59053737893994,114.00269084575282,0.9317521389127061,0.0
-83.97790853492637,111.74447272468845,0.9102937621463995,0.0
-84.0611186430505,111.76379902902919,1.0509417202025382,0.0
-84.07829470358566,112.78600991008635,1.0089562428840226,0.0
-84.6808316598877,110.57521342957537,1.1692395702300107,0.0
-83.70454686364094,110.50495518131162,1.0425944849481048,0.0
-84.16374622582555,110.96286369392556,0.7807023720927488,0.0
-84.65638408493648,111.82129770352859,0.8657701572572701,0.0
-85.3987747031532,111.54914461928887,1.0102896541028115,0.0
-82.78261729171129,110.91928427117082,0.9833178254252749,0.0
-82.59646855935455,111.43777233291222,0.958626290748258,0.0
-83.86991876032323,111.27084757269427,0.7451903067149395,0.0
-86.06874929114854,111.51576725595108,0.9626283553459449,0.0
-86.46324557250485,111.1784737908256,1.047184300876975,0.0
-85.6370737547207,109.31502003281079,0.8510718609215902,0.0
-86.73214559228347,109.13910135817017,1.051049466169319,0.0
-86.40343798525227,110.7424380319536,1.2622014123916057,0.0
-87.29745559077067,111.36626731069042,1.0904045075214577,0.0
-86.64579871361971,110.3070265244541,1.0758105582336546,0.0
-86.84186548146677,110.08570065746368,1.094715754901154,0.0
-85.91685310610958,110.64052685108562,1.0260536110774179,0.0
-85.08691720789214,111.48613262396259,1.0537051235244739,0.0
-86.28841430615803,112.81950469606257,0.9864627463846942,0.0
-87.13370142587254,112.14966826656496,0.9231552245404361,0.0
-87.42422282231192,112.58910424576108,0.991454680031914,0.0
-86.46158014055214,112.40509994605156,1.1177565522901707,0.0
-84.58100883407454,112.89018013146723,1.0966841388125108,0.0
-85.34790432532778,112.44905788906537,1.0363708847108013,0.0
-87.1567876472081,112.00236360499444,1.0451858327852337,0.0
-87.58358164312779,111.12491917654559,0.9204328956997427,0.0
-89.43737656450249,110.20878440135645,1.024699182282058,0.0
-88.19697666585719,108.55009376612898,1.114570119896364,0.0
-87.16796185890908,105.2547994029175,1.0354135918236103,0.0
-86.3416376586264,106.30219949732941,1.1515233966451035,0.0
-86.62628884244464,106.61259911876598,1.0642051419627385,0.0
-87.11074758952935,106.5712587889677,0.9610454237288816,0.0
-87.19009160012429,105.82014276629283,0.9665917125892267,0.0
-88.13087686656286,106.55637585396383,0.770090534061274,0.0
-88.02992589682908,106.70842808522806,1.0321102680160448,0.0
-88.27759141044042,106.7590447289261,1.021594086135867,0.0
-88.24172246912943,107.37642286592714,1.2027464659676423,0.0
-90.20794552477729,106.3430319680389,0.9803937901868272,0.0
-89.91396779868577,107.83150261112472,0.9242079605678843,0.0
-89.40605674979919,107.10139667827976,1.0034960820420078,0.0
-89.92123171699431,107.06589803769987,0.8973378777103488,0.0
-91.73055435115442,107.16607251813707,0.9719346747653075,0.0
-92.31210096519428,107.54418378711327,0.9613390458121036,0.0
-92.46366660748923,106.665303808566,0.9710011000935944,0.0
-93.70287762124603,108.16805887963925,0.9520484832330199,0.0
-93.55240297749347,109.41151165366976,0.9521144255698912,0.0
-93.83778751450863,109.20954303776017,0.939962424437746,0.0
-94.74791509206179,110.01965318428519,0.9882563354029437,0.0
-94.57389328189346,110.2530012967122,1.0372718877662073,0.0
-94.59119704769435,110.86792125132573,0.9467940708803471,0.0
-95.63207248706068,109.95968415613547,1.0398485741609989,0.0
-95.15217463114568,108.93072134536283,0.9875266636869864,0.0
-96.40610549285837,108.9159067843882,0.8867722586386422,0.0
-95.81589401139266,107.73134371656232,0.8729333291831775,0.0
-95.10803891384458,107.99289406396791,0.9737332768333409,0.0
-96.14114688219641,107.40105086564084,1.0222589204192394,0.0
-96.74831238376281,107.67569214212611,1.2742311792206713,0.0
-94.50554567865953,106.81414090210848,1.0184459331740847,0.0
-95.1046935311686,107.27683464131042,1.082429695116888,0.0
-95.24870460519693,105.60490218286442,0.9371841919684333,0.0
-94.46509117873997,104.94393308405812,1.0648583932951972,0.0
-94.29815772916483,106.23361425203221,0.9897960299244699,0.0
-94.90206660876815,108.25441711698888,1.0319523417828083,0.0
-94.05546060168123,107.76705365865978,0.965535221703374,0.0
-93.31063255277166,107.5364660791165,0.8900115693042361,0.0
-92.90003004430112,106.38847071416528,0.9543163776016574,0.0
-93.2251849792919,105.95191238003471,0.9104203261196299,0.0
-92.76093092100466,104.9402970031975,0.9540803415826551,0.0
-93.82836001207609,105.26299044594667,0.9185998717512233,0.0
-93.28757109912068,104.23081334028195,1.0542119303824562,0.0
-95.92618132362418,103.95681264032577,1.0090936015623753,0.0
-95.75070853050785,105.53489270024593,0.9255544549382729,0.0
-94.93729668683048,106.29345190209594,1.2235925113081871,0.0
-94.76196719025242,106.44455044443146,0.8908729509311106,0.0
-93.11360571307783,106.83264935147183,0.9917082787582231,0.0
-94.28259741082823,106.31870237514329,0.9481418833549264,0.0
-95.78793322869106,106.33438942581682,0.9593201595057234,0.0
-94.41635275505176,105.59362162789813,1.1887162104645668,0.0
-94.24884061238849,104.55518708037528,1.114434082655575,0.0
-92.98163530708796,104.34870310803932,0.9770595752517192,0.0
-92.35554432943877,103.20197073899327,1.0181329074149643,0.0
-94.08751922260728,104.79246771785652,1.040461171887991,0.0
-93.01856125966398,105.58497866273989,0.8360446664524168,0.0
-93.02806146403086,105.13678881569086,1.0635957476879547,0.0
-93.20384291257805,105.9152663880811,0.8601186786784125,0.0
-93.05770486681911,105.32779033803614,0.9693579764918059,0.0
-93.03552156682909,105.33375953065328,0.9946624846047887,0.0
-92.46532488720169,105.64529568146,0.8710176905415311,0.0
-92.30322012655701,106.67502327385671,0.9183289481158485,0.0
-93.9892526563306,107.51748196689272,0.9592439920221006,0.0
-93.34904857852752,109.38562418553926,0.9927591355720549,0.0
-93.09983231352076,110.34152478799996,0.9540754185402568,0.0
-93.5669218436689,109.80660508786794,0.9484133686763422,0.0
-94.16698827853536,111.43662970205578,0.9670250973471395,0.0
-95.02715174842982,110.16720163143695,1.1634141983190267,0.0
-94.82743038226012,108.18925272469971,1.0651829334205576,0.0
-95.26103678688884,108.4744992553081,0.9142826474278509,0.0
-96.33279995398091,108.88383776817378,1.137872724867351,0.0
-97.02562903753557,109.3702068714557,0.9379341617410103,0.0
-96.13828293187781,110.26401644878048,1.016856810198414,0.0
-96.76184283410518,111.00195346047917,0.9084660062495789,0.0
-97.86389413213065,110.53186611068813,0.89171470513006,0.0
-98.3422186838437,109.86935363472102,1.1430329377100301,0.0
-99.50180606735985,111.34830461235138,1.0177670519726214,0.0
-101.20950146092069,110.45810245849108,0.8338784203155117,0.0
-102.08063264934655,111.85255840636965,0.9253509566485092,0.0
-101.54848235708636,111.00672081113225,0.9741701841110024,0.0
-101.44339232245126,110.72213574456731,1.011096838064047,0.0
-100.05674657709321,110.22342958747976,1.146884085545425,0.0
-98.99196266454773,108.29314603402915,1.0665261537897648,0.0
-99.23960397709315,109.21708490415182,0.8064059030543131,0.0
-99.89924048061026,107.28924318191471,0.9545068019586337,0.0
-99.2369397882855,107.14384489018722,0.9029073213903602,0.0
-98.34523497032103,108.39952541030395,1.1204479763887358,0.0
-101.09842335625872,110.06892596211809,0.9739706845305646,0.0
-102.03259094678845,110.57754457760237,0.949811631883987,0.0
-101.98676785521843,110.46846577273394,0.9797327278919187,0.0
-101.36035574803647,111.94254099650864,1.002375916830695,0.0
-102.15245141621837,112.86312467256154,1.0458052023657887,0.0
-103.1125011684499,113.78126450653271,0.9607869243704125,0.0
-102.42936164412514,114.93755937503022,1.0157237122018152,0.0
-102.21077057568041,113.28020880023391,1.0490700843333465,0.0
-102.49585049074634,112.68148299176632,0.8719305987107377,0.0
-102.12728132042231,112.16319401455108,0.9085210199014191,0.0
-99.23294517837998,111.22321098119835,0.9066400358332551,0.0
-98.76428270815056,110.82958068470899,1.035201885778808,0.0
-98.46655600773838,109.9524629654826,1.1807120714162052,0.0
-99.81131754004248,109.87704292375177,0.9466504309700456,0.0
-100.18304200507993,110.51734130297667,0.9957622916652448,0.0
-100.00183623830374,111.98855258996424,0.9232555034705092,0.0
-102.06961396883118,111.87507475900358,0.9384649955433337,0.0
-102.47928755003932,110.69427170015497,1.0403892349475636,0.0
-102.89960065990898,109.60789890098987,1.2257534755833257,0.0
-104.70535131801921,107.12808782745643,0.7904116878032816,0.0
-105.07478373332376,108.378594837727,1.1030370187741205,0.0
-106.50531401976659,107.45714505972532,1.0524677609202202,0.0
-107.7484465952345,106.6192438003196,0.9601677072988679,0.0
-107.51832331374142,108.12763034480572,1.0748386348049777,0.0
-108.07178060651474,107.0850465168423,1.0805717951865192,0.0
-108.52266154023759,107.30936916520409,1.224580486549885,0.0
-108.80013300104817,108.28042086658431,1.0895724148554475,0.0
-109.4780152387066,110.03869693016688,0.8389329624696562,0.0
-108.31960138688628,110.48634935982228,0.9565774510281223,0.0
-108.43203789892283,110.42216243366094,1.0440316170192103,0.0
-107.41701687139876,111.6362176478758,1.173171357196939,0.0
-106.32383881703892,112.29460569178067,0.8627260435979651,0.0
-106.94142647883596,112.8654415516448,1.2688922088648187,0.0
-105.44119706488404,113.2008062180059,1.0045225118842416,0.0
-104.9369192373835,112.23424594285751,0.9978477254280158,0.0
-104.46479782931597,112.52814636481793,0.9514924650037414,0.0
-103.34827504176529,112.7562218711919,1.0583778412128442,0.0
-103.62172547220689,113.44232745044116,0.8820034829598441,0.0
-102.82710584706837,113.88523641544347,0.8631624481423121,0.0
-102.87796949601952,113.55671863305012,0.9228122447833593,0.0
-103.49830780382804,113.68085294867393,1.0564101237975785,0.0
-102.33180504278901,114.62707084690074,1.038980601278496,0.0
-102.77830832516246,117.61097179551187,0.948841333405131,0.0
-104.16175511316483,117.46690852614299,1.038045535191263,0.0
-102.38711755246507,118.2495482142557,1.051437641347546,0.0
-102.89562730407029,117.80666864260027,0.8780877155017824,0.0
-102.72209307808357,118.41751981918675,0.976312199688998,0.0
-104.31068848282004,117.52931762312116,0.8235239821803426,0.0
-103.34819764384616,117.6854851910898,0.9716981350051769,0.0
-103.08837806579706,118.25974614935294,0.9554476560914158,0.0
-103.24601866728733,119.21013360814315,0.8652690069291747,0.0
-104.04781683294675,118.5004670701085,0.9512761272968888,0.0
-106.48136511148074,117.45223414507481,1.0393300451780931,0.0
-106.4075048899414,118.12150380640337,1.0397102897933166,0.0
-104.96558560524704,116.64452268798753,1.0355779837090693,0.0
-107.06748650772892,117.30098784151615,0.9832292437420282,0.0
-107.45167303704014,116.7867521226839,1.1450953571352693,0.0
-108.88501220640815,115.18845143918578,1.1952943146701103,0.0
-108.61350435174215,113.84264215985131,0.992950909612306,0.0
-109.29890315212931,114.6521093410528,1.046607711712746,0.0
-109.46406237456054,114.5572631287183,1.1316887414147283,0.0
-108.64197798251159,116.6900072429045,0.9607220724725899,0.0
-108.54343288044056,118.43778231315636,0.9770783963496356,0.0
-108.490252113812,117.85530471910839,1.0227235184935313,0.0
-108.97293440184228,117.63617101222769,1.010770187198235,0.0
-108.8978621900984,119.22130981720531,1.117155231721049,0.0
-109.37434496820063,120.5199515893469,0.9630703324836162,0.0
-110.08533948798082,119.64259459242318,0.9864882847205224,0.0
-109.96017363253317,120.43377174434713,0.7574519739293455,0.0
-109.0934020356379,119.8218539581015,1.0879227099538022,0.0
-110.59677428868682,120.57371048918645,1.0167047980349462,0.0
-109.8951340839319,121.88690145130481,1.0128572318711695,0.0
-111.02286641690581,123.45636206212943,1.0145998948669253,0.0
-112.23895033042223,123.49968760139045,1.1096317433690708,0.0
-111.27443066222254,123.96023146554174,0.9481864148436386,0.0
-110.09192182546136,123.58792219834456,1.0457509129433487,0.0
-110.44614947708413,123.93409282970403,0.9862117600496109,0.0
-110.12708646038583,123.79845111133326,1.0575692137729795,0.0
-110.15572992635542,122.73820874304195,0.8544871616824514,0.0
-110.30225021664532,122.64368987709022,0.9829140723762414,0.0
-109.62358995263679,123.72322002098043,1.1076557029460548,0.0
-110.52316089743776,123.75626559365647,1.0696780384665339,0.0
-111.18255421129568,122.97734355780004,0.9215843525300453,0.0
-111.92448721777424,123.04768200849485,0.7761584552156815,0.0
-112.85958910679607,122.30456426592067,1.0303691048968973,0.0
-111.9667593041172,122.37946306546836,0.9798344902925618,0.0
-112.25285629949664,123.08159597689549,1.1262401144092395,0.0
-113.301637028359,122.95163990150392,1.013429458234139,0.0
-112.80959063964964,122.35267856088534,0.8820451174825309,0.0
-112.15142266387997,123.14121414964904,1.216776565033145,0.0
-111.10804184861657,122.58992968607573,0.8667972122853758,0.0
-110.09187271366254,121.66589941893183,1.1677741489477276,0.0
-109.45363919761824,122.66697460731285,1.0183692696921924,0.0
-108.78127151300245,123.21596164012959,0.9731634028017132,0.0
-108.66839094762298,124.22275935612198,0.9353015834679952,0.0
-108.22106955654581,124.38479821630654,0.9362368779027778,0.0
-107.94797814207253,124.12051853779242,0.9829319815179065,0.0
-107.56348132773378,124.42104404609971,1.1445564800669188,0.0
-107.2261463030082,124.64997254198865,0.9128057825926614,0.0
-106.84058759574641,124.29995286396144,0.9333357437812141,0.0
-107.89850248598613,124.15248359609463,0.9928341674328071,0.0
-108.09625839927986,126.0225522327894,0.8322919754045213,0.0
-108.36243268680667,125.57849086830568,1.0238233504264695,0.0
-108.71981220625231,124.81276308773634,0.8131015138790418,0.0
-109.98835608975831,123.77567684868191,0.9694002086095317,0.0
-109.56940888367842,123.93235571507256,0.7273043617526065,0.0
-110.73463160372128,124.26897820228098,1.114473936098858,0.0
-111.09302277077515,125.28173044148394,0.950368259119651,0.0
-110.60074819427454,124.36016993161817,1.0502969404190245,0.0
-111.78419596755657,123.70008134648955,1.0529894674276028,0.0
-111.72136318642842,123.59460427416147,0.9650803358844768,0.0
-110.45492088958848,122.27060894886799,1.0769669251728897,0.0
-111.17397877524478,121.37050396481267,1.1094425286510883,0.0
-108.21868548376167,121.80693674244415,1.0530339877058565,0.0
-108.94722028395378,122.08775797442595,1.0282355235211942,0.0
-109.6691239972065,122.58447314911646,1.0453586634191239,0.0
-110.9715024540377,123.57411110179713,0.925229461738176,0.0
-110.91222565051063,123.58828796184964,0.8923924304185733,0.0
-111.66998846904254,123.1278101855954,1.2348875437720428,0.0
-112.27354091158657,125.46955143287538,0.9618931224392308,0.0
-113.11415967657759,123.5206818287555,1.0987838875896978,0.0
-112.72540206578275,125.9909322987544,1.015968833188262,0.0
-112.6054895319115,126.63097807928872,0.9932987368545934,0.0
-112.42238135559694,125.52395110019904,0.9675741107257727,0.0
-113.53044766114407,125.92226293053321,1.114666622411709,0.0
-113.31118975909307,126.75711201884454,1.041953474533654,0.0
-112.21585588398216,127.2748744586022,1.019155467506486,0.0
-110.56052765875557,125.90138090891645,0.8727425527790982,0.0
-112.48009450023581,126.45251328119252,1.0306354837474572,0.0
-110.88669474939293,127.06108332003129,0.9470996971452649,0.0
-111.48686891505231,126.75943166896776,0.8649457529417639,0.0
-111.4769199906448,126.89690067714592,1.0285817090278653,0.0
-109.9206264223299,126.78039321142819,1.1845492180944353,0.0
-110.76787679269744,127.5396530187559,1.18453352566421,0.0
-109.71053332462712,125.9936660725706,0.9781823360512645,0.0
-110.45877990526557,125.33865373407698,0.9646958642595015,0.0
-113.05859834104879,126.69154811947713,1.1919960020523968,0.0
-113.2173231549203,126.99721592999107,1.1630586102252858,0.0
-114.00595996845495,126.70194981635065,1.0637261945636152,0.0
-112.98184287900082,126.25172766655686,0.9536824156558615,0.0
-112.26531454491662,126.76106952893514,1.1387618646163669,0.0
-111.0722638194379,127.89925366343665,1.0255504655373722,0.0
-109.68847468384989,129.37512705196147,0.9628922608123968,0.0
-110.99755271503511,130.07659665776046,1.0417316590201104,0.0
-112.70874788434745,130.70934742696497,0.9688915842219717,0.0
-111.45175590527192,130.79870115991494,0.816971059574828,0.0
-111.17685861764005,130.40477605604872,0.998145228825983,0.0
-111.38682644717014,129.5842307283595,0.9692272959667488,0.0
-112.23304184847457,129.6796253232702,1.203860232210335,0.0
-111.28609390708226,129.53217856811466,1.1503824894049786,0.0
-109.61821110616022,130.50263633639284,1.153871834062943,0.0
-109.72611896002691,131.25062677881067,1.1305345793830444,0.0
-109.78492171613121,130.82272789696023,1.050952345751494,0.0
-109.39290556049843,129.36327799881337,0.8370058964683399,0.0
-110.8640035884202,131.02808079202669,0.8386378637903849,0.0
-109.77039276645736,131.76503539144812,1.0361329034813365,0.0
-109.37971270616416,131.98772761448686,1.1676215428035195,0.0
-109.31484793062369,131.5009031414166,0.9836338067307531,0.0
-109.39480245083145,131.52387234778968,0.9510885935636713,0.0
-108.93270934987646,128.99329707204242,0.8915923982777709,0.0
-108.34325157940604,129.06941779859855,0.9996060541503788,0.0
-107.53289897498549,129.83529798086138,1.0429157374164177,0.0
-107.83515326043913,128.5725091010532,0.9451129277951917,0.0
-108.14467994023855,127.06556768620165,0.9789127518547786,0.0
-109.40887267491593,125.40396337391424,1.0554332704341902,0.0
-109.12436334142097,124.82923543120877,0.8892910545303352,0.0
-108.70379296025739,126.09947969276583,1.0957322676524421,0.0
-108.4674584566778,127.83573444212276,0.9685031224318725,0.0
-106.9355691527291,128.05134667591506,1.0575963893490041,0.0
-107.1354667777436,128.94741308325123,1.0637846151145396,0.0
-105.99879892628779,129.98226670595176,0.9139154981368605,0.0
-107.54428113083415,130.76412171324168,0.8103937083391707,0.0
-107.1380265791701,131.17795995933702,1.1321924194250816,0.0
-106.83119200961683,129.61741825213446,0.9430123078177944,0.0
-107.06361432821141,129.57687813921805,1.1590244194887018,0.0
-108.55336108846144,129.62240188887046,0.9134504022701713,0.0
-108.20938128882463,130.31940931494213,1.002865233901278,0.0
-108.44999259034442,129.2692344365781,0.8572734861496819,0.0
-108.50816659390846,128.92654454354738,1.0301960992784933,0.0
-109.29051753698872,127.80169150205539,1.1350280196761073,0.0
-108.78921722847433,128.21231768429186,0.8608668626914121,0.0
-109.12183447506648,128.31022081234997,0.7693616061642901,0.0
-110.97546495086488,128.24264041983895,0.8649609912328104,0.0
-109.89144224646247,128.0621537038717,0.9498048338326108,0.0
-109.4889758693718,127.27159251183396,1.0729478661714478,0.0
-109.7061142424152,125.49305519684168,0.9380674918052861,0.0
-110.55955787824112,125.85353421275444,0.991054843806481,0.0
-111.26549623787186,125.91082750996009,0.9935598012841256,0.0
-111.86205817288018,124.07552479021373,0.992018713857324,0.0
-113.45852497282065,124.72433258038345,0.8254414644236049,0.0
-113.9928913566233,123.94566118105988,0.9208813703589392,0.0
-114.1228911219813,124.07207975646526,0.9700910699677169,0.0
-115.14061263352242,125.17518331098742,1.0080134643572825,0.0
-114.85373287358219,125.55673416688451,1.112236472481333,0.0
-114.40101955039876,125.65871006409081,1.0691342195429843,0.0
-113.88387360160195,125.8561790905801,1.0278522429258141,0.0
-114.09720510855259,126.53208224012656,0.9556615034832058,0.0
-114.83509484664205,125.88179002258524,0.9191068166641866,0.0
-113.66787079913993,126.17786670263162,0.9085148838715953,0.0
-112.18799517715327,125.89182951896433,0.779249014276052,0.0
-112.2050761538203,124.47522539044651,1.0010828687999345,0.0
-110.1213423552648,125.79704126038226,0.7876365104728731,0.0
-111.02221515817173,126.18297059040893,1.0568149960343522,0.0
-111.71052881307142,126.25264316720519,0.8404236861523455,0.0
-113.47320310090728,125.09863085951967,1.0749328518729568,0.0
-113.31381042120782,124.25696084523464,1.0365190344959647,0.0
-114.69268465841543,125.87329141623619,1.052043615553257,0.0
-114.20334572856844,127.44098823038483,1.0672056773259744,0.0
-115.43427673691077,129.0538104223702,1.088372384451254,0.0
-114.48304055486484,129.88201004166925,1.0365366518784236,0.0
-113.83291859449902,131.87920267107944,1.1098681814506033,0.0
-113.63564374172196,132.81093152176447,1.067838954434517,0.0
-114.18180196397816,132.4692282618093,0.9554157029672573,0.0
-114.82972883721946,132.27977528236326,1.1776913050376046,0.0
-112.95014100316868,133.41574591537616,0.9825010811375936,0.0
-112.4240877377638,132.50617734944626,1.0652518374742157,0.0
-113.01719897350941,133.02623498288023,0.9590711216838876,0.0
-113.5825941252094,133.6269979727668,0.967395607512611,0.0
-112.99909212628688,134.34365269105098,0.9221925511440501,0.0
-112.35244285118692,136.60555989796472,0.9556029745535621,0.0
-113.30227716795567,137.47683311216738,1.0201357859845375,0.0
-114.37750408281333,135.86675268553233,0.8950933223758823,0.0
-113.81331707972573,136.06837912525273,0.9426351221326139,0.0
-114.86474121850213,137.42493028820044,1.0417518144477118,0.0
-114.36087758494719,138.25025433251125,0.8840937715798218,0.0
-113.56879973425134,138.54208044653424,1.0199916771515962,0.0
-111.86485726088961,138.46143135445044,0.8907781493097101,0.0
-112.17101377174477,138.38473786229858,1.0247344896212192,0.0
-112.07434419784526,137.86545325195146,1.0769067205642164,0.0
-110.8968880157449,136.89468948802664,1.1046677853401523,0.0
-110.26316661138284,135.50875719396674,1.0200227499573584,0.0
-111.52513017876727,133.90030185007046,1.0973624230302113,0.0
-110.34996730155784,133.11757607757085,1.0694496555304336,0.0
-111.06194126859668,134.5072166604303,1.1244428131033142,0.0
-108.98309418969006,135.61914619439796,1.172893538319129,0.0
-109.80899024429269,137.35729786199113,1.059216336291246,0.0
-111.20910631818471,138.0738720389215,0.9312875743701019,0.0
-110.95566981041213,138.5252583961683,1.21299191245759,0.0
-110.76201199398568,139.46561979206948,0.887380081941061,0.0
-111.2540454878167,141.42716436248583,1.1454578937910713,0.0
-110.07528948646825,141.52387847437478,1.0470926266829714,0.0
-108.76763899890496,140.95658512294892,0.9483807566915735,0.0
-109.85330780364215,141.7069811997351,1.0227294872854393,0.0
-109.03126817105274,143.35828832995236,1.0133003298700627,0.0
-108.48122697257581,142.37132773617756,0.9849228026867528,0.0
-108.98761715665935,142.57723446132798,1.1496497092802334,0.0
-109.0241406521694,141.08847618191652,0.8696299104899569,0.0
-109.67019614776399,140.37111701096157,1.0225582739654004,0.0
-108.75403917453174,139.64690673053556,0.9613628160964661,0.0
-109.59410756072084,140.05306254134652,1.0158640858557304,0.0
-109.22515746128062,138.62903691167799,0.8991287965885343,0.0
-108.59835521556245,138.40156155449958,1.0568841930280792,0.0
-106.66879434299602,137.5636804064456,0.9772580340787593,0.0
-107.82234357254445,139.21564976872855,1.2584904699187789,0.0
-108.78084350152004,138.91801272178665,0.9362049374881961,0.0
-106.72255775623177,138.64655888109792,1.1849062760930353,0.0
-106.50718527624956,136.73203247919375,1.0330401727003,0.0
-106.72711186243801,138.60391670019325,0.9459186611758088,0.0
-107.01692285672601,140.0029595903329,1.0110507439465417,0.0
-107.91045958449257,140.82234641925382,0.937976401850227,0.0
-109.10095000727208,142.15388539289538,1.080473026260561,0.0
-108.81429251563432,142.38452789427836,1.0576740690270579,0.0
-109.52007811850805,143.45931826343534,1.047335884420023,0.0
-110.75450274870252,145.22878776584253,1.0712060453365315,0.0
-110.45066282489763,144.95805509748686,0.9680863847767395,0.0
-110.08580420167105,145.54872739965475,1.0532448003406805,0.0
-109.53355501366308,146.3966071876784,0.9642323585560005,0.0
-108.74706694141933,145.0456896482886,1.024232395191329,0.0
-107.31422531103603,146.9379283699597,0.9705630132882815,0.0
-107.61308750954096,146.3541615681867,1.2277861783266117,0.0
-107.39187760924632,145.1371807375253,0.8438541094680158,0.0
-107.24097206927968,144.4708733732556,1.0124563526178953,0.0
-105.85202884433562,145.23427794081434,0.9971154595269137,0.0
-105.54763132456955,147.97497758853106,0.9668626265648796,0.0
-107.00954640308154,148.7982366865991,1.035693512903551,0.0
-107.21846118071345,150.65874645371323,1.028615406622781,0.0
-106.66928730554909,149.99197459762934,0.9528379741683853,0.0
-107.80527411442283,149.43167926422305,0.8896186470658153,0.0
-106.89521629215977,150.02920437377367,0.8258514376778368,0.0
-106.93172217542273,149.35944550177408,0.8833254306162929,0.0
-106.88368655324325,148.4990975153779,1.0819131963125042,0.0
-107.19776553212185,149.62016420218532,0.8760934481065411,0.0
-109.00909558012482,149.0203016822017,1.0829450622608747,0.0
-108.83573540696173,149.93255739270242,1.0603953236553554,0.0
-109.20300639551446,149.76972144232337,0.9737451630064461,0.0
-108.94387778852885,150.88191869458788,0.9950141479086319,0.0
-110.18037632354698,149.4147374797471,1.0623439127103618,0.0
-109.9090928799511,149.43523857302785,1.0371283805784526,0.0
-108.61696003006176,150.3292895484409,1.0725500871481985,0.0
-106.99940196192232,150.5659710800395,0.9362275645301963,0.0
-106.92303266559298,151.357094567315,0.8248199805908446,0.0
-106.3382497060601,152.26501202803632,1.0063569601897548,0.0
-107.0019843499163,151.024367519933,0.9788596314940805,0.0
-108.09797422657329,150.32842194100374,1.049940909660449,0.0
-108.08252562030589,151.31101704286712,1.0601713760224738,0.0
-107.37169785475557,151.64871624687058,1.1508027130586096,0.0
-107.21140146099347,150.93509639043367,1.1323642369845595,0.0
-105.98271106209306,151.5708517537711,0.8687226739697697,0.0
-106.24675859617686,151.2785729766551,1.1798153261667381,0.0
-105.51957449565565,149.24698265476033,0.9949018525903254,0.0
-104.85188129359946,149.6620406267292,0.9992085973246194,0.0
-105.17726808475139,150.47840440273657,0.8698158621751243,0.0
-105.89430129970226,150.62196496457605,1.0621528958923265,0.0
-106.78694399856857,151.09064885103066,0.0,0.0
